,datetime,open,high,low,close,volume
0,2024-10-28T09:15:00+05:30,24251.1,24292.9,24213.55,24215.75,0
1,2024-10-28T09:30:00+05:30,24216.7,24224.7,24145.85,24148.85,0
2,2024-10-28T09:45:00+05:30,24147.9,24295.4,24135.3,24287.95,0
3,2024-10-28T10:00:00+05:30,24288.9,24300.1,24243.3,24291.8,0
4,2024-10-28T10:15:00+05:30,24292.65,24396.25,24292.4,24376.95,0
5,2024-10-28T10:30:00+05:30,24377.6,24428.6,24366.65,24419.35,0
6,2024-10-28T10:45:00+05:30,24420.2,24439.95,24393.2,24401.7,0
7,2024-10-28T11:00:00+05:30,24402.3,24408.55,24356.4,24399.35,0
8,2024-10-28T11:15:00+05:30,24399.6,24418.05,24389.75,24405.45,0
9,2024-10-28T11:30:00+05:30,24404.8,24428.55,24394.45,24427.85,0
10,2024-10-28T11:45:00+05:30,24427.65,24433.75,24410.3,24418.6,0
11,2024-10-28T12:00:00+05:30,24417.85,24481.0,24402.7,24480.5,0
12,2024-10-28T12:15:00+05:30,24480.3,24484.4,24453.35,24479.15,0
13,2024-10-28T12:30:00+05:30,24477.75,24492.6,24450.85,24451.8,0
14,2024-10-28T12:45:00+05:30,24450.45,24456.6,24396.0,24428.35,0
15,2024-10-28T13:00:00+05:30,24429.6,24443.3,24404.3,24421.55,0
16,2024-10-28T13:15:00+05:30,24423.55,24459.3,24417.05,24436.4,0
17,2024-10-28T13:30:00+05:30,24437.3,24437.55,24405.15,24418.0,0
18,2024-10-28T13:45:00+05:30,24417.35,24436.4,24401.85,24416.25,0
19,2024-10-28T14:00:00+05:30,24416.15,24422.8,24367.4,24382.4,0
20,2024-10-28T14:15:00+05:30,24381.9,24392.0,24367.1,24373.7,0
21,2024-10-28T14:30:00+05:30,24373.95,24423.45,24372.45,24398.25,0
22,2024-10-28T14:45:00+05:30,24399.65,24410.0,24383.95,24396.3,0
23,2024-10-28T15:00:00+05:30,24393.35,24395.2,24305.75,24343.9,0
24,2024-10-28T15:15:00+05:30,24344.4,24368.75,24330.4,24367.7,0
25,2024-10-29T09:15:00+05:30,24328.85,24378.65,24251.7,24262.5,0
26,2024-10-29T09:30:00+05:30,24261.05,24287.1,24207.3,24218.2,0
27,2024-10-29T09:45:00+05:30,24217.0,24241.8,24193.6,24212.55,0
28,2024-10-29T10:00:00+05:30,24212.8,24230.7,24158.7,24225.15,0
29,2024-10-29T10:15:00+05:30,24226.1,24242.5,24196.15,24222.8,0
30,2024-10-29T10:30:00+05:30,24220.8,24222.9,24170.15,24170.65,0
31,2024-10-29T10:45:00+05:30,24170.5,24209.35,24140.95,24206.15,0
32,2024-10-29T11:00:00+05:30,24205.9,24206.45,24168.35,24192.15,0
33,2024-10-29T11:15:00+05:30,24194.4,24202.55,24178.0,24190.2,0
34,2024-10-29T11:30:00+05:30,24190.15,24246.95,24177.95,24239.7,0
35,2024-10-29T11:45:00+05:30,24239.15,24256.0,24223.7,24231.3,0
36,2024-10-29T12:00:00+05:30,24232.15,24294.55,24232.15,24293.75,0
37,2024-10-29T12:15:00+05:30,24293.6,24310.0,24272.95,24274.65,0
38,2024-10-29T12:30:00+05:30,24274.5,24305.4,24270.75,24303.95,0
39,2024-10-29T12:45:00+05:30,24303.9,24330.55,24292.7,24321.9,0
40,2024-10-29T13:00:00+05:30,24321.8,24346.8,24315.55,24323.3,0
41,2024-10-29T13:15:00+05:30,24325.4,24333.65,24273.65,24308.65,0
42,2024-10-29T13:30:00+05:30,24306.8,24317.4,24269.1,24300.25,0
43,2024-10-29T13:45:00+05:30,24299.8,24321.5,24279.05,24321.5,0
44,2024-10-29T14:00:00+05:30,24321.75,24418.15,24321.75,24417.5,0
45,2024-10-29T14:15:00+05:30,24417.0,24441.6,24412.05,24417.5,0
46,2024-10-29T14:30:00+05:30,24416.8,24444.25,24389.65,24434.05,0
47,2024-10-29T14:45:00+05:30,24433.75,24459.35,24425.75,24445.05,0
48,2024-10-29T15:00:00+05:30,24443.65,24484.1,24440.15,24474.25,0
49,2024-10-29T15:15:00+05:30,24473.95,24476.3,24451.85,24454.0,0
50,2024-10-30T09:15:00+05:30,24371.45,24436.45,24340.45,24383.8,0
51,2024-10-30T09:30:00+05:30,24382.45,24421.05,24347.8,24401.05,0
52,2024-10-30T09:45:00+05:30,24403.3,24425.55,24372.55,24403.2,0
53,2024-10-30T10:00:00+05:30,24403.8,24424.05,24384.25,24418.25,0
54,2024-10-30T10:15:00+05:30,24418.2,24429.3,24380.6,24406.25,0
55,2024-10-30T10:30:00+05:30,24405.8,24416.2,24393.6,24403.15,0
56,2024-10-30T10:45:00+05:30,24402.75,24448.65,24399.1,24443.9,0
57,2024-10-30T11:00:00+05:30,24444.0,24448.5,24418.45,24437.15,0
58,2024-10-30T11:15:00+05:30,24437.55,24466.85,24425.5,24443.85,0
59,2024-10-30T11:30:00+05:30,24443.75,24451.8,24428.65,24450.9,0
60,2024-10-30T11:45:00+05:30,24450.4,24454.05,24432.3,24446.95,0
61,2024-10-30T12:00:00+05:30,24446.25,24448.6,24414.4,24439.5,0
62,2024-10-30T12:15:00+05:30,24439.4,24458.45,24432.25,24439.1,0
63,2024-10-30T12:30:00+05:30,24438.65,24455.25,24431.4,24451.1,0
64,2024-10-30T12:45:00+05:30,24450.8,24462.6,24442.9,24459.95,0
65,2024-10-30T13:00:00+05:30,24458.95,24498.15,24415.45,24429.1,0
66,2024-10-30T13:15:00+05:30,24427.95,24430.75,24371.6,24385.1,0
67,2024-10-30T13:30:00+05:30,24386.25,24409.15,24352.3,24369.1,0
68,2024-10-30T13:45:00+05:30,24369.7,24379.25,24353.55,24365.4,0
69,2024-10-30T14:00:00+05:30,24364.35,24375.95,24321.6,24324.1,0
70,2024-10-30T14:15:00+05:30,24323.0,24358.1,24307.6,24357.4,0
71,2024-10-30T14:30:00+05:30,24359.15,24368.45,24345.8,24359.05,0
72,2024-10-30T14:45:00+05:30,24358.7,24369.15,24345.9,24355.5,0
73,2024-10-30T15:00:00+05:30,24356.7,24363.5,24330.35,24334.2,0
74,2024-10-30T15:15:00+05:30,24336.2,24359.15,24328.0,24350.3,0
75,2024-10-31T09:15:00+05:30,24349.85,24372.45,24271.6,24271.7,0
76,2024-10-31T09:30:00+05:30,24272.0,24278.1,24234.95,24261.35,0
77,2024-10-31T09:45:00+05:30,24262.0,24300.9,24261.8,24295.05,0
78,2024-10-31T10:00:00+05:30,24297.05,24304.65,24267.6,24274.05,0
79,2024-10-31T10:15:00+05:30,24274.7,24274.7,24250.05,24263.1,0
80,2024-10-31T10:30:00+05:30,24262.9,24272.5,24254.3,24254.3,0
81,2024-10-31T10:45:00+05:30,24253.5,24262.35,24235.2,24255.8,0
82,2024-10-31T11:00:00+05:30,24257.2,24269.5,24247.9,24253.15,0
83,2024-10-31T11:15:00+05:30,24252.65,24264.05,24241.05,24250.7,0
84,2024-10-31T11:30:00+05:30,24250.4,24255.4,24232.8,24246.25,0
85,2024-10-31T11:45:00+05:30,24246.5,24247.65,24234.5,24235.05,0
86,2024-10-31T12:00:00+05:30,24234.85,24244.35,24232.25,24236.8,0
87,2024-10-31T12:15:00+05:30,24236.6,24237.0,24212.15,24223.4,0
88,2024-10-31T12:30:00+05:30,24223.35,24229.3,24197.6,24202.4,0
89,2024-10-31T12:45:00+05:30,24202.6,24214.1,24191.65,24208.25,0
90,2024-10-31T13:00:00+05:30,24208.9,24220.55,24202.05,24214.35,0
91,2024-10-31T13:15:00+05:30,24214.55,24218.3,24204.8,24212.15,0
92,2024-10-31T13:30:00+05:30,24212.0,24229.5,24199.1,24226.5,0
93,2024-10-31T13:45:00+05:30,24226.75,24235.2,24205.35,24206.6,0
94,2024-10-31T14:00:00+05:30,24206.5,24211.2,24181.9,24187.1,0
95,2024-10-31T14:15:00+05:30,24186.5,24201.2,24184.0,24185.7,0
96,2024-10-31T14:30:00+05:30,24184.85,24221.3,24173.75,24218.7,0
97,2024-10-31T14:45:00+05:30,24218.75,24225.25,24187.3,24193.4,0
98,2024-10-31T15:00:00+05:30,24191.65,24220.8,24182.1,24210.7,0
99,2024-10-31T15:15:00+05:30,24208.95,24241.75,24189.5,24238.5,0
100,2024-11-01T18:00:00+05:30,24293.45,24367.05,24289.15,24348.75,0
101,2024-11-01T18:15:00+05:30,24348.15,24357.35,24321.8,24326.8,0
102,2024-11-01T18:30:00+05:30,24326.45,24332.6,24303.15,24305.4,0
103,2024-11-01T18:45:00+05:30,24304.2,24307.05,24282.75,24300.55,0
104,2024-11-04T09:15:00+05:30,24315.75,24316.75,24074.55,24076.65,0
105,2024-11-04T09:30:00+05:30,24074.05,24107.65,24056.75,24069.75,0
106,2024-11-04T09:45:00+05:30,24067.5,24068.95,24018.15,24063.95,0
107,2024-11-04T10:00:00+05:30,24061.7,24073.25,23949.75,23972.3,0
108,2024-11-04T10:15:00+05:30,23971.95,23996.15,23932.3,23934.35,0
109,2024-11-04T10:30:00+05:30,23934.5,23960.15,23910.65,23924.3,0
110,2024-11-04T10:45:00+05:30,23923.85,23943.2,23882.2,23884.6,0
111,2024-11-04T11:00:00+05:30,23885.15,23887.25,23824.6,23847.25,0
112,2024-11-04T11:15:00+05:30,23846.9,23898.1,23816.6,23868.45,0
113,2024-11-04T11:30:00+05:30,23868.95,23879.9,23850.15,23871.9,0
114,2024-11-04T11:45:00+05:30,23871.55,23887.6,23856.45,23887.45,0
115,2024-11-04T12:00:00+05:30,23888.3,23951.0,23888.15,23923.65,0
116,2024-11-04T12:15:00+05:30,23920.1,23940.3,23880.75,23885.65,0
117,2024-11-04T12:30:00+05:30,23884.4,23901.05,23873.5,23886.05,0
118,2024-11-04T12:45:00+05:30,23885.95,23889.85,23854.9,23858.0,0
119,2024-11-04T13:00:00+05:30,23856.75,23917.25,23856.75,23905.7,0
120,2024-11-04T13:15:00+05:30,23905.6,23916.4,23866.45,23870.05,0
121,2024-11-04T13:30:00+05:30,23871.15,23904.4,23869.95,23882.3,0
122,2024-11-04T13:45:00+05:30,23882.4,23921.5,23879.9,23914.5,0
123,2024-11-04T14:00:00+05:30,23914.05,23945.4,23898.9,23936.6,0
124,2024-11-04T14:15:00+05:30,23935.05,23950.6,23918.8,23936.15,0
125,2024-11-04T14:30:00+05:30,23936.85,23976.55,23936.55,23952.85,0
126,2024-11-04T14:45:00+05:30,23953.4,23991.3,23953.4,23972.75,0
127,2024-11-04T15:00:00+05:30,23973.6,24008.85,23973.6,23997.1,0
128,2024-11-04T15:15:00+05:30,23997.25,24011.45,23980.8,23990.95,0
129,2024-11-05T09:15:00+05:30,23916.5,24026.1,23908.65,23983.7,0
130,2024-11-05T09:30:00+05:30,23982.2,24012.15,23949.5,23958.65,0
131,2024-11-05T09:45:00+05:30,23958.5,24016.9,23930.6,23998.6,0
132,2024-11-05T10:00:00+05:30,23998.7,24005.1,23965.85,23969.95,0
133,2024-11-05T10:15:00+05:30,23970.0,24036.3,23946.95,24022.9,0
134,2024-11-05T10:30:00+05:30,24022.95,24026.1,23938.85,23968.95,0
135,2024-11-05T10:45:00+05:30,23968.5,24001.25,23964.5,23982.5,0
136,2024-11-05T11:00:00+05:30,23982.45,23994.1,23965.5,23981.95,0
137,2024-11-05T11:15:00+05:30,23981.05,23992.85,23929.8,23931.5,0
138,2024-11-05T11:30:00+05:30,23931.6,23944.6,23859.8,23867.35,0
139,2024-11-05T11:45:00+05:30,23866.5,23883.15,23843.1,23863.05,0
140,2024-11-05T12:00:00+05:30,23862.75,23899.1,23845.75,23874.5,0
141,2024-11-05T12:15:00+05:30,23873.15,23895.0,23848.45,23879.35,0
142,2024-11-05T12:30:00+05:30,23880.05,23914.05,23875.75,23908.3,0
143,2024-11-05T12:45:00+05:30,23908.8,23951.3,23908.5,23918.75,0
144,2024-11-05T13:00:00+05:30,23918.1,23937.5,23893.5,23915.05,0
145,2024-11-05T13:15:00+05:30,23915.85,24051.25,23897.25,24049.0,0
146,2024-11-05T13:30:00+05:30,24052.75,24100.85,24046.25,24073.35,0
147,2024-11-05T13:45:00+05:30,24074.15,24130.65,24065.75,24124.9,0
148,2024-11-05T14:00:00+05:30,24125.8,24170.3,24119.35,24164.1,0
149,2024-11-05T14:15:00+05:30,24165.45,24200.35,24157.75,24193.1,0
150,2024-11-05T14:30:00+05:30,24191.9,24218.35,24172.1,24202.3,0
151,2024-11-05T14:45:00+05:30,24200.75,24205.95,24180.7,24189.35,0
152,2024-11-05T15:00:00+05:30,24192.4,24228.95,24192.4,24207.7,0
153,2024-11-05T15:15:00+05:30,24207.4,24220.2,24189.3,24198.15,0
154,2024-11-06T09:15:00+05:30,24308.75,24343.85,24204.5,24343.85,0
155,2024-11-06T09:30:00+05:30,24344.85,24352.5,24295.15,24346.4,0
156,2024-11-06T09:45:00+05:30,24346.75,24396.45,24340.5,24355.8,0
157,2024-11-06T10:00:00+05:30,24354.9,24414.9,24354.9,24379.25,0
158,2024-11-06T10:15:00+05:30,24379.9,24390.55,24320.7,24324.8,0
159,2024-11-06T10:30:00+05:30,24324.45,24333.65,24281.25,24299.45,0
160,2024-11-06T10:45:00+05:30,24298.45,24371.3,24296.1,24361.2,0
161,2024-11-06T11:00:00+05:30,24361.1,24381.3,24349.55,24369.05,0
162,2024-11-06T11:15:00+05:30,24367.0,24372.05,24353.45,24361.95,0
163,2024-11-06T11:30:00+05:30,24362.05,24393.15,24361.3,24391.75,0
164,2024-11-06T11:45:00+05:30,24391.9,24439.75,24386.25,24435.9,0
165,2024-11-06T12:00:00+05:30,24436.85,24442.6,24417.05,24423.25,0
166,2024-11-06T12:15:00+05:30,24422.45,24432.1,24399.1,24426.5,0
167,2024-11-06T12:30:00+05:30,24426.0,24443.65,24419.95,24422.05,0
168,2024-11-06T12:45:00+05:30,24421.85,24433.05,24405.45,24431.35,0
169,2024-11-06T13:00:00+05:30,24430.1,24466.9,24419.4,24457.25,0
170,2024-11-06T13:15:00+05:30,24456.65,24463.25,24436.35,24454.0,0
171,2024-11-06T13:30:00+05:30,24453.5,24479.8,24453.2,24465.35,0
172,2024-11-06T13:45:00+05:30,24465.8,24489.1,24463.25,24488.35,0
173,2024-11-06T14:00:00+05:30,24487.25,24495.6,24471.8,24484.7,0
174,2024-11-06T14:15:00+05:30,24484.15,24536.95,24483.8,24521.85,0
175,2024-11-06T14:30:00+05:30,24521.15,24525.15,24455.2,24470.85,0
176,2024-11-06T14:45:00+05:30,24472.65,24473.25,24447.65,24464.95,0
177,2024-11-06T15:00:00+05:30,24466.45,24496.8,24463.0,24471.65,0
178,2024-11-06T15:15:00+05:30,24470.95,24500.25,24470.9,24493.9,0
179,2024-11-07T09:15:00+05:30,24489.6,24503.35,24344.25,24353.7,0
180,2024-11-07T09:30:00+05:30,24353.8,24369.75,24326.7,24363.15,0
181,2024-11-07T09:45:00+05:30,24363.3,24382.45,24278.25,24279.8,0
182,2024-11-07T10:00:00+05:30,24279.85,24280.25,24202.6,24221.75,0
183,2024-11-07T10:15:00+05:30,24222.45,24237.1,24188.9,24195.15,0
184,2024-11-07T10:30:00+05:30,24194.55,24215.0,24182.1,24206.6,0
185,2024-11-07T10:45:00+05:30,24204.6,24257.6,24199.3,24252.7,0
186,2024-11-07T11:00:00+05:30,24253.5,24260.35,24212.75,24233.2,0
187,2024-11-07T11:15:00+05:30,24232.65,24232.95,24183.3,24215.8,0
188,2024-11-07T11:30:00+05:30,24215.7,24229.05,24211.25,24217.75,0
189,2024-11-07T11:45:00+05:30,24217.55,24218.4,24198.35,24205.6,0
190,2024-11-07T12:00:00+05:30,24205.05,24212.1,24193.25,24198.85,0
191,2024-11-07T12:15:00+05:30,24199.35,24235.15,24193.2,24222.05,0
192,2024-11-07T12:30:00+05:30,24222.15,24238.85,24211.7,24231.5,0
193,2024-11-07T12:45:00+05:30,24231.9,24239.05,24213.55,24216.65,0
194,2024-11-07T13:00:00+05:30,24217.1,24226.55,24208.55,24220.85,0
195,2024-11-07T13:15:00+05:30,24221.5,24222.45,24197.55,24198.25,0
196,2024-11-07T13:30:00+05:30,24198.4,24203.5,24180.45,24181.3,0
197,2024-11-07T13:45:00+05:30,24181.15,24214.05,24180.05,24208.2,0
198,2024-11-07T14:00:00+05:30,24208.0,24218.15,24202.8,24215.4,0
199,2024-11-07T14:15:00+05:30,24216.0,24217.85,24185.05,24201.7,0
200,2024-11-07T14:30:00+05:30,24202.5,24203.5,24186.5,24190.7,0
201,2024-11-07T14:45:00+05:30,24191.15,24204.6,24180.4,24201.9,0
202,2024-11-07T15:00:00+05:30,24200.65,24205.75,24187.3,24198.75,0
203,2024-11-07T15:15:00+05:30,24198.55,24211.65,24189.75,24194.6,0
204,2024-11-08T09:15:00+05:30,24207.7,24223.9,24067.45,24170.5,0
205,2024-11-08T09:30:00+05:30,24170.35,24207.05,24141.2,24183.55,0
206,2024-11-08T09:45:00+05:30,24183.3,24275.2,24146.35,24191.85,0
207,2024-11-08T10:00:00+05:30,24192.35,24212.45,24159.45,24201.8,0
208,2024-11-08T10:15:00+05:30,24202.35,24215.7,24179.3,24185.35,0
209,2024-11-08T10:30:00+05:30,24184.6,24194.4,24165.9,24171.15,0
210,2024-11-08T10:45:00+05:30,24171.05,24172.05,24153.45,24169.2,0
211,2024-11-08T11:00:00+05:30,24169.45,24173.25,24152.2,24168.95,0
212,2024-11-08T11:15:00+05:30,24169.0,24173.75,24142.85,24146.45,0
213,2024-11-08T11:30:00+05:30,24145.9,24150.45,24137.65,24144.2,0
214,2024-11-08T11:45:00+05:30,24143.6,24146.05,24110.8,24113.6,0
215,2024-11-08T12:00:00+05:30,24113.55,24125.3,24105.75,24119.45,0
216,2024-11-08T12:15:00+05:30,24118.6,24137.4,24114.95,24122.45,0
217,2024-11-08T12:30:00+05:30,24122.6,24148.05,24120.4,24146.65,0
218,2024-11-08T12:45:00+05:30,24146.8,24149.5,24132.8,24142.8,0
219,2024-11-08T13:00:00+05:30,24143.3,24172.2,24133.75,24169.1,0
220,2024-11-08T13:15:00+05:30,24169.35,24183.65,24157.15,24176.1,0
221,2024-11-08T13:30:00+05:30,24176.15,24181.7,24140.35,24151.9,0
222,2024-11-08T13:45:00+05:30,24152.55,24166.75,24142.95,24151.6,0
223,2024-11-08T14:00:00+05:30,24151.25,24156.4,24130.65,24136.75,0
224,2024-11-08T14:15:00+05:30,24136.6,24146.2,24127.75,24139.4,0
225,2024-11-08T14:30:00+05:30,24138.8,24172.3,24125.0,24169.45,0
226,2024-11-08T14:45:00+05:30,24169.55,24171.8,24145.85,24159.75,0
227,2024-11-08T15:00:00+05:30,24162.55,24167.75,24138.9,24156.05,0
228,2024-11-08T15:15:00+05:30,24156.6,24160.05,24104.7,24110.35,0
229,2024-11-11T09:15:00+05:30,24087.25,24106.05,24005.5,24099.15,0
230,2024-11-11T09:30:00+05:30,24098.65,24157.3,24097.35,24145.7,0
231,2024-11-11T09:45:00+05:30,24144.4,24178.5,24128.4,24159.15,0
232,2024-11-11T10:00:00+05:30,24158.9,24161.95,24114.5,24123.15,0
233,2024-11-11T10:15:00+05:30,24122.95,24223.85,24111.8,24223.85,0
234,2024-11-11T10:30:00+05:30,24224.8,24267.3,24217.0,24239.45,0
235,2024-11-11T10:45:00+05:30,24237.65,24265.8,24226.7,24264.75,0
236,2024-11-11T11:00:00+05:30,24265.3,24312.05,24261.65,24309.65,0
237,2024-11-11T11:15:00+05:30,24309.35,24325.9,24298.5,24311.3,0
238,2024-11-11T11:30:00+05:30,24311.7,24336.55,24309.55,24331.7,0
239,2024-11-11T11:45:00+05:30,24331.9,24333.55,24285.7,24287.95,0
240,2024-11-11T12:00:00+05:30,24288.0,24294.4,24235.0,24253.6,0
241,2024-11-11T12:15:00+05:30,24253.7,24262.15,24202.15,24229.0,0
242,2024-11-11T12:30:00+05:30,24228.3,24253.4,24226.7,24244.45,0
243,2024-11-11T12:45:00+05:30,24244.35,24256.95,24224.65,24233.2,0
244,2024-11-11T13:00:00+05:30,24232.8,24239.65,24209.2,24222.6,0
245,2024-11-11T13:15:00+05:30,24223.15,24229.2,24178.95,24200.15,0
246,2024-11-11T13:30:00+05:30,24199.9,24214.65,24138.6,24145.45,0
247,2024-11-11T13:45:00+05:30,24145.7,24155.95,24119.45,24155.1,0
248,2024-11-11T14:00:00+05:30,24154.35,24158.75,24107.15,24107.5,0
249,2024-11-11T14:15:00+05:30,24107.45,24140.45,24080.6,24139.3,0
250,2024-11-11T14:30:00+05:30,24138.8,24197.6,24135.7,24190.75,0
251,2024-11-11T14:45:00+05:30,24190.55,24204.0,24163.3,24167.9,0
252,2024-11-11T15:00:00+05:30,24172.95,24174.0,24116.85,24158.3,0
253,2024-11-11T15:15:00+05:30,24160.95,24162.8,24118.0,24122.1,0
254,2024-11-12T09:15:00+05:30,24225.8,24242.0,24170.9,24173.5,0
255,2024-11-12T09:30:00+05:30,24172.6,24189.15,24133.2,24153.9,0
256,2024-11-12T09:45:00+05:30,24154.3,24233.2,24120.55,24229.05,0
257,2024-11-12T10:00:00+05:30,24229.1,24233.9,24138.65,24164.35,0
258,2024-11-12T10:15:00+05:30,24164.6,24198.7,24161.25,24193.45,0
259,2024-11-12T10:30:00+05:30,24194.2,24201.8,24107.05,24132.7,0
260,2024-11-12T10:45:00+05:30,24132.0,24154.55,24104.55,24141.35,0
261,2024-11-12T11:00:00+05:30,24141.55,24160.6,24127.6,24140.5,0
262,2024-11-12T11:15:00+05:30,24139.9,24160.95,24117.35,24137.3,0
263,2024-11-12T11:30:00+05:30,24137.7,24153.3,24125.15,24131.2,0
264,2024-11-12T11:45:00+05:30,24131.65,24151.05,24124.35,24129.65,0
265,2024-11-12T12:00:00+05:30,24130.2,24141.55,24100.4,24110.9,0
266,2024-11-12T12:15:00+05:30,24110.4,24129.15,24095.75,24102.15,0
267,2024-11-12T12:30:00+05:30,24100.85,24121.2,24040.15,24050.05,0
268,2024-11-12T12:45:00+05:30,24050.35,24053.7,23981.7,24006.9,0
269,2024-11-12T13:00:00+05:30,24006.6,24039.85,23990.55,23993.9,0
270,2024-11-12T13:15:00+05:30,23994.0,23994.05,23941.2,23964.95,0
271,2024-11-12T13:30:00+05:30,23964.7,23972.75,23912.7,23929.45,0
272,2024-11-12T13:45:00+05:30,23927.2,23987.55,23924.45,23947.25,0
273,2024-11-12T14:00:00+05:30,23947.65,23972.3,23937.05,23944.05,0
274,2024-11-12T14:15:00+05:30,23943.15,23973.6,23909.55,23921.4,0
275,2024-11-12T14:30:00+05:30,23921.75,23992.55,23919.4,23944.15,0
276,2024-11-12T14:45:00+05:30,23944.7,23962.3,23925.8,23926.55,0
277,2024-11-12T15:00:00+05:30,23923.45,23936.3,23866.75,23870.8,0
278,2024-11-12T15:15:00+05:30,23870.65,23883.95,23839.6,23842.95,0
279,2024-11-13T09:15:00+05:30,23822.45,23873.6,23780.3,23800.4,0
280,2024-11-13T09:30:00+05:30,23801.75,23857.5,23753.55,23755.6,0
281,2024-11-13T09:45:00+05:30,23755.95,23807.05,23708.65,23793.9,0
282,2024-11-13T10:00:00+05:30,23792.55,23795.35,23689.45,23694.55,0
283,2024-11-13T10:15:00+05:30,23695.35,23744.35,23679.35,23729.0,0
284,2024-11-13T10:30:00+05:30,23728.85,23769.75,23700.0,23706.15,0
285,2024-11-13T10:45:00+05:30,23705.9,23782.25,23702.55,23735.55,0
286,2024-11-13T11:00:00+05:30,23735.95,23745.6,23702.1,23710.3,0
287,2024-11-13T11:15:00+05:30,23709.9,23725.55,23690.75,23708.65,0
288,2024-11-13T11:30:00+05:30,23710.45,23723.6,23682.8,23684.55,0
289,2024-11-13T11:45:00+05:30,23685.7,23718.4,23684.95,23714.6,0
290,2024-11-13T12:00:00+05:30,23715.45,23727.8,23680.25,23684.2,0
291,2024-11-13T12:15:00+05:30,23684.9,23717.55,23682.45,23693.9,0
292,2024-11-13T12:30:00+05:30,23694.0,23715.35,23678.15,23679.4,0
293,2024-11-13T12:45:00+05:30,23679.25,23687.35,23650.6,23659.1,0
294,2024-11-13T13:00:00+05:30,23658.9,23681.95,23632.05,23673.55,0
295,2024-11-13T13:15:00+05:30,23674.45,23675.45,23636.1,23640.3,0
296,2024-11-13T13:30:00+05:30,23640.25,23687.15,23640.25,23686.1,0
297,2024-11-13T13:45:00+05:30,23685.85,23722.3,23685.85,23698.65,0
298,2024-11-13T14:00:00+05:30,23698.9,23708.8,23641.0,23656.15,0
299,2024-11-13T14:15:00+05:30,23656.65,23658.9,23596.75,23598.95,0
300,2024-11-13T14:30:00+05:30,23596.85,23606.75,23549.15,23560.75,0
301,2024-11-13T14:45:00+05:30,23561.45,23586.75,23545.5,23557.6,0
302,2024-11-13T15:00:00+05:30,23560.25,23570.0,23509.6,23543.8,0
303,2024-11-13T15:15:00+05:30,23544.95,23618.85,23544.95,23602.9,0
304,2024-11-14T09:15:00+05:30,23542.15,23645.3,23541.35,23581.6,0
305,2024-11-14T09:30:00+05:30,23581.2,23603.05,23500.65,23575.05,0
306,2024-11-14T09:45:00+05:30,23575.15,23608.85,23558.8,23596.65,0
307,2024-11-14T10:00:00+05:30,23597.2,23675.9,23594.9,23616.9,0
308,2024-11-14T10:15:00+05:30,23617.75,23621.65,23586.2,23586.5,0
309,2024-11-14T10:30:00+05:30,23587.5,23610.9,23567.4,23587.65,0
310,2024-11-14T10:45:00+05:30,23588.5,23590.55,23547.8,23554.1,0
311,2024-11-14T11:00:00+05:30,23554.2,23562.55,23486.1,23490.9,0
312,2024-11-14T11:15:00+05:30,23492.0,23517.0,23490.25,23509.25,0
313,2024-11-14T11:30:00+05:30,23509.45,23525.0,23497.0,23513.4,0
314,2024-11-14T11:45:00+05:30,23513.3,23530.15,23499.05,23527.75,0
315,2024-11-14T12:00:00+05:30,23527.55,23568.65,23519.15,23562.9,0
316,2024-11-14T12:15:00+05:30,23562.7,23563.85,23526.4,23528.35,0
317,2024-11-14T12:30:00+05:30,23529.05,23530.6,23513.15,23522.05,0
318,2024-11-14T12:45:00+05:30,23521.6,23550.35,23518.65,23536.35,0
319,2024-11-14T13:00:00+05:30,23535.85,23552.85,23531.9,23549.95,0
320,2024-11-14T13:15:00+05:30,23550.3,23570.8,23544.8,23559.95,0
321,2024-11-14T13:30:00+05:30,23560.65,23561.0,23520.15,23524.45,0
322,2024-11-14T13:45:00+05:30,23524.3,23540.3,23516.1,23532.05,0
323,2024-11-14T14:00:00+05:30,23531.4,23550.7,23529.35,23548.65,0
324,2024-11-14T14:15:00+05:30,23548.75,23550.25,23530.25,23533.75,0
325,2024-11-14T14:30:00+05:30,23533.1,23547.45,23528.75,23536.7,0
326,2024-11-14T14:45:00+05:30,23535.75,23538.75,23520.65,23528.45,0
327,2024-11-14T15:00:00+05:30,23529.9,23550.55,23484.15,23540.15,0
328,2024-11-14T15:15:00+05:30,23541.3,23562.65,23534.15,23559.6,0
329,2024-11-18T09:15:00+05:30,23605.3,23606.8,23463.55,23472.3,0
330,2024-11-18T09:30:00+05:30,23471.15,23496.6,23366.45,23368.35,0
331,2024-11-18T09:45:00+05:30,23366.7,23439.05,23362.35,23405.85,0
332,2024-11-18T10:00:00+05:30,23406.5,23488.75,23397.6,23450.0,0
333,2024-11-18T10:15:00+05:30,23449.6,23460.6,23403.7,23406.1,0
334,2024-11-18T10:30:00+05:30,23406.4,23416.1,23365.75,23370.35,0
335,2024-11-18T10:45:00+05:30,23370.15,23415.2,23350.4,23413.5,0
336,2024-11-18T11:00:00+05:30,23413.2,23416.1,23367.35,23380.65,0
337,2024-11-18T11:15:00+05:30,23381.6,23437.9,23379.4,23426.35,0
338,2024-11-18T11:30:00+05:30,23426.25,23432.9,23404.95,23432.8,0
339,2024-11-18T11:45:00+05:30,23432.75,23453.95,23418.4,23453.4,0
340,2024-11-18T12:00:00+05:30,23453.25,23485.05,23447.85,23477.55,0
341,2024-11-18T12:15:00+05:30,23477.65,23543.5,23463.1,23542.5,0
342,2024-11-18T12:30:00+05:30,23542.25,23565.25,23503.95,23525.7,0
343,2024-11-18T12:45:00+05:30,23525.75,23554.8,23476.1,23480.35,0
344,2024-11-18T13:00:00+05:30,23480.75,23508.55,23475.3,23492.15,0
345,2024-11-18T13:15:00+05:30,23491.05,23492.5,23446.8,23459.6,0
346,2024-11-18T13:30:00+05:30,23460.25,23505.3,23443.75,23463.6,0
347,2024-11-18T13:45:00+05:30,23463.25,23499.8,23462.0,23492.4,0
348,2024-11-18T14:00:00+05:30,23492.8,23503.6,23474.0,23484.7,0
349,2024-11-18T14:15:00+05:30,23484.5,23486.2,23439.25,23443.2,0
350,2024-11-18T14:30:00+05:30,23443.9,23448.05,23412.55,23437.0,0
351,2024-11-18T14:45:00+05:30,23438.2,23475.75,23429.45,23450.05,0
352,2024-11-18T15:00:00+05:30,23449.25,23461.9,23435.9,23453.55,0
353,2024-11-18T15:15:00+05:30,23453.3,23474.85,23447.95,23465.3,0
354,2024-11-19T09:15:00+05:30,23529.55,23665.65,23517.1,23663.85,0
355,2024-11-19T09:30:00+05:30,23664.1,23702.6,23641.5,23702.6,0
356,2024-11-19T09:45:00+05:30,23701.9,23709.6,23645.4,23675.7,0
357,2024-11-19T10:00:00+05:30,23675.8,23709.15,23675.8,23691.85,0
358,2024-11-19T10:15:00+05:30,23691.9,23744.6,23682.45,23743.5,0
359,2024-11-19T10:30:00+05:30,23742.9,23750.0,23709.35,23712.8,0
360,2024-11-19T10:45:00+05:30,23712.75,23719.7,23690.9,23713.9,0
361,2024-11-19T11:00:00+05:30,23713.1,23741.95,23713.0,23736.25,0
362,2024-11-19T11:15:00+05:30,23736.75,23763.0,23725.75,23758.9,0
363,2024-11-19T11:30:00+05:30,23759.45,23779.7,23755.5,23772.0,0
364,2024-11-19T11:45:00+05:30,23773.25,23780.65,23749.4,23752.25,0
365,2024-11-19T12:00:00+05:30,23752.65,23764.1,23736.15,23749.35,0
366,2024-11-19T12:15:00+05:30,23749.4,23765.45,23744.5,23746.3,0
367,2024-11-19T12:30:00+05:30,23745.95,23757.2,23727.65,23732.75,0
368,2024-11-19T12:45:00+05:30,23732.4,23754.05,23724.2,23751.7,0
369,2024-11-19T13:00:00+05:30,23751.25,23762.05,23748.2,23760.0,0
370,2024-11-19T13:15:00+05:30,23761.0,23766.45,23738.45,23744.8,0
371,2024-11-19T13:30:00+05:30,23745.2,23765.45,23741.65,23754.7,0
372,2024-11-19T13:45:00+05:30,23754.8,23771.7,23753.1,23766.55,0
373,2024-11-19T14:00:00+05:30,23766.05,23767.6,23701.85,23707.35,0
374,2024-11-19T14:15:00+05:30,23707.2,23727.0,23688.15,23699.3,0
375,2024-11-19T14:30:00+05:30,23699.35,23709.75,23686.15,23698.6,0
376,2024-11-19T14:45:00+05:30,23698.35,23717.45,23576.3,23581.2,0
377,2024-11-19T15:00:00+05:30,23582.2,23583.25,23486.2,23492.55,0
378,2024-11-19T15:15:00+05:30,23492.65,23518.3,23464.8,23468.7,0
379,2024-11-21T09:15:00+05:30,23488.45,23507.3,23338.75,23379.5,0
380,2024-11-21T09:30:00+05:30,23380.2,23386.75,23263.15,23321.6,0
381,2024-11-21T09:45:00+05:30,23321.35,23345.0,23292.1,23318.05,0
382,2024-11-21T10:00:00+05:30,23317.85,23376.5,23289.7,23308.75,0
383,2024-11-21T10:15:00+05:30,23308.4,23350.6,23296.35,23327.4,0
384,2024-11-21T10:30:00+05:30,23327.25,23344.15,23305.5,23313.25,0
385,2024-11-21T10:45:00+05:30,23313.35,23335.9,23307.95,23323.95,0
386,2024-11-21T11:00:00+05:30,23322.9,23342.6,23318.2,23335.55,0
387,2024-11-21T11:15:00+05:30,23334.3,23349.05,23327.6,23342.2,0
388,2024-11-21T11:30:00+05:30,23342.35,23348.3,23332.3,23340.15,0
389,2024-11-21T11:45:00+05:30,23339.6,23351.2,23334.2,23350.9,0
390,2024-11-21T12:00:00+05:30,23351.5,23369.1,23339.8,23350.75,0
391,2024-11-21T12:15:00+05:30,23350.95,23356.8,23342.95,23352.0,0
392,2024-11-21T12:30:00+05:30,23352.3,23355.05,23340.55,23344.35,0
393,2024-11-21T12:45:00+05:30,23344.55,23350.45,23308.8,23311.4,0
394,2024-11-21T13:00:00+05:30,23310.75,23344.15,23307.2,23341.3,0
395,2024-11-21T13:15:00+05:30,23340.45,23359.15,23334.7,23353.35,0
396,2024-11-21T13:30:00+05:30,23353.55,23360.4,23333.7,23341.8,0
397,2024-11-21T13:45:00+05:30,23341.5,23352.05,23333.55,23347.25,0
398,2024-11-21T14:00:00+05:30,23346.75,23350.8,23333.4,23337.4,0
399,2024-11-21T14:15:00+05:30,23336.65,23348.75,23334.55,23338.95,0
400,2024-11-21T14:30:00+05:30,23338.3,23345.05,23324.85,23338.5,0
401,2024-11-21T14:45:00+05:30,23338.45,23343.6,23319.15,23339.95,0
402,2024-11-21T15:00:00+05:30,23341.65,23366.75,23326.35,23355.75,0
403,2024-11-21T15:15:00+05:30,23354.95,23367.5,23339.75,23346.75,0
404,2024-11-22T09:15:00+05:30,23411.8,23524.7,23359.0,23508.35,0
405,2024-11-22T09:30:00+05:30,23508.3,23541.1,23412.6,23463.75,0
406,2024-11-22T09:45:00+05:30,23461.65,23500.2,23408.4,23500.05,0
407,2024-11-22T10:00:00+05:30,23499.75,23608.95,23489.5,23575.5,0
408,2024-11-22T10:15:00+05:30,23576.15,23589.25,23516.55,23551.4,0
409,2024-11-22T10:30:00+05:30,23550.35,23569.5,23505.6,23523.3,0
410,2024-11-22T10:45:00+05:30,23524.2,23533.95,23447.15,23532.05,0
411,2024-11-22T11:00:00+05:30,23530.65,23550.7,23511.15,23537.5,0
412,2024-11-22T11:15:00+05:30,23535.7,23543.75,23497.4,23524.75,0
413,2024-11-22T11:30:00+05:30,23524.4,23579.9,23518.2,23557.2,0
414,2024-11-22T11:45:00+05:30,23556.75,23598.3,23555.25,23584.85,0
415,2024-11-22T12:00:00+05:30,23585.05,23657.0,23577.35,23635.1,0
416,2024-11-22T12:15:00+05:30,23633.8,23645.85,23607.75,23636.6,0
417,2024-11-22T12:30:00+05:30,23635.65,23689.15,23630.35,23674.85,0
418,2024-11-22T12:45:00+05:30,23674.25,23689.5,23655.95,23674.4,0
419,2024-11-22T13:00:00+05:30,23674.8,23724.1,23672.6,23701.2,0
420,2024-11-22T13:15:00+05:30,23700.05,23731.25,23683.35,23700.65,0
421,2024-11-22T13:30:00+05:30,23696.3,23719.5,23661.75,23717.95,0
422,2024-11-22T13:45:00+05:30,23716.95,23798.9,23714.35,23798.9,0
423,2024-11-22T14:00:00+05:30,23798.1,23870.55,23792.05,23844.95,0
424,2024-11-22T14:15:00+05:30,23844.8,23897.95,23823.9,23850.35,0
425,2024-11-22T14:30:00+05:30,23848.3,23878.2,23800.75,23853.6,0
426,2024-11-22T14:45:00+05:30,23851.35,23956.1,23831.5,23929.6,0
427,2024-11-22T15:00:00+05:30,23930.6,23940.3,23896.65,23920.1,0
428,2024-11-22T15:15:00+05:30,23919.55,23919.55,23854.9,23873.5,0
429,2024-11-25T09:15:00+05:30,24253.55,24323.25,24212.25,24311.8,0
430,2024-11-25T09:30:00+05:30,24311.1,24330.7,24274.7,24290.0,0
431,2024-11-25T09:45:00+05:30,24290.75,24300.6,24249.15,24256.35,0
432,2024-11-25T10:00:00+05:30,24256.95,24299.9,24256.25,24261.75,0
433,2024-11-25T10:15:00+05:30,24261.45,24317.3,24259.0,24316.05,0
434,2024-11-25T10:30:00+05:30,24315.9,24328.3,24305.5,24317.5,0
435,2024-11-25T10:45:00+05:30,24317.55,24322.9,24303.7,24312.05,0
436,2024-11-25T11:00:00+05:30,24311.05,24347.7,24310.5,24334.95,0
437,2024-11-25T11:15:00+05:30,24335.15,24351.55,24310.55,24320.95,0
438,2024-11-25T11:30:00+05:30,24320.6,24330.25,24300.95,24305.1,0
439,2024-11-25T11:45:00+05:30,24305.4,24306.6,24273.15,24280.35,0
440,2024-11-25T12:00:00+05:30,24279.8,24307.45,24262.8,24303.7,0
441,2024-11-25T12:15:00+05:30,24303.25,24308.2,24275.85,24282.65,0
442,2024-11-25T12:30:00+05:30,24283.5,24295.0,24275.85,24284.95,0
443,2024-11-25T12:45:00+05:30,24284.85,24286.75,24141.8,24158.0,0
444,2024-11-25T13:00:00+05:30,24157.35,24200.0,24135.45,24179.65,0
445,2024-11-25T13:15:00+05:30,24180.2,24225.5,24176.4,24217.6,0
446,2024-11-25T13:30:00+05:30,24217.65,24219.25,24177.2,24180.7,0
447,2024-11-25T13:45:00+05:30,24181.15,24187.9,24161.6,24177.75,0
448,2024-11-25T14:00:00+05:30,24176.45,24218.2,24164.5,24203.5,0
449,2024-11-25T14:15:00+05:30,24203.7,24218.0,24185.45,24212.2,0
450,2024-11-25T14:30:00+05:30,24212.25,24252.85,24193.7,24249.25,0
451,2024-11-25T14:45:00+05:30,24249.55,24267.8,24219.5,24229.65,0
452,2024-11-25T15:00:00+05:30,24230.1,24241.85,24170.55,24222.25,0
453,2024-11-25T15:15:00+05:30,24221.9,24260.9,24218.5,24250.8,0
454,2024-11-26T09:15:00+05:30,24343.3,24343.3,24280.8,24306.65,0
455,2024-11-26T09:30:00+05:30,24306.5,24320.05,24258.1,24261.25,0
456,2024-11-26T09:45:00+05:30,24262.4,24262.75,24207.0,24209.4,0
457,2024-11-26T10:00:00+05:30,24208.45,24261.85,24208.45,24236.45,0
458,2024-11-26T10:15:00+05:30,24235.4,24235.45,24160.05,24201.25,0
459,2024-11-26T10:30:00+05:30,24201.6,24213.75,24175.75,24204.7,0
460,2024-11-26T10:45:00+05:30,24204.9,24236.75,24196.85,24219.05,0
461,2024-11-26T11:00:00+05:30,24219.35,24238.8,24206.8,24211.1,0
462,2024-11-26T11:15:00+05:30,24211.35,24211.5,24192.35,24207.45,0
463,2024-11-26T11:30:00+05:30,24205.8,24236.8,24197.8,24224.3,0
464,2024-11-26T11:45:00+05:30,24224.15,24228.75,24195.3,24200.8,0
465,2024-11-26T12:00:00+05:30,24200.85,24201.4,24174.05,24187.4,0
466,2024-11-26T12:15:00+05:30,24187.8,24191.65,24138.7,24148.05,0
467,2024-11-26T12:30:00+05:30,24146.55,24165.8,24137.55,24161.15,0
468,2024-11-26T12:45:00+05:30,24162.05,24185.5,24158.15,24173.3,0
469,2024-11-26T13:00:00+05:30,24173.45,24176.5,24148.9,24161.35,0
470,2024-11-26T13:15:00+05:30,24162.15,24185.75,24157.0,24159.1,0
471,2024-11-26T13:30:00+05:30,24157.75,24169.65,24125.4,24150.9,0
472,2024-11-26T13:45:00+05:30,24150.15,24197.3,24146.3,24195.2,0
473,2024-11-26T14:00:00+05:30,24194.8,24203.15,24169.55,24183.2,0
474,2024-11-26T14:15:00+05:30,24183.15,24200.35,24179.6,24180.05,0
475,2024-11-26T14:30:00+05:30,24180.4,24232.2,24178.0,24223.45,0
476,2024-11-26T14:45:00+05:30,24223.75,24240.1,24209.55,24230.4,0
477,2024-11-26T15:00:00+05:30,24229.1,24233.3,24174.45,24203.85,0
478,2024-11-26T15:15:00+05:30,24203.65,24204.9,24183.25,24192.95,0
479,2024-11-27T09:15:00+05:30,24204.8,24268.85,24153.75,24170.35,0
480,2024-11-27T09:30:00+05:30,24169.35,24189.8,24145.65,24167.15,0
481,2024-11-27T09:45:00+05:30,24166.9,24226.1,24166.35,24201.25,0
482,2024-11-27T10:00:00+05:30,24201.9,24207.0,24175.55,24202.75,0
483,2024-11-27T10:15:00+05:30,24202.35,24203.6,24171.25,24182.75,0
484,2024-11-27T10:30:00+05:30,24182.15,24201.7,24176.75,24193.7,0
485,2024-11-27T10:45:00+05:30,24193.6,24197.25,24173.4,24197.05,0
486,2024-11-27T11:00:00+05:30,24196.4,24209.25,24192.35,24195.15,0
487,2024-11-27T11:15:00+05:30,24194.7,24207.55,24190.15,24205.65,0
488,2024-11-27T11:30:00+05:30,24205.55,24214.55,24198.95,24205.75,0
489,2024-11-27T11:45:00+05:30,24205.7,24207.05,24161.7,24193.8,0
490,2024-11-27T12:00:00+05:30,24192.8,24218.85,24179.45,24197.85,0
491,2024-11-27T12:15:00+05:30,24197.8,24269.1,24197.8,24251.25,0
492,2024-11-27T12:30:00+05:30,24250.5,24304.85,24250.5,24290.25,0
493,2024-11-27T12:45:00+05:30,24289.95,24311.7,24283.95,24305.85,0
494,2024-11-27T13:00:00+05:30,24305.25,24328.7,24298.75,24321.45,0
495,2024-11-27T13:15:00+05:30,24321.4,24341.15,24316.7,24323.1,0
496,2024-11-27T13:30:00+05:30,24322.0,24337.35,24299.5,24330.1,0
497,2024-11-27T13:45:00+05:30,24329.35,24354.55,24303.1,24310.45,0
498,2024-11-27T14:00:00+05:30,24311.05,24323.0,24285.6,24287.85,0
499,2024-11-27T14:15:00+05:30,24286.5,24310.5,24275.7,24306.2,0
500,2024-11-27T14:30:00+05:30,24305.35,24308.9,24283.8,24287.3,0
501,2024-11-27T14:45:00+05:30,24287.55,24294.5,24278.6,24292.55,0
502,2024-11-27T15:00:00+05:30,24292.75,24293.05,24257.6,24274.1,0
503,2024-11-27T15:15:00+05:30,24273.2,24281.55,24267.1,24277.35,0
504,2024-11-28T09:15:00+05:30,24274.15,24323.05,24265.5,24277.35,0
505,2024-11-28T09:30:00+05:30,24276.55,24282.0,24254.35,24274.7,0
506,2024-11-28T09:45:00+05:30,24274.25,24316.55,24267.8,24311.4,0
507,2024-11-28T10:00:00+05:30,24310.7,24345.75,24308.55,24327.8,0
508,2024-11-28T10:15:00+05:30,24328.3,24333.65,24296.95,24303.3,0
509,2024-11-28T10:30:00+05:30,24303.5,24305.4,24068.2,24126.7,0
510,2024-11-28T10:45:00+05:30,24125.85,24128.8,24054.55,24113.95,0
511,2024-11-28T11:00:00+05:30,24114.05,24133.65,24078.1,24087.9,0
512,2024-11-28T11:15:00+05:30,24088.4,24090.35,24037.1,24056.9,0
513,2024-11-28T11:30:00+05:30,24055.55,24072.25,24045.85,24062.85,0
514,2024-11-28T11:45:00+05:30,24061.55,24125.2,24052.65,24055.0,0
515,2024-11-28T12:00:00+05:30,24055.55,24086.5,24046.5,24079.75,0
516,2024-11-28T12:15:00+05:30,24078.55,24096.15,24064.15,24091.15,0
517,2024-11-28T12:30:00+05:30,24090.8,24092.6,23998.05,24030.45,0
518,2024-11-28T12:45:00+05:30,24030.15,24037.45,24001.3,24003.4,0
519,2024-11-28T13:00:00+05:30,24001.5,24005.7,23969.65,23979.35,0
520,2024-11-28T13:15:00+05:30,23979.2,24009.9,23964.45,24002.75,0
521,2024-11-28T13:30:00+05:30,24002.7,24012.3,23978.95,23979.1,0
522,2024-11-28T13:45:00+05:30,23980.5,24053.75,23969.5,24046.1,0
523,2024-11-28T14:00:00+05:30,24047.6,24074.85,23873.35,23958.9,0
524,2024-11-28T14:15:00+05:30,23962.15,24000.6,23900.4,23974.1,0
525,2024-11-28T14:30:00+05:30,23973.45,24009.35,23914.95,23923.45,0
526,2024-11-28T14:45:00+05:30,23923.3,23944.1,23910.65,23911.85,0
527,2024-11-28T15:00:00+05:30,23909.4,23916.3,23884.2,23915.6,0
528,2024-11-28T15:15:00+05:30,23915.35,23959.45,23913.4,23957.45,0
529,2024-11-29T09:15:00+05:30,23927.15,24030.75,23927.15,24029.1,0
530,2024-11-29T09:30:00+05:30,24027.55,24049.35,23991.0,24003.1,0
531,2024-11-29T09:45:00+05:30,24002.85,24063.65,24001.05,24063.3,0
532,2024-11-29T10:00:00+05:30,24062.55,24072.15,23969.0,23969.0,0
533,2024-11-29T10:15:00+05:30,23970.1,24056.5,23962.85,24036.9,0
534,2024-11-29T10:30:00+05:30,24036.25,24132.65,24025.8,24082.35,0
535,2024-11-29T10:45:00+05:30,24082.8,24139.4,24082.4,24130.0,0
536,2024-11-29T11:00:00+05:30,24132.25,24144.45,24102.2,24120.9,0
537,2024-11-29T11:15:00+05:30,24120.6,24143.05,24107.9,24132.0,0
538,2024-11-29T11:30:00+05:30,24132.3,24141.3,24088.65,24103.25,0
539,2024-11-29T11:45:00+05:30,24102.95,24114.4,24074.35,24081.9,0
540,2024-11-29T12:00:00+05:30,24081.6,24123.3,24078.5,24120.2,0
541,2024-11-29T12:15:00+05:30,24120.25,24123.75,24089.8,24109.5,0
542,2024-11-29T12:30:00+05:30,24109.4,24118.95,24093.75,24106.1,0
543,2024-11-29T12:45:00+05:30,24106.25,24126.1,24089.4,24125.45,0
544,2024-11-29T13:00:00+05:30,24125.05,24131.95,24100.9,24118.3,0
545,2024-11-29T13:15:00+05:30,24119.2,24153.15,24111.15,24136.95,0
546,2024-11-29T13:30:00+05:30,24136.05,24157.45,24135.5,24146.05,0
547,2024-11-29T13:45:00+05:30,24146.2,24150.15,24128.95,24144.9,0
548,2024-11-29T14:00:00+05:30,24144.4,24151.4,24105.15,24107.5,0
549,2024-11-29T14:15:00+05:30,24107.55,24145.25,24096.25,24141.0,0
550,2024-11-29T14:30:00+05:30,24142.3,24188.45,24137.9,24161.9,0
551,2024-11-29T14:45:00+05:30,24162.15,24167.2,24131.9,24150.45,0
552,2024-11-29T15:00:00+05:30,24148.85,24162.95,24109.7,24127.25,0
553,2024-11-29T15:15:00+05:30,24127.3,24144.8,24111.95,24123.65,0
554,2024-12-02T09:15:00+05:30,24140.85,24154.65,24008.65,24034.6,0
555,2024-12-02T09:30:00+05:30,24033.05,24129.4,24030.95,24120.55,0
556,2024-12-02T09:45:00+05:30,24119.6,24147.3,24107.05,24136.1,0
557,2024-12-02T10:00:00+05:30,24134.9,24141.25,24079.75,24118.35,0
558,2024-12-02T10:15:00+05:30,24117.7,24182.6,24117.7,24164.1,0
559,2024-12-02T10:30:00+05:30,24163.95,24171.8,24098.2,24122.1,0
560,2024-12-02T10:45:00+05:30,24121.0,24132.75,24103.05,24112.5,0
561,2024-12-02T11:00:00+05:30,24112.35,24134.5,24111.8,24130.8,0
562,2024-12-02T11:15:00+05:30,24130.5,24158.85,24127.5,24147.35,0
563,2024-12-02T11:30:00+05:30,24147.75,24157.0,24126.9,24155.25,0
564,2024-12-02T11:45:00+05:30,24155.4,24169.6,24122.9,24144.55,0
565,2024-12-02T12:00:00+05:30,24144.2,24153.85,24132.85,24140.6,0
566,2024-12-02T12:15:00+05:30,24140.8,24187.6,24138.3,24186.5,0
567,2024-12-02T12:30:00+05:30,24186.1,24190.35,24156.85,24171.3,0
568,2024-12-02T12:45:00+05:30,24171.65,24187.4,24160.75,24186.3,0
569,2024-12-02T13:00:00+05:30,24185.75,24186.85,24153.1,24162.2,0
570,2024-12-02T13:15:00+05:30,24162.05,24173.6,24139.65,24147.5,0
571,2024-12-02T13:30:00+05:30,24147.8,24181.6,24145.8,24180.3,0
572,2024-12-02T13:45:00+05:30,24180.2,24230.15,24162.6,24226.35,0
573,2024-12-02T14:00:00+05:30,24225.3,24262.2,24222.1,24249.0,0
574,2024-12-02T14:15:00+05:30,24248.85,24275.1,24246.1,24263.6,0
575,2024-12-02T14:30:00+05:30,24264.05,24301.35,24260.9,24293.75,0
576,2024-12-02T14:45:00+05:30,24295.5,24301.7,24252.8,24262.3,0
577,2024-12-02T15:00:00+05:30,24262.55,24288.35,24257.0,24275.55,0
578,2024-12-02T15:15:00+05:30,24274.65,24280.1,24259.0,24275.25,0
579,2024-12-03T09:15:00+05:30,24367.5,24377.9,24282.65,24300.05,0
580,2024-12-03T09:30:00+05:30,24300.0,24321.3,24280.0,24317.6,0
581,2024-12-03T09:45:00+05:30,24318.0,24338.05,24300.05,24337.85,0
582,2024-12-03T10:00:00+05:30,24337.95,24348.4,24327.2,24336.95,0
583,2024-12-03T10:15:00+05:30,24336.8,24399.0,24335.3,24395.5,0
584,2024-12-03T10:30:00+05:30,24395.45,24415.4,24386.2,24407.45,0
585,2024-12-03T10:45:00+05:30,24407.75,24417.7,24394.9,24409.2,0
586,2024-12-03T11:00:00+05:30,24409.25,24425.7,24408.2,24416.75,0
587,2024-12-03T11:15:00+05:30,24416.95,24439.15,24415.25,24426.15,0
588,2024-12-03T11:30:00+05:30,24425.4,24436.7,24414.55,24421.95,0
589,2024-12-03T11:45:00+05:30,24421.0,24439.7,24400.55,24439.1,0
590,2024-12-03T12:00:00+05:30,24439.35,24445.8,24400.45,24419.75,0
591,2024-12-03T12:15:00+05:30,24418.95,24427.8,24382.65,24402.2,0
592,2024-12-03T12:30:00+05:30,24402.95,24438.0,24398.95,24437.6,0
593,2024-12-03T12:45:00+05:30,24437.3,24442.15,24422.0,24428.45,0
594,2024-12-03T13:00:00+05:30,24428.05,24430.55,24409.75,24412.15,0
595,2024-12-03T13:15:00+05:30,24412.65,24428.65,24401.1,24420.3,0
596,2024-12-03T13:30:00+05:30,24419.7,24466.3,24418.0,24447.5,0
597,2024-12-03T13:45:00+05:30,24446.75,24469.25,24444.7,24460.6,0
598,2024-12-03T14:00:00+05:30,24460.8,24475.0,24452.4,24461.75,0
599,2024-12-03T14:15:00+05:30,24462.15,24481.35,24460.75,24470.2,0
600,2024-12-03T14:30:00+05:30,24470.4,24472.15,24439.85,24455.4,0
601,2024-12-03T14:45:00+05:30,24455.7,24468.1,24449.25,24455.6,0
602,2024-12-03T15:00:00+05:30,24455.55,24474.75,24455.55,24461.35,0
603,2024-12-03T15:15:00+05:30,24462.45,24466.1,24432.75,24445.85,0
604,2024-12-04T09:15:00+05:30,24488.75,24517.0,24446.85,24516.3,0
605,2024-12-04T09:30:00+05:30,24516.4,24562.2,24510.05,24561.55,0
606,2024-12-04T09:45:00+05:30,24560.8,24565.0,24538.5,24545.5,0
607,2024-12-04T10:00:00+05:30,24545.35,24573.2,24536.1,24542.85,0
608,2024-12-04T10:15:00+05:30,24542.45,24551.35,24508.75,24533.15,0
609,2024-12-04T10:30:00+05:30,24533.2,24551.15,24527.0,24529.75,0
610,2024-12-04T10:45:00+05:30,24529.4,24556.2,24515.85,24534.0,0
611,2024-12-04T11:00:00+05:30,24534.8,24541.85,24521.95,24529.55,0
612,2024-12-04T11:15:00+05:30,24529.45,24547.7,24521.4,24542.5,0
613,2024-12-04T11:30:00+05:30,24543.65,24552.9,24539.4,24540.8,0
614,2024-12-04T11:45:00+05:30,24541.0,24544.9,24366.3,24414.0,0
615,2024-12-04T12:00:00+05:30,24416.35,24482.6,24376.15,24449.7,0
616,2024-12-04T12:15:00+05:30,24450.0,24497.5,24441.25,24495.1,0
617,2024-12-04T12:30:00+05:30,24494.95,24496.7,24432.1,24439.9,0
618,2024-12-04T12:45:00+05:30,24440.55,24483.5,24437.95,24477.35,0
619,2024-12-04T13:00:00+05:30,24477.85,24488.25,24461.2,24481.2,0
620,2024-12-04T13:15:00+05:30,24482.85,24491.9,24462.05,24483.05,0
621,2024-12-04T13:30:00+05:30,24483.5,24530.25,24478.15,24510.05,0
622,2024-12-04T13:45:00+05:30,24511.7,24534.95,24504.5,24531.8,0
623,2024-12-04T14:00:00+05:30,24531.4,24541.85,24517.8,24532.4,0
624,2024-12-04T14:15:00+05:30,24532.6,24536.3,24445.1,24467.9,0
625,2024-12-04T14:30:00+05:30,24468.75,24474.85,24435.25,24470.8,0
626,2024-12-04T14:45:00+05:30,24470.85,24479.35,24417.25,24438.1,0
627,2024-12-04T15:00:00+05:30,24439.0,24472.35,24427.0,24467.95,0
628,2024-12-04T15:15:00+05:30,24467.9,24482.4,24456.45,24461.55,0
629,2024-12-05T09:15:00+05:30,24539.15,24539.95,24476.05,24513.8,0
630,2024-12-05T09:30:00+05:30,24513.4,24527.95,24449.5,24473.15,0
631,2024-12-05T09:45:00+05:30,24472.85,24482.4,24396.35,24424.45,0
632,2024-12-05T10:00:00+05:30,24424.35,24436.7,24396.2,24400.1,0
633,2024-12-05T10:15:00+05:30,24400.35,24428.8,24368.4,24407.0,0
634,2024-12-05T10:30:00+05:30,24406.75,24417.75,24393.3,24414.95,0
635,2024-12-05T10:45:00+05:30,24414.8,24441.75,24295.55,24333.55,0
636,2024-12-05T11:00:00+05:30,24331.45,24376.85,24322.4,24368.05,0
637,2024-12-05T11:15:00+05:30,24367.6,24368.3,24336.0,24356.15,0
638,2024-12-05T11:30:00+05:30,24357.5,24358.9,24330.1,24351.6,0
639,2024-12-05T11:45:00+05:30,24352.7,24368.15,24342.0,24366.0,0
640,2024-12-05T12:00:00+05:30,24366.2,24604.9,24365.5,24589.9,0
641,2024-12-05T12:15:00+05:30,24589.7,24648.6,24588.2,24608.1,0
642,2024-12-05T12:30:00+05:30,24608.35,24627.45,24580.25,24596.05,0
643,2024-12-05T12:45:00+05:30,24597.8,24606.45,24560.75,24594.75,0
644,2024-12-05T13:00:00+05:30,24594.7,24638.7,24581.5,24631.1,0
645,2024-12-05T13:15:00+05:30,24633.85,24648.9,24570.75,24580.45,0
646,2024-12-05T13:30:00+05:30,24581.25,24668.6,24579.6,24650.35,0
647,2024-12-05T13:45:00+05:30,24649.95,24677.2,24627.8,24664.7,0
648,2024-12-05T14:00:00+05:30,24664.3,24762.7,24646.6,24736.8,0
649,2024-12-05T14:15:00+05:30,24736.55,24838.8,24732.75,24827.7,0
650,2024-12-05T14:30:00+05:30,24830.85,24857.75,24771.9,24814.4,0
651,2024-12-05T14:45:00+05:30,24813.25,24826.5,24495.05,24522.3,0
652,2024-12-05T15:00:00+05:30,24524.2,24752.05,24511.3,24751.0,0
653,2024-12-05T15:15:00+05:30,24749.9,24759.9,24694.3,24701.55,0
654,2024-12-06T09:15:00+05:30,24729.45,24742.9,24682.95,24705.65,0
655,2024-12-06T09:30:00+05:30,24705.25,24726.9,24685.75,24725.7,0
656,2024-12-06T09:45:00+05:30,24724.25,24728.95,24666.5,24687.25,0
657,2024-12-06T10:00:00+05:30,24688.05,24751.05,24625.25,24650.85,0
658,2024-12-06T10:15:00+05:30,24650.0,24734.7,24620.5,24721.15,0
659,2024-12-06T10:30:00+05:30,24722.55,24728.35,24686.75,24724.3,0
660,2024-12-06T10:45:00+05:30,24725.25,24725.25,24697.0,24712.3,0
661,2024-12-06T11:00:00+05:30,24712.25,24748.0,24702.15,24707.35,0
662,2024-12-06T11:15:00+05:30,24708.5,24709.75,24667.95,24678.4,0
663,2024-12-06T11:30:00+05:30,24678.7,24693.5,24675.3,24687.85,0
664,2024-12-06T11:45:00+05:30,24688.35,24706.9,24668.15,24706.3,0
665,2024-12-06T12:00:00+05:30,24706.8,24716.55,24696.5,24701.9,0
666,2024-12-06T12:15:00+05:30,24701.6,24711.85,24681.7,24710.8,0
667,2024-12-06T12:30:00+05:30,24710.75,24716.7,24702.6,24710.8,0
668,2024-12-06T12:45:00+05:30,24711.7,24722.95,24704.7,24709.5,0
669,2024-12-06T13:00:00+05:30,24709.4,24715.6,24697.2,24708.05,0
670,2024-12-06T13:15:00+05:30,24707.65,24715.15,24681.65,24684.5,0
671,2024-12-06T13:30:00+05:30,24683.85,24702.3,24669.3,24686.95,0
672,2024-12-06T13:45:00+05:30,24687.85,24699.0,24674.75,24683.1,0
673,2024-12-06T14:00:00+05:30,24682.1,24696.2,24676.35,24692.85,0
674,2024-12-06T14:15:00+05:30,24691.9,24699.05,24677.45,24677.75,0
675,2024-12-06T14:30:00+05:30,24676.8,24689.65,24659.8,24680.05,0
676,2024-12-06T14:45:00+05:30,24679.45,24693.35,24671.15,24677.95,0
677,2024-12-06T15:00:00+05:30,24677.25,24695.4,24658.25,24685.9,0
678,2024-12-06T15:15:00+05:30,24686.5,24692.6,24661.55,24669.0,0
679,2024-12-09T09:15:00+05:30,24633.9,24705.0,24621.85,24662.75,0
680,2024-12-09T09:30:00+05:30,24664.0,24687.35,24629.9,24644.45,0
681,2024-12-09T09:45:00+05:30,24643.85,24671.65,24609.65,24629.35,0
682,2024-12-09T10:00:00+05:30,24628.45,24629.8,24584.9,24584.95,0
683,2024-12-09T10:15:00+05:30,24585.95,24619.2,24580.05,24611.95,0
684,2024-12-09T10:30:00+05:30,24611.8,24620.55,24589.05,24604.7,0
685,2024-12-09T10:45:00+05:30,24604.4,24646.05,24600.55,24614.8,0
686,2024-12-09T11:00:00+05:30,24615.0,24637.0,24608.15,24636.05,0
687,2024-12-09T11:15:00+05:30,24635.65,24676.2,24630.25,24670.9,0
688,2024-12-09T11:30:00+05:30,24671.2,24687.75,24662.8,24687.0,0
689,2024-12-09T11:45:00+05:30,24687.4,24689.4,24670.1,24677.35,0
690,2024-12-09T12:00:00+05:30,24677.2,24680.65,24650.15,24659.2,0
691,2024-12-09T12:15:00+05:30,24659.1,24670.55,24652.85,24661.8,0
692,2024-12-09T12:30:00+05:30,24661.85,24661.85,24618.45,24630.25,0
693,2024-12-09T12:45:00+05:30,24630.65,24646.5,24623.25,24639.55,0
694,2024-12-09T13:00:00+05:30,24639.4,24650.45,24620.25,24650.45,0
695,2024-12-09T13:15:00+05:30,24650.8,24663.0,24633.5,24636.0,0
696,2024-12-09T13:30:00+05:30,24636.6,24645.05,24626.9,24640.7,0
697,2024-12-09T13:45:00+05:30,24641.2,24645.0,24622.4,24627.4,0
698,2024-12-09T14:00:00+05:30,24627.35,24633.75,24606.1,24615.5,0
699,2024-12-09T14:15:00+05:30,24615.7,24619.65,24595.1,24600.3,0
700,2024-12-09T14:30:00+05:30,24600.4,24628.8,24596.5,24623.6,0
701,2024-12-09T14:45:00+05:30,24624.1,24645.25,24617.95,24629.05,0
702,2024-12-09T15:00:00+05:30,24629.5,24635.7,24604.9,24609.35,0
703,2024-12-09T15:15:00+05:30,24609.6,24635.25,24607.8,24626.6,0
704,2024-12-10T09:15:00+05:30,24652.65,24655.2,24593.25,24596.0,0
705,2024-12-10T09:30:00+05:30,24596.95,24650.35,24596.4,24644.7,0
706,2024-12-10T09:45:00+05:30,24645.0,24674.25,24636.05,24668.95,0
707,2024-12-10T10:00:00+05:30,24669.9,24677.8,24640.2,24656.7,0
708,2024-12-10T10:15:00+05:30,24656.35,24665.65,24637.2,24653.9,0
709,2024-12-10T10:30:00+05:30,24654.05,24656.45,24614.5,24625.65,0
710,2024-12-10T10:45:00+05:30,24625.6,24640.8,24623.75,24639.3,0
711,2024-12-10T11:00:00+05:30,24639.5,24651.5,24627.05,24651.4,0
712,2024-12-10T11:15:00+05:30,24651.6,24653.1,24640.8,24648.45,0
713,2024-12-10T11:30:00+05:30,24647.65,24658.6,24645.05,24654.65,0
714,2024-12-10T11:45:00+05:30,24655.35,24655.75,24623.05,24627.4,0
715,2024-12-10T12:00:00+05:30,24627.85,24647.55,24618.85,24620.8,0
716,2024-12-10T12:15:00+05:30,24620.9,24621.0,24568.55,24591.45,0
717,2024-12-10T12:30:00+05:30,24592.4,24594.15,24534.3,24554.85,0
718,2024-12-10T12:45:00+05:30,24555.2,24570.15,24547.45,24566.2,0
719,2024-12-10T13:00:00+05:30,24566.05,24576.9,24545.85,24551.05,0
720,2024-12-10T13:15:00+05:30,24551.5,24556.25,24525.95,24543.0,0
721,2024-12-10T13:30:00+05:30,24542.85,24569.95,24530.85,24531.65,0
722,2024-12-10T13:45:00+05:30,24532.35,24541.25,24510.65,24538.5,0
723,2024-12-10T14:00:00+05:30,24538.9,24549.2,24522.85,24540.45,0
724,2024-12-10T14:15:00+05:30,24541.25,24562.55,24527.3,24561.15,0
725,2024-12-10T14:30:00+05:30,24563.15,24563.15,24524.8,24542.7,0
726,2024-12-10T14:45:00+05:30,24542.85,24565.0,24538.8,24553.85,0
727,2024-12-10T15:00:00+05:30,24555.55,24622.05,24554.25,24612.0,0
728,2024-12-10T15:15:00+05:30,24612.45,24628.7,24606.5,24620.5,0
729,2024-12-11T09:15:00+05:30,24620.5,24641.2,24597.6,24623.6,0
730,2024-12-11T09:30:00+05:30,24622.45,24649.0,24614.3,24617.55,0
731,2024-12-11T09:45:00+05:30,24618.2,24643.55,24583.85,24641.15,0
732,2024-12-11T10:00:00+05:30,24640.3,24642.4,24613.55,24629.15,0
733,2024-12-11T10:15:00+05:30,24629.35,24666.65,24600.85,24653.2,0
734,2024-12-11T10:30:00+05:30,24653.05,24672.6,24636.95,24666.15,0
735,2024-12-11T10:45:00+05:30,24665.75,24677.0,24653.9,24654.85,0
736,2024-12-11T11:00:00+05:30,24654.4,24665.95,24648.5,24653.05,0
737,2024-12-11T11:15:00+05:30,24653.4,24666.25,24645.8,24658.15,0
738,2024-12-11T11:30:00+05:30,24656.25,24691.75,24651.2,24681.8,0
739,2024-12-11T11:45:00+05:30,24681.85,24685.0,24665.6,24671.25,0
740,2024-12-11T12:00:00+05:30,24671.95,24686.55,24658.05,24661.75,0
741,2024-12-11T12:15:00+05:30,24661.25,24672.15,24643.1,24653.4,0
742,2024-12-11T12:30:00+05:30,24653.25,24664.0,24626.1,24640.75,0
743,2024-12-11T12:45:00+05:30,24639.75,24645.95,24629.2,24636.2,0
744,2024-12-11T13:00:00+05:30,24635.5,24664.0,24634.55,24655.85,0
745,2024-12-11T13:15:00+05:30,24655.75,24665.9,24647.45,24657.9,0
746,2024-12-11T13:30:00+05:30,24658.05,24667.0,24643.5,24652.1,0
747,2024-12-11T13:45:00+05:30,24651.55,24666.75,24644.15,24647.3,0
748,2024-12-11T14:00:00+05:30,24648.9,24663.15,24644.45,24652.0,0
749,2024-12-11T14:15:00+05:30,24652.2,24654.15,24638.35,24644.75,0
750,2024-12-11T14:30:00+05:30,24644.7,24657.95,24631.05,24634.25,0
751,2024-12-11T14:45:00+05:30,24635.1,24639.25,24615.55,24636.65,0
752,2024-12-11T15:00:00+05:30,24636.15,24654.75,24629.95,24650.6,0
753,2024-12-11T15:15:00+05:30,24649.25,24651.35,24622.55,24629.5,0
754,2024-12-12T09:15:00+05:30,24604.45,24661.5,24604.45,24653.35,0
755,2024-12-12T09:30:00+05:30,24654.4,24675.25,24646.7,24650.2,0
756,2024-12-12T09:45:00+05:30,24650.95,24655.5,24622.6,24634.95,0
757,2024-12-12T10:00:00+05:30,24635.1,24642.6,24613.95,24618.85,0
758,2024-12-12T10:15:00+05:30,24619.1,24628.15,24608.9,24615.4,0
759,2024-12-12T10:30:00+05:30,24616.05,24626.15,24591.2,24611.05,0
760,2024-12-12T10:45:00+05:30,24611.1,24622.65,24599.8,24602.1,0
761,2024-12-12T11:00:00+05:30,24601.65,24612.45,24584.9,24603.45,0
762,2024-12-12T11:15:00+05:30,24604.95,24611.2,24593.15,24602.55,0
763,2024-12-12T11:30:00+05:30,24603.2,24606.6,24596.4,24600.1,0
764,2024-12-12T11:45:00+05:30,24598.75,24603.7,24583.75,24595.15,0
765,2024-12-12T12:00:00+05:30,24595.9,24598.8,24555.75,24562.35,0
766,2024-12-12T12:15:00+05:30,24562.4,24570.75,24551.65,24570.75,0
767,2024-12-12T12:30:00+05:30,24569.95,24583.65,24568.55,24579.25,0
768,2024-12-12T12:45:00+05:30,24580.2,24583.55,24569.35,24576.5,0
769,2024-12-12T13:00:00+05:30,24578.2,24579.95,24567.2,24567.8,0
770,2024-12-12T13:15:00+05:30,24569.4,24575.85,24548.85,24556.95,0
771,2024-12-12T13:30:00+05:30,24557.05,24579.85,24543.05,24574.7,0
772,2024-12-12T13:45:00+05:30,24575.3,24577.6,24547.3,24550.55,0
773,2024-12-12T14:00:00+05:30,24552.3,24565.7,24548.45,24563.2,0
774,2024-12-12T14:15:00+05:30,24563.85,24577.05,24554.5,24556.95,0
775,2024-12-12T14:30:00+05:30,24558.75,24562.7,24549.2,24554.25,0
776,2024-12-12T14:45:00+05:30,24554.15,24557.0,24532.35,24540.95,0
777,2024-12-12T15:00:00+05:30,24541.3,24558.9,24527.95,24549.9,0
778,2024-12-12T15:15:00+05:30,24550.85,24561.3,24534.6,24539.5,0
779,2024-12-13T09:15:00+05:30,24498.35,24520.8,24405.9,24419.25,0
780,2024-12-13T09:30:00+05:30,24418.7,24426.0,24380.0,24397.85,0
781,2024-12-13T09:45:00+05:30,24398.3,24398.3,24365.8,24380.65,0
782,2024-12-13T10:00:00+05:30,24382.45,24399.9,24343.7,24353.1,0
783,2024-12-13T10:15:00+05:30,24353.05,24353.15,24245.35,24264.95,0
784,2024-12-13T10:30:00+05:30,24264.8,24265.9,24191.5,24233.15,0
785,2024-12-13T10:45:00+05:30,24233.7,24273.0,24180.8,24260.0,0
786,2024-12-13T11:00:00+05:30,24259.75,24343.0,24236.6,24278.95,0
787,2024-12-13T11:15:00+05:30,24279.45,24341.35,24266.85,24299.2,0
788,2024-12-13T11:30:00+05:30,24299.9,24376.2,24293.5,24364.75,0
789,2024-12-13T11:45:00+05:30,24364.95,24552.8,24357.0,24545.3,0
790,2024-12-13T12:00:00+05:30,24545.65,24598.8,24505.05,24560.45,0
791,2024-12-13T12:15:00+05:30,24560.95,24615.55,24544.05,24584.2,0
792,2024-12-13T12:30:00+05:30,24585.15,24587.15,24519.6,24528.95,0
793,2024-12-13T12:45:00+05:30,24528.8,24635.05,24497.9,24634.7,0
794,2024-12-13T13:00:00+05:30,24635.45,24688.2,24627.3,24640.15,0
795,2024-12-13T13:15:00+05:30,24642.65,24663.9,24574.8,24663.9,0
796,2024-12-13T13:30:00+05:30,24664.85,24736.35,24645.95,24720.75,0
797,2024-12-13T13:45:00+05:30,24722.1,24757.9,24707.7,24737.9,0
798,2024-12-13T14:00:00+05:30,24739.15,24753.45,24713.9,24727.75,0
799,2024-12-13T14:15:00+05:30,24727.35,24771.3,24722.0,24759.3,0
800,2024-12-13T14:30:00+05:30,24757.8,24778.05,24715.0,24738.45,0
801,2024-12-13T14:45:00+05:30,24738.75,24748.85,24705.85,24745.15,0
802,2024-12-13T15:00:00+05:30,24744.85,24790.25,24735.9,24771.45,0
803,2024-12-13T15:15:00+05:30,24772.15,24792.3,24761.05,24781.3,0
804,2024-12-16T09:15:00+05:30,24753.4,24781.25,24702.95,24703.5,0
805,2024-12-16T09:30:00+05:30,24703.2,24748.15,24681.35,24746.4,0
806,2024-12-16T09:45:00+05:30,24746.7,24768.9,24725.2,24728.15,0
807,2024-12-16T10:00:00+05:30,24726.25,24745.85,24710.8,24725.65,0
808,2024-12-16T10:15:00+05:30,24725.8,24726.5,24659.0,24665.25,0
809,2024-12-16T10:30:00+05:30,24665.05,24706.95,24654.25,24676.25,0
810,2024-12-16T10:45:00+05:30,24677.1,24691.9,24650.7,24653.75,0
811,2024-12-16T11:00:00+05:30,24653.55,24676.45,24621.1,24627.5,0
812,2024-12-16T11:15:00+05:30,24628.05,24655.85,24608.9,24636.05,0
813,2024-12-16T11:30:00+05:30,24636.7,24666.75,24628.05,24642.3,0
814,2024-12-16T11:45:00+05:30,24642.45,24663.4,24625.05,24628.6,0
815,2024-12-16T12:00:00+05:30,24627.75,24634.7,24603.85,24606.45,0
816,2024-12-16T12:15:00+05:30,24606.85,24631.5,24601.95,24612.65,0
817,2024-12-16T12:30:00+05:30,24612.5,24653.05,24601.75,24650.25,0
818,2024-12-16T12:45:00+05:30,24649.25,24659.0,24634.5,24643.35,0
819,2024-12-16T13:00:00+05:30,24643.25,24668.55,24643.25,24663.2,0
820,2024-12-16T13:15:00+05:30,24663.25,24679.1,24634.7,24642.7,0
821,2024-12-16T13:30:00+05:30,24642.95,24667.15,24637.2,24656.8,0
822,2024-12-16T13:45:00+05:30,24657.25,24665.8,24634.9,24658.5,0
823,2024-12-16T14:00:00+05:30,24658.15,24686.6,24653.45,24660.5,0
824,2024-12-16T14:15:00+05:30,24660.7,24669.1,24647.05,24651.2,0
825,2024-12-16T14:30:00+05:30,24651.6,24684.2,24651.55,24681.5,0
826,2024-12-16T14:45:00+05:30,24681.95,24687.15,24667.2,24674.5,0
827,2024-12-16T15:00:00+05:30,24674.1,24698.1,24659.45,24664.65,0
828,2024-12-16T15:15:00+05:30,24665.35,24671.45,24647.5,24648.25,0
829,2024-12-17T09:15:00+05:30,24584.8,24624.1,24567.45,24591.9,0
830,2024-12-17T09:30:00+05:30,24591.45,24607.5,24553.85,24565.15,0
831,2024-12-17T09:45:00+05:30,24564.8,24565.2,24512.75,24525.45,0
832,2024-12-17T10:00:00+05:30,24524.85,24529.75,24501.85,24519.75,0
833,2024-12-17T10:15:00+05:30,24518.5,24521.2,24420.5,24437.7,0
834,2024-12-17T10:30:00+05:30,24435.75,24450.6,24383.75,24449.15,0
835,2024-12-17T10:45:00+05:30,24448.0,24493.15,24433.75,24485.65,0
836,2024-12-17T11:00:00+05:30,24485.5,24500.1,24465.45,24467.85,0
837,2024-12-17T11:15:00+05:30,24468.05,24488.1,24415.4,24419.45,0
838,2024-12-17T11:30:00+05:30,24419.9,24432.95,24375.85,24394.3,0
839,2024-12-17T11:45:00+05:30,24395.5,24409.55,24379.55,24383.8,0
840,2024-12-17T12:00:00+05:30,24383.65,24406.85,24366.4,24379.25,0
841,2024-12-17T12:15:00+05:30,24379.7,24431.7,24359.25,24427.8,0
842,2024-12-17T12:30:00+05:30,24428.25,24460.05,24399.65,24399.65,0
843,2024-12-17T12:45:00+05:30,24399.6,24434.65,24384.55,24434.55,0
844,2024-12-17T13:00:00+05:30,24434.25,24436.5,24369.25,24370.6,0
845,2024-12-17T13:15:00+05:30,24369.4,24378.25,24333.6,24335.2,0
846,2024-12-17T13:30:00+05:30,24336.3,24381.95,24323.6,24356.8,0
847,2024-12-17T13:45:00+05:30,24356.65,24380.4,24343.8,24374.0,0
848,2024-12-17T14:00:00+05:30,24373.3,24388.3,24331.65,24336.3,0
849,2024-12-17T14:15:00+05:30,24336.9,24350.95,24308.9,24317.9,0
850,2024-12-17T14:30:00+05:30,24317.2,24333.3,24313.6,24331.85,0
851,2024-12-17T14:45:00+05:30,24331.6,24343.1,24303.45,24331.3,0
852,2024-12-17T15:00:00+05:30,24329.1,24362.45,24329.1,24334.4,0
853,2024-12-17T15:15:00+05:30,24335.25,24343.45,24316.4,24319.35,0
854,2024-12-18T09:15:00+05:30,24297.95,24356.0,24273.1,24301.3,0
855,2024-12-18T09:30:00+05:30,24301.35,24384.7,24287.2,24382.6,0
856,2024-12-18T09:45:00+05:30,24382.75,24394.45,24264.45,24267.55,0
857,2024-12-18T10:00:00+05:30,24267.8,24284.4,24231.8,24237.5,0
858,2024-12-18T10:15:00+05:30,24236.75,24274.25,24226.85,24257.45,0
859,2024-12-18T10:30:00+05:30,24257.55,24305.9,24255.05,24301.1,0
860,2024-12-18T10:45:00+05:30,24302.55,24313.55,24222.5,24226.2,0
861,2024-12-18T11:00:00+05:30,24225.8,24240.45,24206.15,24216.6,0
862,2024-12-18T11:15:00+05:30,24217.35,24256.3,24206.65,24246.4,0
863,2024-12-18T11:30:00+05:30,24246.2,24267.25,24230.15,24231.45,0
864,2024-12-18T11:45:00+05:30,24232.3,24240.15,24218.2,24236.25,0
865,2024-12-18T12:00:00+05:30,24235.8,24244.8,24210.85,24222.05,0
866,2024-12-18T12:15:00+05:30,24221.2,24235.55,24193.45,24205.85,0
867,2024-12-18T12:30:00+05:30,24206.6,24211.75,24159.85,24168.95,0
868,2024-12-18T12:45:00+05:30,24168.75,24193.95,24149.85,24192.0,0
869,2024-12-18T13:00:00+05:30,24191.4,24252.35,24182.95,24221.4,0
870,2024-12-18T13:15:00+05:30,24221.5,24235.65,24207.05,24210.7,0
871,2024-12-18T13:30:00+05:30,24211.1,24214.95,24176.1,24178.35,0
872,2024-12-18T13:45:00+05:30,24179.45,24209.95,24168.05,24208.35,0
873,2024-12-18T14:00:00+05:30,24208.6,24222.4,24189.55,24196.65,0
874,2024-12-18T14:15:00+05:30,24196.35,24210.8,24177.15,24177.9,0
875,2024-12-18T14:30:00+05:30,24178.7,24185.5,24166.7,24183.45,0
876,2024-12-18T14:45:00+05:30,24183.55,24201.3,24172.1,24176.6,0
877,2024-12-18T15:00:00+05:30,24177.9,24204.4,24175.65,24189.3,0
878,2024-12-18T15:15:00+05:30,24189.0,24215.3,24188.35,24214.7,0
879,2024-12-19T09:15:00+05:30,23877.15,24000.75,23870.3,23885.7,0
880,2024-12-19T09:30:00+05:30,23887.25,23999.6,23881.85,23985.1,0
881,2024-12-19T09:45:00+05:30,23985.3,24004.4,23935.0,23962.95,0
882,2024-12-19T10:00:00+05:30,23962.1,23972.8,23919.15,23929.75,0
883,2024-12-19T10:15:00+05:30,23929.95,23964.05,23917.4,23960.85,0
884,2024-12-19T10:30:00+05:30,23960.45,23969.5,23950.85,23963.45,0
885,2024-12-19T10:45:00+05:30,23959.85,23965.0,23939.45,23946.65,0
886,2024-12-19T11:00:00+05:30,23946.55,23953.35,23932.85,23942.25,0
887,2024-12-19T11:15:00+05:30,23941.5,23961.8,23941.5,23951.6,0
888,2024-12-19T11:30:00+05:30,23950.85,24004.9,23945.25,23969.4,0
889,2024-12-19T11:45:00+05:30,23968.6,23982.8,23957.0,23965.25,0
890,2024-12-19T12:00:00+05:30,23964.1,23991.25,23956.2,23988.8,0
891,2024-12-19T12:15:00+05:30,23988.15,23993.0,23971.45,23980.85,0
892,2024-12-19T12:30:00+05:30,23980.3,23983.5,23959.6,23962.25,0
893,2024-12-19T12:45:00+05:30,23962.65,23964.4,23950.05,23958.55,0
894,2024-12-19T13:00:00+05:30,23959.05,23973.5,23956.05,23966.05,0
895,2024-12-19T13:15:00+05:30,23966.15,23966.3,23936.3,23951.4,0
896,2024-12-19T13:30:00+05:30,23951.6,23964.45,23944.3,23949.6,0
897,2024-12-19T13:45:00+05:30,23950.9,23959.9,23944.1,23955.0,0
898,2024-12-19T14:00:00+05:30,23955.8,23976.2,23952.45,23963.15,0
899,2024-12-19T14:15:00+05:30,23963.7,23967.15,23938.8,23948.3,0
900,2024-12-19T14:30:00+05:30,23950.05,23959.9,23943.2,23951.15,0
901,2024-12-19T14:45:00+05:30,23951.9,23961.9,23941.15,23944.65,0
902,2024-12-19T15:00:00+05:30,23944.35,23963.8,23943.25,23945.55,0
903,2024-12-19T15:15:00+05:30,23946.65,23964.85,23934.35,23961.95,0
904,2024-12-20T09:15:00+05:30,23960.7,23990.85,23887.9,23913.0,0
905,2024-12-20T09:30:00+05:30,23913.3,24065.8,23904.1,24045.95,0
906,2024-12-20T09:45:00+05:30,24048.3,24051.85,23826.65,23847.9,0
907,2024-12-20T10:00:00+05:30,23844.4,23863.8,23807.3,23850.4,0
908,2024-12-20T10:15:00+05:30,23851.3,23960.8,23835.15,23894.7,0
909,2024-12-20T10:30:00+05:30,23898.45,23962.9,23898.45,23936.05,0
910,2024-12-20T10:45:00+05:30,23935.8,23993.9,23909.95,23956.0,0
911,2024-12-20T11:00:00+05:30,23955.75,23976.3,23945.35,23958.9,0
912,2024-12-20T11:15:00+05:30,23959.0,23961.3,23901.35,23912.9,0
913,2024-12-20T11:30:00+05:30,23912.7,23926.4,23892.3,23913.6,0
914,2024-12-20T11:45:00+05:30,23914.4,23943.65,23908.5,23939.5,0
915,2024-12-20T12:00:00+05:30,23939.85,23945.25,23888.2,23889.1,0
916,2024-12-20T12:15:00+05:30,23889.2,23889.2,23820.35,23841.0,0
917,2024-12-20T12:30:00+05:30,23841.75,23861.05,23796.35,23801.35,0
918,2024-12-20T12:45:00+05:30,23801.95,23813.3,23746.55,23756.1,0
919,2024-12-20T13:00:00+05:30,23756.05,23771.0,23719.35,23726.65,0
920,2024-12-20T13:15:00+05:30,23728.25,23757.75,23711.75,23747.85,0
921,2024-12-20T13:30:00+05:30,23745.9,23767.7,23702.75,23719.65,0
922,2024-12-20T13:45:00+05:30,23718.75,23729.0,23695.65,23722.35,0
923,2024-12-20T14:00:00+05:30,23721.55,23723.05,23676.2,23687.9,0
924,2024-12-20T14:15:00+05:30,23687.7,23725.2,23678.75,23708.55,0
925,2024-12-20T14:30:00+05:30,23709.7,23711.15,23674.3,23692.35,0
926,2024-12-20T14:45:00+05:30,23691.85,23696.0,23633.8,23636.3,0
927,2024-12-20T15:00:00+05:30,23633.45,23635.5,23537.35,23539.3,0
928,2024-12-20T15:15:00+05:30,23538.8,23632.3,23538.4,23631.35,0
929,2024-12-23T09:15:00+05:30,23738.2,23806.5,23721.95,23743.7,0
930,2024-12-23T09:30:00+05:30,23743.85,23792.55,23701.6,23745.75,0
931,2024-12-23T09:45:00+05:30,23745.95,23779.15,23702.95,23729.15,0
932,2024-12-23T10:00:00+05:30,23729.25,23802.55,23713.2,23769.35,0
933,2024-12-23T10:15:00+05:30,23771.75,23779.15,23727.75,23763.0,0
934,2024-12-23T10:30:00+05:30,23762.6,23791.8,23749.95,23762.2,0
935,2024-12-23T10:45:00+05:30,23763.45,23827.1,23757.6,23825.9,0
936,2024-12-23T11:00:00+05:30,23825.35,23850.65,23820.8,23834.35,0
937,2024-12-23T11:15:00+05:30,23834.05,23864.95,23833.8,23862.75,0
938,2024-12-23T11:30:00+05:30,23862.9,23869.55,23831.35,23851.05,0
939,2024-12-23T11:45:00+05:30,23851.45,23860.9,23805.45,23808.0,0
940,2024-12-23T12:00:00+05:30,23807.65,23819.5,23746.6,23769.3,0
941,2024-12-23T12:15:00+05:30,23769.15,23783.9,23738.45,23745.05,0
942,2024-12-23T12:30:00+05:30,23743.8,23745.2,23714.5,23737.7,0
943,2024-12-23T12:45:00+05:30,23736.75,23742.05,23683.2,23686.1,0
944,2024-12-23T13:00:00+05:30,23686.0,23723.2,23674.15,23681.2,0
945,2024-12-23T13:15:00+05:30,23680.35,23704.1,23657.5,23667.1,0
946,2024-12-23T13:30:00+05:30,23666.65,23707.15,23647.2,23704.9,0
947,2024-12-23T13:45:00+05:30,23704.85,23712.95,23678.2,23678.45,0
948,2024-12-23T14:00:00+05:30,23678.1,23701.3,23660.2,23699.1,0
949,2024-12-23T14:15:00+05:30,23698.65,23747.85,23693.85,23743.5,0
950,2024-12-23T14:30:00+05:30,23742.7,23770.7,23737.25,23742.15,0
951,2024-12-23T14:45:00+05:30,23742.45,23754.3,23728.3,23735.5,0
952,2024-12-23T15:00:00+05:30,23736.2,23764.5,23728.6,23761.75,0
953,2024-12-23T15:15:00+05:30,23761.65,23770.0,23743.9,23747.2,0
954,2024-12-24T09:15:00+05:30,23769.1,23798.1,23746.1,23764.9,0
955,2024-12-24T09:30:00+05:30,23765.5,23768.15,23709.65,23739.5,0
956,2024-12-24T09:45:00+05:30,23739.15,23797.9,23734.35,23797.9,0
957,2024-12-24T10:00:00+05:30,23797.85,23822.15,23797.85,23804.85,0
958,2024-12-24T10:15:00+05:30,23804.95,23855.4,23800.35,23852.8,0
959,2024-12-24T10:30:00+05:30,23853.1,23867.65,23821.8,23827.7,0
960,2024-12-24T10:45:00+05:30,23827.6,23835.4,23813.35,23823.55,0
961,2024-12-24T11:00:00+05:30,23822.95,23843.05,23822.95,23828.2,0
962,2024-12-24T11:15:00+05:30,23827.95,23849.25,23827.05,23833.35,0
963,2024-12-24T11:30:00+05:30,23833.0,23837.35,23813.75,23825.55,0
964,2024-12-24T11:45:00+05:30,23825.0,23833.3,23813.6,23821.5,0
965,2024-12-24T12:00:00+05:30,23821.35,23821.35,23788.9,23793.3,0
966,2024-12-24T12:15:00+05:30,23793.8,23793.8,23764.1,23780.95,0
967,2024-12-24T12:30:00+05:30,23781.5,23807.65,23774.9,23803.15,0
968,2024-12-24T12:45:00+05:30,23803.7,23819.15,23784.95,23793.4,0
969,2024-12-24T13:00:00+05:30,23793.65,23798.15,23776.35,23785.35,0
970,2024-12-24T13:15:00+05:30,23785.6,23800.75,23777.7,23780.95,0
971,2024-12-24T13:30:00+05:30,23783.25,23789.55,23746.35,23752.45,0
972,2024-12-24T13:45:00+05:30,23753.4,23761.1,23739.8,23751.7,0
973,2024-12-24T14:00:00+05:30,23751.55,23767.3,23729.2,23762.75,0
974,2024-12-24T14:15:00+05:30,23762.5,23763.35,23714.7,23739.45,0
975,2024-12-24T14:30:00+05:30,23738.85,23750.25,23721.25,23734.25,0
976,2024-12-24T14:45:00+05:30,23734.1,23744.15,23717.9,23738.95,0
977,2024-12-24T15:00:00+05:30,23737.6,23739.6,23714.4,23718.95,0
978,2024-12-24T15:15:00+05:30,23718.8,23749.35,23685.15,23730.35,0
979,2024-12-26T09:15:00+05:30,23775.8,23854.5,23773.6,23826.35,0
980,2024-12-26T09:30:00+05:30,23826.75,23839.1,23796.95,23805.8,0
981,2024-12-26T09:45:00+05:30,23806.1,23812.35,23790.1,23802.2,0
982,2024-12-26T10:00:00+05:30,23802.1,23804.0,23729.05,23749.75,0
983,2024-12-26T10:15:00+05:30,23748.9,23770.05,23730.7,23731.5,0
984,2024-12-26T10:30:00+05:30,23731.75,23752.8,23723.75,23740.05,0
985,2024-12-26T10:45:00+05:30,23739.7,23739.7,23701.05,23726.55,0
986,2024-12-26T11:00:00+05:30,23727.0,23761.45,23727.0,23759.95,0
987,2024-12-26T11:15:00+05:30,23760.6,23763.65,23735.8,23758.7,0
988,2024-12-26T11:30:00+05:30,23758.3,23770.75,23744.15,23754.8,0
989,2024-12-26T11:45:00+05:30,23754.7,23771.25,23750.95,23769.35,0
990,2024-12-26T12:00:00+05:30,23769.15,23775.85,23729.35,23734.7,0
991,2024-12-26T12:15:00+05:30,23735.1,23749.75,23730.65,23746.25,0
992,2024-12-26T12:30:00+05:30,23745.3,23749.65,23733.75,23747.1,0
993,2024-12-26T12:45:00+05:30,23746.8,23753.5,23740.2,23745.65,0
994,2024-12-26T13:00:00+05:30,23745.5,23753.8,23740.85,23750.65,0
995,2024-12-26T13:15:00+05:30,23750.4,23754.9,23745.45,23749.3,0
996,2024-12-26T13:30:00+05:30,23749.4,23764.7,23653.6,23755.1,0
997,2024-12-26T13:45:00+05:30,23754.35,23774.45,23721.05,23740.2,0
998,2024-12-26T14:00:00+05:30,23741.75,23754.45,23735.05,23745.35,0
999,2024-12-26T14:15:00+05:30,23744.95,23752.65,23739.25,23747.15,0
1000,2024-12-26T14:30:00+05:30,23747.0,23757.0,23737.05,23751.35,0
1001,2024-12-26T14:45:00+05:30,23751.2,23762.9,23746.85,23751.4,0
1002,2024-12-26T15:00:00+05:30,23752.15,23763.0,23739.8,23754.95,0
1003,2024-12-26T15:15:00+05:30,23753.9,23769.75,23738.95,23760.3,0
1004,2024-12-27T09:15:00+05:30,23801.4,23857.8,23800.6,23856.1,0
1005,2024-12-27T09:30:00+05:30,23855.0,23863.85,23825.1,23862.5,0
1006,2024-12-27T09:45:00+05:30,23862.0,23923.7,23860.85,23918.4,0
1007,2024-12-27T10:00:00+05:30,23919.05,23931.9,23907.95,23924.95,0
1008,2024-12-27T10:15:00+05:30,23925.35,23938.85,23907.3,23910.35,0
1009,2024-12-27T10:30:00+05:30,23910.65,23937.3,23906.95,23913.35,0
1010,2024-12-27T10:45:00+05:30,23913.15,23914.7,23892.75,23899.85,0
1011,2024-12-27T11:00:00+05:30,23899.2,23907.6,23884.5,23903.55,0
1012,2024-12-27T11:15:00+05:30,23903.6,23907.1,23862.05,23885.6,0
1013,2024-12-27T11:30:00+05:30,23882.45,23886.95,23859.15,23872.0,0
1014,2024-12-27T11:45:00+05:30,23872.4,23872.4,23854.3,23857.5,0
1015,2024-12-27T12:00:00+05:30,23858.45,23862.6,23843.3,23845.25,0
1016,2024-12-27T12:15:00+05:30,23845.9,23846.75,23829.5,23837.55,0
1017,2024-12-27T12:30:00+05:30,23836.3,23855.0,23831.05,23849.15,0
1018,2024-12-27T12:45:00+05:30,23849.45,23856.2,23832.5,23837.25,0
1019,2024-12-27T13:00:00+05:30,23836.25,23874.2,23828.2,23854.75,0
1020,2024-12-27T13:15:00+05:30,23855.45,23855.45,23834.55,23845.65,0
1021,2024-12-27T13:30:00+05:30,23845.4,23860.25,23837.85,23849.25,0
1022,2024-12-27T13:45:00+05:30,23850.45,23862.55,23842.1,23856.45,0
1023,2024-12-27T14:00:00+05:30,23857.5,23868.45,23839.55,23841.75,0
1024,2024-12-27T14:15:00+05:30,23842.15,23848.5,23831.1,23841.15,0
1025,2024-12-27T14:30:00+05:30,23841.5,23845.3,23830.85,23842.15,0
1026,2024-12-27T14:45:00+05:30,23842.65,23848.95,23802.25,23807.7,0
1027,2024-12-27T15:00:00+05:30,23807.65,23824.8,23801.9,23807.7,0
1028,2024-12-27T15:15:00+05:30,23807.65,23841.1,23803.8,23832.45,0
1029,2024-12-30T09:15:00+05:30,23796.9,23818.8,23757.2,23758.4,0
1030,2024-12-30T09:30:00+05:30,23755.7,23770.1,23709.1,23725.05,0
1031,2024-12-30T09:45:00+05:30,23724.55,23781.05,23719.85,23738.45,0
1032,2024-12-30T10:00:00+05:30,23738.3,23785.4,23738.3,23779.95,0
1033,2024-12-30T10:15:00+05:30,23779.7,23796.3,23761.9,23789.95,0
1034,2024-12-30T10:30:00+05:30,23789.55,23804.2,23785.3,23801.05,0
1035,2024-12-30T10:45:00+05:30,23801.4,23844.4,23800.2,23803.7,0
1036,2024-12-30T11:00:00+05:30,23803.9,23806.9,23774.25,23787.4,0
1037,2024-12-30T11:15:00+05:30,23787.0,23840.75,23781.95,23839.35,0
1038,2024-12-30T11:30:00+05:30,23839.6,23876.4,23838.65,23873.8,0
1039,2024-12-30T11:45:00+05:30,23874.55,23915.35,23861.55,23895.95,0
1040,2024-12-30T12:00:00+05:30,23894.65,23899.9,23867.5,23881.4,0
1041,2024-12-30T12:15:00+05:30,23881.95,23885.6,23790.7,23794.45,0
1042,2024-12-30T12:30:00+05:30,23793.5,23810.75,23748.25,23805.25,0
1043,2024-12-30T12:45:00+05:30,23805.75,23821.95,23776.25,23795.2,0
1044,2024-12-30T13:00:00+05:30,23795.55,23796.95,23758.4,23772.2,0
1045,2024-12-30T13:15:00+05:30,23772.3,23790.0,23721.8,23726.25,0
1046,2024-12-30T13:30:00+05:30,23726.85,23733.5,23677.75,23692.8,0
1047,2024-12-30T13:45:00+05:30,23691.5,23691.65,23640.65,23665.85,0
1048,2024-12-30T14:00:00+05:30,23665.55,23668.1,23630.6,23640.1,0
1049,2024-12-30T14:15:00+05:30,23639.3,23658.35,23618.9,23630.35,0
1050,2024-12-30T14:30:00+05:30,23629.85,23674.5,23629.85,23664.65,0
1051,2024-12-30T14:45:00+05:30,23665.1,23707.5,23657.6,23700.75,0
1052,2024-12-30T15:00:00+05:30,23700.35,23709.65,23599.3,23617.5,0
1053,2024-12-30T15:15:00+05:30,23617.3,23680.3,23616.7,23658.65,0
1054,2024-12-31T09:15:00+05:30,23560.6,23581.0,23527.85,23540.2,0
1055,2024-12-31T09:30:00+05:30,23541.25,23584.5,23509.7,23523.4,0
1056,2024-12-31T09:45:00+05:30,23524.3,23536.65,23498.5,23530.55,0
1057,2024-12-31T10:00:00+05:30,23530.45,23541.7,23460.45,23470.0,0
1058,2024-12-31T10:15:00+05:30,23470.5,23555.45,23470.45,23507.55,0
1059,2024-12-31T10:30:00+05:30,23505.7,23546.05,23504.15,23544.5,0
1060,2024-12-31T10:45:00+05:30,23544.75,23596.5,23518.9,23571.75,0
1061,2024-12-31T11:00:00+05:30,23572.5,23609.55,23555.4,23609.1,0
1062,2024-12-31T11:15:00+05:30,23609.15,23611.95,23583.75,23596.15,0
1063,2024-12-31T11:30:00+05:30,23595.45,23614.9,23568.15,23612.95,0
1064,2024-12-31T11:45:00+05:30,23612.9,23616.95,23578.4,23596.85,0
1065,2024-12-31T12:00:00+05:30,23596.8,23605.55,23565.75,23588.6,0
1066,2024-12-31T12:15:00+05:30,23588.3,23618.15,23586.2,23610.25,0
1067,2024-12-31T12:30:00+05:30,23610.35,23624.75,23593.95,23596.4,0
1068,2024-12-31T12:45:00+05:30,23596.65,23604.7,23577.45,23583.6,0
1069,2024-12-31T13:00:00+05:30,23584.25,23600.15,23578.1,23592.7,0
1070,2024-12-31T13:15:00+05:30,23594.15,23626.45,23581.8,23621.7,0
1071,2024-12-31T13:30:00+05:30,23622.25,23666.05,23611.65,23639.4,0
1072,2024-12-31T13:45:00+05:30,23639.8,23653.65,23633.55,23644.95,0
1073,2024-12-31T14:00:00+05:30,23645.65,23689.85,23640.7,23680.4,0
1074,2024-12-31T14:15:00+05:30,23679.3,23683.8,23622.1,23639.65,0
1075,2024-12-31T14:30:00+05:30,23640.35,23653.75,23623.65,23648.45,0
1076,2024-12-31T14:45:00+05:30,23649.25,23665.65,23641.1,23664.1,0
1077,2024-12-31T15:00:00+05:30,23665.55,23665.55,23625.65,23647.75,0
1078,2024-12-31T15:15:00+05:30,23648.15,23669.4,23637.6,23668.8,0
1079,2025-01-01T09:15:00+05:30,23637.65,23683.6,23607.05,23640.85,0
1080,2025-01-01T09:30:00+05:30,23640.75,23650.05,23598.4,23610.6,0
1081,2025-01-01T09:45:00+05:30,23609.35,23609.35,23562.8,23592.05,0
1082,2025-01-01T10:00:00+05:30,23591.7,23648.25,23576.55,23629.6,0
1083,2025-01-01T10:15:00+05:30,23629.95,23655.15,23616.3,23653.25,0
1084,2025-01-01T10:30:00+05:30,23651.75,23676.55,23638.75,23656.6,0
1085,2025-01-01T10:45:00+05:30,23655.55,23749.9,23655.0,23739.4,0
1086,2025-01-01T11:00:00+05:30,23739.25,23761.5,23730.75,23754.05,0
1087,2025-01-01T11:15:00+05:30,23754.25,23778.85,23722.25,23742.9,0
1088,2025-01-01T11:30:00+05:30,23741.5,23749.1,23693.75,23724.45,0
1089,2025-01-01T11:45:00+05:30,23724.2,23735.95,23678.35,23691.5,0
1090,2025-01-01T12:00:00+05:30,23691.1,23718.95,23688.65,23714.25,0
1091,2025-01-01T12:15:00+05:30,23714.05,23769.8,23711.15,23748.9,0
1092,2025-01-01T12:30:00+05:30,23749.2,23772.95,23748.75,23759.9,0
1093,2025-01-01T12:45:00+05:30,23760.4,23773.0,23732.4,23733.85,0
1094,2025-01-01T13:00:00+05:30,23734.15,23742.45,23718.7,23727.05,0
1095,2025-01-01T13:15:00+05:30,23726.95,23747.35,23726.35,23744.55,0
1096,2025-01-01T13:30:00+05:30,23743.8,23752.4,23725.3,23749.7,0
1097,2025-01-01T13:45:00+05:30,23749.6,23785.95,23746.25,23785.4,0
1098,2025-01-01T14:00:00+05:30,23786.25,23822.8,23783.55,23789.1,0
1099,2025-01-01T14:15:00+05:30,23789.65,23791.85,23770.95,23779.55,0
1100,2025-01-01T14:30:00+05:30,23779.9,23797.65,23764.6,23767.5,0
1101,2025-01-01T14:45:00+05:30,23767.1,23768.6,23734.75,23741.2,0
1102,2025-01-01T15:00:00+05:30,23741.55,23748.45,23721.45,23739.95,0
1103,2025-01-01T15:15:00+05:30,23739.75,23769.8,23733.4,23758.7,0
1104,2025-01-02T09:15:00+05:30,23783.0,23812.15,23754.4,23766.2,0
1105,2025-01-02T09:30:00+05:30,23760.3,23842.05,23751.55,23826.7,0
1106,2025-01-02T09:45:00+05:30,23826.65,23868.5,23791.8,23833.1,0
1107,2025-01-02T10:00:00+05:30,23834.05,23877.35,23829.3,23834.1,0
1108,2025-01-02T10:15:00+05:30,23833.0,23889.6,23830.6,23878.5,0
1109,2025-01-02T10:30:00+05:30,23878.25,23898.55,23855.6,23884.2,0
1110,2025-01-02T10:45:00+05:30,23884.25,23939.0,23878.05,23932.75,0
1111,2025-01-02T11:00:00+05:30,23931.95,23963.5,23921.75,23943.65,0
1112,2025-01-02T11:15:00+05:30,23943.8,23969.15,23927.05,23967.2,0
1113,2025-01-02T11:30:00+05:30,23966.65,23974.15,23944.6,23958.25,0
1114,2025-01-02T11:45:00+05:30,23957.9,23959.15,23916.25,23937.4,0
1115,2025-01-02T12:00:00+05:30,23937.7,23966.8,23933.9,23940.45,0
1116,2025-01-02T12:15:00+05:30,23940.9,24025.65,23927.35,24015.6,0
1117,2025-01-02T12:30:00+05:30,24014.85,24071.35,24014.2,24053.9,0
1118,2025-01-02T12:45:00+05:30,24054.65,24072.5,24036.25,24054.75,0
1119,2025-01-02T13:00:00+05:30,24055.65,24091.2,24043.45,24084.75,0
1120,2025-01-02T13:15:00+05:30,24085.35,24129.75,24081.75,24099.85,0
1121,2025-01-02T13:30:00+05:30,24099.65,24151.9,24084.1,24147.4,0
1122,2025-01-02T13:45:00+05:30,24145.55,24151.3,24121.3,24123.8,0
1123,2025-01-02T14:00:00+05:30,24123.4,24153.15,24117.95,24144.7,0
1124,2025-01-02T14:15:00+05:30,24145.05,24186.6,24144.85,24156.8,0
1125,2025-01-02T14:30:00+05:30,24156.45,24190.2,24155.35,24177.8,0
1126,2025-01-02T14:45:00+05:30,24177.15,24226.7,24173.25,24208.15,0
1127,2025-01-02T15:00:00+05:30,24209.15,24210.5,24165.75,24186.25,0
1128,2025-01-02T15:15:00+05:30,24185.5,24194.5,24164.9,24167.95,0
1129,2025-01-03T09:15:00+05:30,24196.4,24196.45,24126.8,24133.3,0
1130,2025-01-03T09:30:00+05:30,24132.15,24141.95,24080.3,24083.4,0
1131,2025-01-03T09:45:00+05:30,24081.65,24101.0,24051.5,24058.15,0
1132,2025-01-03T10:00:00+05:30,24057.9,24111.35,24032.15,24042.2,0
1133,2025-01-03T10:15:00+05:30,24042.45,24075.7,24037.0,24047.0,0
1134,2025-01-03T10:30:00+05:30,24046.55,24047.95,24006.75,24027.2,0
1135,2025-01-03T10:45:00+05:30,24027.55,24035.85,24000.25,24011.6,0
1136,2025-01-03T11:00:00+05:30,24010.4,24061.6,24008.0,24057.7,0
1137,2025-01-03T11:15:00+05:30,24057.6,24149.9,24051.45,24113.2,0
1138,2025-01-03T11:30:00+05:30,24113.3,24132.25,24090.75,24128.15,0
1139,2025-01-03T11:45:00+05:30,24128.8,24137.55,24107.55,24135.45,0
1140,2025-01-03T12:00:00+05:30,24135.8,24139.95,24093.65,24114.4,0
1141,2025-01-03T12:15:00+05:30,24115.1,24115.1,24058.4,24059.1,0
1142,2025-01-03T12:30:00+05:30,24060.1,24087.8,24052.25,24076.7,0
1143,2025-01-03T12:45:00+05:30,24077.75,24087.2,24063.35,24082.5,0
1144,2025-01-03T13:00:00+05:30,24082.65,24121.6,24078.35,24098.25,0
1145,2025-01-03T13:15:00+05:30,24097.65,24112.55,24082.3,24099.05,0
1146,2025-01-03T13:30:00+05:30,24098.75,24106.5,24076.5,24081.35,0
1147,2025-01-03T13:45:00+05:30,24081.65,24083.2,24038.55,24041.65,0
1148,2025-01-03T14:00:00+05:30,24041.25,24049.8,24021.2,24031.6,0
1149,2025-01-03T14:15:00+05:30,24032.55,24047.9,24018.55,24043.7,0
1150,2025-01-03T14:30:00+05:30,24043.9,24051.7,24020.0,24036.95,0
1151,2025-01-03T14:45:00+05:30,24036.75,24053.5,24029.0,24032.55,0
1152,2025-01-03T15:00:00+05:30,24032.85,24035.2,23976.0,24008.05,0
1153,2025-01-03T15:15:00+05:30,24008.15,24021.8,23976.75,23990.15,0
1154,2025-01-06T09:15:00+05:30,24045.8,24089.95,24016.4,24036.15,0
1155,2025-01-06T09:30:00+05:30,24035.65,24071.5,23947.75,23948.35,0
1156,2025-01-06T09:45:00+05:30,23947.55,23967.65,23911.45,23942.0,0
1157,2025-01-06T10:00:00+05:30,23942.25,24030.4,23942.25,24025.7,0
1158,2025-01-06T10:15:00+05:30,24024.0,24054.3,23966.75,23966.95,0
1159,2025-01-06T10:30:00+05:30,23966.9,23966.9,23880.15,23882.95,0
1160,2025-01-06T10:45:00+05:30,23882.4,23882.9,23820.0,23831.5,0
1161,2025-01-06T11:00:00+05:30,23831.05,23837.4,23726.6,23745.1,0
1162,2025-01-06T11:15:00+05:30,23744.3,23786.55,23716.8,23782.35,0
1163,2025-01-06T11:30:00+05:30,23782.75,23800.35,23708.85,23708.85,0
1164,2025-01-06T11:45:00+05:30,23708.45,23709.15,23601.5,23608.15,0
1165,2025-01-06T12:00:00+05:30,23609.9,23727.6,23609.9,23719.8,0
1166,2025-01-06T12:15:00+05:30,23719.35,23731.0,23679.05,23679.05,0
1167,2025-01-06T12:30:00+05:30,23679.2,23768.75,23679.2,23740.5,0
1168,2025-01-06T12:45:00+05:30,23740.65,23770.45,23727.65,23769.55,0
1169,2025-01-06T13:00:00+05:30,23768.15,23779.15,23704.35,23714.7,0
1170,2025-01-06T13:15:00+05:30,23714.6,23714.6,23661.9,23669.7,0
1171,2025-01-06T13:30:00+05:30,23672.1,23676.65,23619.15,23648.75,0
1172,2025-01-06T13:45:00+05:30,23648.9,23661.15,23602.6,23632.2,0
1173,2025-01-06T14:00:00+05:30,23633.75,23665.95,23620.4,23623.85,0
1174,2025-01-06T14:15:00+05:30,23624.4,23660.2,23613.05,23614.65,0
1175,2025-01-06T14:30:00+05:30,23615.15,23620.35,23551.9,23573.3,0
1176,2025-01-06T14:45:00+05:30,23574.7,23644.05,23572.35,23643.05,0
1177,2025-01-06T15:00:00+05:30,23644.2,23653.8,23580.85,23585.6,0
1178,2025-01-06T15:15:00+05:30,23587.15,23636.95,23580.15,23629.6,0
1179,2025-01-07T09:15:00+05:30,23679.9,23776.25,23679.85,23756.65,0
1180,2025-01-07T09:30:00+05:30,23761.0,23795.2,23739.7,23783.5,0
1181,2025-01-07T09:45:00+05:30,23783.25,23784.45,23663.3,23678.75,0
1182,2025-01-07T10:00:00+05:30,23678.5,23745.9,23637.8,23745.9,0
1183,2025-01-07T10:15:00+05:30,23749.4,23768.05,23717.5,23758.85,0
1184,2025-01-07T10:30:00+05:30,23758.9,23760.85,23723.55,23742.45,0
1185,2025-01-07T10:45:00+05:30,23742.65,23766.8,23708.1,23724.85,0
1186,2025-01-07T11:00:00+05:30,23725.4,23749.85,23713.15,23731.65,0
1187,2025-01-07T11:15:00+05:30,23731.85,23756.9,23718.05,23748.85,0
1188,2025-01-07T11:30:00+05:30,23749.0,23770.5,23740.55,23744.45,0
1189,2025-01-07T11:45:00+05:30,23745.1,23761.55,23736.05,23738.3,0
1190,2025-01-07T12:00:00+05:30,23738.75,23743.8,23712.95,23720.0,0
1191,2025-01-07T12:15:00+05:30,23720.55,23731.1,23708.5,23720.4,0
1192,2025-01-07T12:30:00+05:30,23720.8,23735.8,23717.6,23731.35,0
1193,2025-01-07T12:45:00+05:30,23731.65,23742.7,23719.85,23726.95,0
1194,2025-01-07T13:00:00+05:30,23727.8,23738.6,23718.95,23726.65,0
1195,2025-01-07T13:15:00+05:30,23727.65,23733.65,23713.75,23730.8,0
1196,2025-01-07T13:30:00+05:30,23730.1,23761.95,23728.0,23729.75,0
1197,2025-01-07T13:45:00+05:30,23730.4,23743.25,23686.9,23689.15,0
1198,2025-01-07T14:00:00+05:30,23689.4,23728.25,23687.8,23720.25,0
1199,2025-01-07T14:15:00+05:30,23720.2,23733.7,23705.55,23710.7,0
1200,2025-01-07T14:30:00+05:30,23709.75,23712.05,23692.4,23696.9,0
1201,2025-01-07T14:45:00+05:30,23696.95,23728.6,23684.35,23720.55,0
1202,2025-01-07T15:00:00+05:30,23723.1,23737.0,23697.7,23704.45,0
1203,2025-01-07T15:15:00+05:30,23703.95,23712.05,23686.8,23694.6,0
1204,2025-01-08T09:15:00+05:30,23746.65,23751.85,23632.35,23638.7,0
1205,2025-01-08T09:30:00+05:30,23637.8,23697.45,23626.7,23650.2,0
1206,2025-01-08T09:45:00+05:30,23650.1,23691.15,23622.2,23670.05,0
1207,2025-01-08T10:00:00+05:30,23670.15,23685.0,23643.55,23669.2,0
1208,2025-01-08T10:15:00+05:30,23670.9,23684.25,23578.6,23607.65,0
1209,2025-01-08T10:30:00+05:30,23607.45,23614.1,23553.65,23554.75,0
1210,2025-01-08T10:45:00+05:30,23553.4,23583.25,23551.45,23575.65,0
1211,2025-01-08T11:00:00+05:30,23575.85,23588.8,23560.15,23573.0,0
1212,2025-01-08T11:15:00+05:30,23572.15,23586.1,23535.35,23580.75,0
1213,2025-01-08T11:30:00+05:30,23581.35,23603.7,23569.1,23572.0,0
1214,2025-01-08T11:45:00+05:30,23571.6,23572.8,23547.15,23553.6,0
1215,2025-01-08T12:00:00+05:30,23553.55,23553.9,23525.45,23526.75,0
1216,2025-01-08T12:15:00+05:30,23526.55,23559.2,23523.65,23533.0,0
1217,2025-01-08T12:30:00+05:30,23532.5,23537.05,23496.15,23533.25,0
1218,2025-01-08T12:45:00+05:30,23534.3,23556.6,23517.3,23546.25,0
1219,2025-01-08T13:00:00+05:30,23546.5,23550.85,23526.3,23535.65,0
1220,2025-01-08T13:15:00+05:30,23536.1,23584.0,23522.05,23566.5,0
1221,2025-01-08T13:30:00+05:30,23567.15,23636.75,23567.15,23629.5,0
1222,2025-01-08T13:45:00+05:30,23630.3,23672.25,23622.85,23666.3,0
1223,2025-01-08T14:00:00+05:30,23666.25,23701.75,23638.65,23696.5,0
1224,2025-01-08T14:15:00+05:30,23696.3,23727.5,23656.4,23660.4,0
1225,2025-01-08T14:30:00+05:30,23661.2,23699.75,23645.05,23694.95,0
1226,2025-01-08T14:45:00+05:30,23694.6,23718.65,23674.15,23677.9,0
1227,2025-01-08T15:00:00+05:30,23680.45,23707.1,23655.25,23705.2,0
1228,2025-01-08T15:15:00+05:30,23703.95,23706.7,23674.2,23675.2,0
1229,2025-01-09T09:15:00+05:30,23674.75,23689.5,23600.8,23614.35,0
1230,2025-01-09T09:30:00+05:30,23613.7,23630.95,23593.95,23607.85,0
1231,2025-01-09T09:45:00+05:30,23607.2,23636.8,23595.75,23632.45,0
1232,2025-01-09T10:00:00+05:30,23632.3,23642.45,23597.2,23639.1,0
1233,2025-01-09T10:15:00+05:30,23639.3,23652.85,23627.7,23630.2,0
1234,2025-01-09T10:30:00+05:30,23630.95,23638.45,23611.1,23617.8,0
1235,2025-01-09T10:45:00+05:30,23619.1,23621.5,23538.4,23544.15,0
1236,2025-01-09T11:00:00+05:30,23544.75,23564.05,23537.95,23561.9,0
1237,2025-01-09T11:15:00+05:30,23562.15,23573.8,23554.0,23560.1,0
1238,2025-01-09T11:30:00+05:30,23560.15,23573.0,23545.1,23553.6,0
1239,2025-01-09T11:45:00+05:30,23553.55,23558.0,23537.25,23552.35,0
1240,2025-01-09T12:00:00+05:30,23552.1,23565.05,23543.55,23562.05,0
1241,2025-01-09T12:15:00+05:30,23561.25,23616.7,23551.05,23551.1,0
1242,2025-01-09T12:30:00+05:30,23550.85,23567.65,23539.6,23555.8,0
1243,2025-01-09T12:45:00+05:30,23555.65,23560.4,23524.2,23536.75,0
1244,2025-01-09T13:00:00+05:30,23536.95,23552.8,23533.1,23545.5,0
1245,2025-01-09T13:15:00+05:30,23544.95,23552.25,23530.3,23536.5,0
1246,2025-01-09T13:30:00+05:30,23536.55,23541.85,23523.35,23530.4,0
1247,2025-01-09T13:45:00+05:30,23530.7,23546.1,23519.4,23525.7,0
1248,2025-01-09T14:00:00+05:30,23525.8,23548.5,23516.85,23537.25,0
1249,2025-01-09T14:15:00+05:30,23536.85,23548.6,23528.85,23531.0,0
1250,2025-01-09T14:30:00+05:30,23531.2,23536.9,23513.8,23517.5,0
1251,2025-01-09T14:45:00+05:30,23517.85,23525.15,23503.05,23513.15,0
1252,2025-01-09T15:00:00+05:30,23512.35,23530.6,23512.0,23520.85,0
1253,2025-01-09T15:15:00+05:30,23521.95,23561.05,23514.3,23557.2,0
1254,2025-01-10T09:15:00+05:30,23551.9,23596.0,23515.6,23518.8,0
1255,2025-01-10T09:30:00+05:30,23518.65,23524.75,23432.3,23475.1,0
1256,2025-01-10T09:45:00+05:30,23475.6,23476.25,23365.95,23369.65,0
1257,2025-01-10T10:00:00+05:30,23369.6,23400.95,23344.35,23396.55,0
1258,2025-01-10T10:15:00+05:30,23396.6,23444.6,23380.95,23406.15,0
1259,2025-01-10T10:30:00+05:30,23404.9,23442.0,23390.05,23438.2,0
1260,2025-01-10T10:45:00+05:30,23436.45,23475.05,23428.75,23460.45,0
1261,2025-01-10T11:00:00+05:30,23461.15,23557.65,23461.1,23557.65,0
1262,2025-01-10T11:15:00+05:30,23557.4,23590.55,23520.45,23554.95,0
1263,2025-01-10T11:30:00+05:30,23554.8,23596.6,23506.9,23509.35,0
1264,2025-01-10T11:45:00+05:30,23508.85,23542.2,23500.7,23538.9,0
1265,2025-01-10T12:00:00+05:30,23537.6,23553.0,23477.75,23523.4,0
1266,2025-01-10T12:15:00+05:30,23520.1,23566.0,23503.05,23510.45,0
1267,2025-01-10T12:30:00+05:30,23510.3,23533.8,23494.15,23528.75,0
1268,2025-01-10T12:45:00+05:30,23528.2,23542.9,23515.95,23519.8,0
1269,2025-01-10T13:00:00+05:30,23519.5,23534.1,23511.35,23517.75,0
1270,2025-01-10T13:15:00+05:30,23516.55,23536.3,23487.45,23489.7,0
1271,2025-01-10T13:30:00+05:30,23488.65,23513.6,23484.5,23504.15,0
1272,2025-01-10T13:45:00+05:30,23506.2,23528.5,23497.1,23515.6,0
1273,2025-01-10T14:00:00+05:30,23521.5,23529.4,23441.25,23441.25,0
1274,2025-01-10T14:15:00+05:30,23440.95,23454.65,23400.55,23433.65,0
1275,2025-01-10T14:30:00+05:30,23433.35,23441.9,23403.15,23427.75,0
1276,2025-01-10T14:45:00+05:30,23427.85,23446.1,23406.9,23408.45,0
1277,2025-01-10T15:00:00+05:30,23410.85,23431.75,23396.85,23412.2,0
1278,2025-01-10T15:15:00+05:30,23414.6,23449.4,23413.55,23437.35,0
1279,2025-01-13T09:15:00+05:30,23195.4,23263.8,23172.7,23256.6,0
1280,2025-01-13T09:30:00+05:30,23255.95,23270.9,23210.05,23246.05,0
1281,2025-01-13T09:45:00+05:30,23247.05,23247.05,23196.45,23229.75,0
1282,2025-01-13T10:00:00+05:30,23229.65,23274.6,23206.35,23273.2,0
1283,2025-01-13T10:15:00+05:30,23278.7,23323.45,23258.5,23319.35,0
1284,2025-01-13T10:30:00+05:30,23318.35,23340.95,23277.05,23306.3,0
1285,2025-01-13T10:45:00+05:30,23304.85,23331.75,23293.1,23295.65,0
1286,2025-01-13T11:00:00+05:30,23294.2,23306.35,23260.95,23275.0,0
1287,2025-01-13T11:15:00+05:30,23274.8,23298.6,23235.65,23240.55,0
1288,2025-01-13T11:30:00+05:30,23240.8,23243.45,23210.2,23235.75,0
1289,2025-01-13T11:45:00+05:30,23235.7,23263.0,23217.6,23219.35,0
1290,2025-01-13T12:00:00+05:30,23219.75,23238.8,23211.6,23215.1,0
1291,2025-01-13T12:15:00+05:30,23215.6,23227.65,23190.45,23224.8,0
1292,2025-01-13T12:30:00+05:30,23224.85,23234.7,23201.5,23222.35,0
1293,2025-01-13T12:45:00+05:30,23220.7,23221.5,23176.0,23179.65,0
1294,2025-01-13T13:00:00+05:30,23180.0,23199.1,23165.75,23177.45,0
1295,2025-01-13T13:15:00+05:30,23178.15,23191.4,23163.5,23181.3,0
1296,2025-01-13T13:30:00+05:30,23181.85,23186.15,23148.6,23154.95,0
1297,2025-01-13T13:45:00+05:30,23154.4,23163.45,23110.7,23114.1,0
1298,2025-01-13T14:00:00+05:30,23114.5,23139.8,23100.6,23116.4,0
1299,2025-01-13T14:15:00+05:30,23115.75,23137.85,23102.5,23110.4,0
1300,2025-01-13T14:30:00+05:30,23110.45,23115.65,23047.25,23082.5,0
1301,2025-01-13T14:45:00+05:30,23081.85,23122.8,23075.45,23099.35,0
1302,2025-01-13T15:00:00+05:30,23098.85,23106.5,23063.25,23090.85,0
1303,2025-01-13T15:15:00+05:30,23091.3,23101.8,23082.75,23088.7,0
1304,2025-01-14T09:15:00+05:30,23165.9,23227.2,23160.35,23193.1,0
1305,2025-01-14T09:30:00+05:30,23192.5,23204.85,23150.05,23173.45,0
1306,2025-01-14T09:45:00+05:30,23172.85,23206.7,23149.65,23179.9,0
1307,2025-01-14T10:00:00+05:30,23179.6,23182.9,23139.4,23156.2,0
1308,2025-01-14T10:15:00+05:30,23155.75,23160.0,23134.15,23156.45,0
1309,2025-01-14T10:30:00+05:30,23157.5,23186.05,23152.5,23185.5,0
1310,2025-01-14T10:45:00+05:30,23185.4,23216.45,23182.25,23214.85,0
1311,2025-01-14T11:00:00+05:30,23216.15,23264.95,23213.85,23260.05,0
1312,2025-01-14T11:15:00+05:30,23260.3,23261.35,23227.7,23229.55,0
1313,2025-01-14T11:30:00+05:30,23230.1,23232.1,23192.8,23198.55,0
1314,2025-01-14T11:45:00+05:30,23196.15,23201.05,23175.25,23196.3,0
1315,2025-01-14T12:00:00+05:30,23196.7,23197.35,23169.7,23181.1,0
1316,2025-01-14T12:15:00+05:30,23180.55,23184.15,23155.1,23172.4,0
1317,2025-01-14T12:30:00+05:30,23172.25,23189.3,23159.8,23181.9,0
1318,2025-01-14T12:45:00+05:30,23181.6,23199.3,23158.75,23160.9,0
1319,2025-01-14T13:00:00+05:30,23160.7,23168.8,23144.1,23168.2,0
1320,2025-01-14T13:15:00+05:30,23168.4,23174.1,23154.2,23167.8,0
1321,2025-01-14T13:30:00+05:30,23167.2,23169.5,23151.5,23158.45,0
1322,2025-01-14T13:45:00+05:30,23157.95,23161.2,23145.05,23157.65,0
1323,2025-01-14T14:00:00+05:30,23158.0,23184.85,23148.5,23182.45,0
1324,2025-01-14T14:15:00+05:30,23182.15,23198.95,23179.85,23183.1,0
1325,2025-01-14T14:30:00+05:30,23183.8,23187.8,23161.65,23175.55,0
1326,2025-01-14T14:45:00+05:30,23174.5,23183.3,23164.6,23170.1,0
1327,2025-01-14T15:00:00+05:30,23169.85,23176.65,23151.9,23173.25,0
1328,2025-01-14T15:15:00+05:30,23172.9,23223.05,23168.95,23206.85,0
1329,2025-01-15T09:15:00+05:30,23250.45,23273.55,23204.6,23206.75,0
1330,2025-01-15T09:30:00+05:30,23207.5,23216.4,23165.3,23200.85,0
1331,2025-01-15T09:45:00+05:30,23200.7,23224.15,23184.15,23217.2,0
1332,2025-01-15T10:00:00+05:30,23217.7,23230.15,23192.1,23219.65,0
1333,2025-01-15T10:15:00+05:30,23218.6,23245.7,23215.0,23233.7,0
1334,2025-01-15T10:30:00+05:30,23234.7,23268.7,23224.75,23268.25,0
1335,2025-01-15T10:45:00+05:30,23268.6,23293.65,23268.6,23278.55,0
1336,2025-01-15T11:00:00+05:30,23278.65,23289.05,23236.25,23257.4,0
1337,2025-01-15T11:15:00+05:30,23257.95,23264.2,23247.3,23247.3,0
1338,2025-01-15T11:30:00+05:30,23244.5,23248.95,23204.7,23226.65,0
1339,2025-01-15T11:45:00+05:30,23226.0,23246.55,23225.95,23241.45,0
1340,2025-01-15T12:00:00+05:30,23241.75,23248.25,23218.35,23221.5,0
1341,2025-01-15T12:15:00+05:30,23220.85,23227.65,23198.0,23222.9,0
1342,2025-01-15T12:30:00+05:30,23221.9,23254.85,23219.6,23251.4,0
1343,2025-01-15T12:45:00+05:30,23251.3,23266.35,23246.85,23250.95,0
1344,2025-01-15T13:00:00+05:30,23252.0,23253.8,23212.35,23212.35,0
1345,2025-01-15T13:15:00+05:30,23212.5,23212.65,23169.7,23173.65,0
1346,2025-01-15T13:30:00+05:30,23173.4,23186.75,23146.45,23167.7,0
1347,2025-01-15T13:45:00+05:30,23165.85,23188.25,23154.7,23179.7,0
1348,2025-01-15T14:00:00+05:30,23179.95,23195.45,23171.0,23181.5,0
1349,2025-01-15T14:15:00+05:30,23182.2,23204.0,23162.9,23163.1,0
1350,2025-01-15T14:30:00+05:30,23162.8,23214.75,23159.25,23211.9,0
1351,2025-01-15T14:45:00+05:30,23211.8,23219.4,23186.95,23209.15,0
1352,2025-01-15T15:00:00+05:30,23209.75,23227.7,23205.5,23214.55,0
1353,2025-01-15T15:15:00+05:30,23214.95,23229.3,23190.85,23228.1,0
1354,2025-01-16T09:15:00+05:30,23377.25,23391.65,23315.75,23348.3,0
1355,2025-01-16T09:30:00+05:30,23348.4,23358.35,23319.8,23326.6,0
1356,2025-01-16T09:45:00+05:30,23326.3,23331.0,23294.9,23310.85,0
1357,2025-01-16T10:00:00+05:30,23310.2,23325.05,23290.7,23308.0,0
1358,2025-01-16T10:15:00+05:30,23308.2,23320.3,23302.35,23306.25,0
1359,2025-01-16T10:30:00+05:30,23306.5,23317.85,23301.4,23312.2,0
1360,2025-01-16T10:45:00+05:30,23311.65,23313.3,23272.05,23289.75,0
1361,2025-01-16T11:00:00+05:30,23289.95,23296.8,23285.55,23289.55,0
1362,2025-01-16T11:15:00+05:30,23288.25,23293.0,23282.4,23287.4,0
1363,2025-01-16T11:30:00+05:30,23288.9,23308.8,23284.85,23307.0,0
1364,2025-01-16T11:45:00+05:30,23306.45,23308.4,23293.15,23299.85,0
1365,2025-01-16T12:00:00+05:30,23300.25,23303.55,23294.6,23298.9,0
1366,2025-01-16T12:15:00+05:30,23300.05,23304.55,23290.3,23299.45,0
1367,2025-01-16T12:30:00+05:30,23298.3,23313.9,23295.25,23309.65,0
1368,2025-01-16T12:45:00+05:30,23310.75,23328.8,23307.25,23324.15,0
1369,2025-01-16T13:00:00+05:30,23323.6,23328.2,23303.9,23318.0,0
1370,2025-01-16T13:15:00+05:30,23317.8,23324.3,23311.45,23321.9,0
1371,2025-01-16T13:30:00+05:30,23321.75,23327.8,23316.65,23326.25,0
1372,2025-01-16T13:45:00+05:30,23324.5,23340.9,23319.55,23332.5,0
1373,2025-01-16T14:00:00+05:30,23331.4,23337.45,23324.5,23333.35,0
1374,2025-01-16T14:15:00+05:30,23333.4,23333.4,23292.9,23298.55,0
1375,2025-01-16T14:30:00+05:30,23298.25,23305.35,23290.7,23303.55,0
1376,2025-01-16T14:45:00+05:30,23302.25,23307.65,23296.2,23304.45,0
1377,2025-01-16T15:00:00+05:30,23302.35,23318.45,23298.1,23309.65,0
1378,2025-01-16T15:15:00+05:30,23309.45,23353.25,23304.45,23350.8,0
1379,2025-01-17T09:15:00+05:30,23277.1,23292.1,23167.05,23220.7,0
1380,2025-01-17T09:30:00+05:30,23221.1,23249.2,23170.6,23193.8,0
1381,2025-01-17T09:45:00+05:30,23194.1,23231.0,23184.3,23226.0,0
1382,2025-01-17T10:00:00+05:30,23226.4,23236.7,23203.15,23204.15,0
1383,2025-01-17T10:15:00+05:30,23204.4,23264.15,23197.5,23263.65,0
1384,2025-01-17T10:30:00+05:30,23264.05,23269.25,23197.75,23198.15,0
1385,2025-01-17T10:45:00+05:30,23198.55,23198.55,23102.2,23107.65,0
1386,2025-01-17T11:00:00+05:30,23108.2,23135.55,23100.35,23131.85,0
1387,2025-01-17T11:15:00+05:30,23132.65,23155.65,23124.35,23151.6,0
1388,2025-01-17T11:30:00+05:30,23151.15,23177.9,23141.0,23153.15,0
1389,2025-01-17T11:45:00+05:30,23152.05,23168.95,23135.65,23168.15,0
1390,2025-01-17T12:00:00+05:30,23168.3,23218.2,23164.9,23208.95,0
1391,2025-01-17T12:15:00+05:30,23208.6,23264.3,23197.1,23211.1,0
1392,2025-01-17T12:30:00+05:30,23211.65,23246.1,23209.4,23222.85,0
1393,2025-01-17T12:45:00+05:30,23222.2,23241.95,23202.05,23227.8,0
1394,2025-01-17T13:00:00+05:30,23229.0,23235.55,23197.6,23200.25,0
1395,2025-01-17T13:15:00+05:30,23200.3,23206.9,23168.65,23181.75,0
1396,2025-01-17T13:30:00+05:30,23182.4,23199.55,23160.85,23178.1,0
1397,2025-01-17T13:45:00+05:30,23178.2,23205.9,23173.65,23191.85,0
1398,2025-01-17T14:00:00+05:30,23192.3,23208.25,23172.8,23198.5,0
1399,2025-01-17T14:15:00+05:30,23198.65,23222.55,23187.3,23212.6,0
1400,2025-01-17T14:30:00+05:30,23212.75,23237.35,23208.55,23231.85,0
1401,2025-01-17T14:45:00+05:30,23231.7,23245.05,23217.5,23242.15,0
1402,2025-01-17T15:00:00+05:30,23243.4,23243.4,23191.9,23196.65,0
1403,2025-01-17T15:15:00+05:30,23197.8,23210.55,23194.8,23203.1,0
1404,2025-01-20T09:15:00+05:30,23290.4,23308.35,23189.7,23209.25,0
1405,2025-01-20T09:30:00+05:30,23208.9,23228.55,23170.65,23212.4,0
1406,2025-01-20T09:45:00+05:30,23212.05,23236.1,23190.4,23226.65,0
1407,2025-01-20T10:00:00+05:30,23226.1,23240.0,23206.05,23228.05,0
1408,2025-01-20T10:15:00+05:30,23228.35,23255.15,23227.65,23250.45,0
1409,2025-01-20T10:30:00+05:30,23250.05,23272.05,23245.5,23261.5,0
1410,2025-01-20T10:45:00+05:30,23261.3,23274.65,23246.7,23270.8,0
1411,2025-01-20T11:00:00+05:30,23270.45,23283.05,23257.6,23273.2,0
1412,2025-01-20T11:15:00+05:30,23275.15,23337.55,23272.2,23330.95,0
1413,2025-01-20T11:30:00+05:30,23331.35,23374.45,23331.35,23372.1,0
1414,2025-01-20T11:45:00+05:30,23372.0,23376.5,23346.35,23352.75,0
1415,2025-01-20T12:00:00+05:30,23352.35,23358.8,23333.6,23342.95,0
1416,2025-01-20T12:15:00+05:30,23343.7,23371.8,23336.1,23339.25,0
1417,2025-01-20T12:30:00+05:30,23339.3,23352.8,23326.45,23337.8,0
1418,2025-01-20T12:45:00+05:30,23337.9,23362.85,23334.7,23336.45,0
1419,2025-01-20T13:00:00+05:30,23336.55,23372.2,23326.3,23359.7,0
1420,2025-01-20T13:15:00+05:30,23359.55,23391.1,23340.2,23342.05,0
1421,2025-01-20T13:30:00+05:30,23341.5,23350.0,23333.45,23341.8,0
1422,2025-01-20T13:45:00+05:30,23345.1,23354.1,23334.2,23338.25,0
1423,2025-01-20T14:00:00+05:30,23339.55,23359.95,23328.25,23359.95,0
1424,2025-01-20T14:15:00+05:30,23359.2,23366.25,23332.95,23335.3,0
1425,2025-01-20T14:30:00+05:30,23337.4,23359.15,23327.65,23353.7,0
1426,2025-01-20T14:45:00+05:30,23354.2,23365.55,23350.75,23356.9,0
1427,2025-01-20T15:00:00+05:30,23356.7,23362.35,23344.45,23351.7,0
1428,2025-01-20T15:15:00+05:30,23352.25,23352.85,23329.4,23337.05,0
1429,2025-01-21T09:15:00+05:30,23421.65,23426.3,23369.4,23413.8,0
1430,2025-01-21T09:30:00+05:30,23414.6,23419.3,23335.45,23340.1,0
1431,2025-01-21T09:45:00+05:30,23340.25,23360.35,23281.6,23299.15,0
1432,2025-01-21T10:00:00+05:30,23297.8,23303.7,23247.2,23266.4,0
1433,2025-01-21T10:15:00+05:30,23265.9,23266.6,23127.7,23141.5,0
1434,2025-01-21T10:30:00+05:30,23141.0,23204.7,23134.0,23186.6,0
1435,2025-01-21T10:45:00+05:30,23185.8,23217.7,23170.35,23170.45,0
1436,2025-01-21T11:00:00+05:30,23168.6,23188.05,23138.95,23165.6,0
1437,2025-01-21T11:15:00+05:30,23164.25,23180.4,23143.8,23144.35,0
1438,2025-01-21T11:30:00+05:30,23143.55,23205.15,23143.55,23197.35,0
1439,2025-01-21T11:45:00+05:30,23197.9,23421.25,23197.9,23381.8,0
1440,2025-01-21T12:00:00+05:30,23380.9,23392.65,23275.55,23281.15,0
1441,2025-01-21T12:15:00+05:30,23280.45,23280.85,23111.1,23138.55,0
1442,2025-01-21T12:30:00+05:30,23133.0,23171.1,23117.05,23151.4,0
1443,2025-01-21T12:45:00+05:30,23144.85,23271.0,23144.85,23239.95,0
1444,2025-01-21T13:00:00+05:30,23234.3,23294.8,23231.6,23256.3,0
1445,2025-01-21T13:15:00+05:30,23252.45,23283.55,23120.15,23273.55,0
1446,2025-01-21T13:30:00+05:30,23265.95,23296.55,23215.65,23254.65,0
1447,2025-01-21T13:45:00+05:30,23250.65,23261.75,23174.2,23216.85,0
1448,2025-01-21T14:00:00+05:30,23212.1,23243.15,23194.35,23196.85,0
1449,2025-01-21T14:15:00+05:30,23193.9,23207.1,23131.5,23165.55,0
1450,2025-01-21T14:30:00+05:30,23162.55,23182.45,22976.85,23012.25,0
1451,2025-01-21T14:45:00+05:30,23008.3,23043.7,22989.45,23021.2,0
1452,2025-01-21T15:00:00+05:30,23019.65,23038.25,22999.15,23022.45,0
1453,2025-01-21T15:15:00+05:30,23022.7,23057.45,23022.7,23053.05,0
1454,2025-01-22T09:15:00+05:30,23099.15,23127.7,23069.7,23082.6,0
1455,2025-01-22T09:30:00+05:30,23083.0,23125.75,23067.75,23069.05,0
1456,2025-01-22T09:45:00+05:30,23067.45,23124.65,23050.55,23103.25,0
1457,2025-01-22T10:00:00+05:30,23102.05,23110.95,23084.25,23096.85,0
1458,2025-01-22T10:15:00+05:30,23096.75,23117.5,23073.75,23105.25,0
1459,2025-01-22T10:30:00+05:30,23104.95,23114.65,23073.5,23106.6,0
1460,2025-01-22T10:45:00+05:30,23107.25,23144.25,23084.55,23095.5,0
1461,2025-01-22T11:00:00+05:30,23095.1,23103.9,23061.3,23064.95,0
1462,2025-01-22T11:15:00+05:30,23065.2,23070.65,23050.8,23067.45,0
1463,2025-01-22T11:30:00+05:30,23066.9,23079.4,23034.55,23044.15,0
1464,2025-01-22T11:45:00+05:30,23044.0,23065.4,23029.95,23035.3,0
1465,2025-01-22T12:00:00+05:30,23034.55,23046.7,23011.85,23036.95,0
1466,2025-01-22T12:15:00+05:30,23037.65,23050.85,22989.6,23013.4,0
1467,2025-01-22T12:30:00+05:30,23013.0,23047.35,23012.25,23026.05,0
1468,2025-01-22T12:45:00+05:30,23027.0,23031.25,23007.15,23017.95,0
1469,2025-01-22T13:00:00+05:30,23019.15,23045.2,22995.45,23043.05,0
1470,2025-01-22T13:15:00+05:30,23043.3,23043.9,23001.8,23005.3,0
1471,2025-01-22T13:30:00+05:30,23005.75,23029.6,22981.3,22986.25,0
1472,2025-01-22T13:45:00+05:30,22986.1,23030.05,22986.0,23016.5,0
1473,2025-01-22T14:00:00+05:30,23016.3,23084.85,22993.3,23065.55,0
1474,2025-01-22T14:15:00+05:30,23065.75,23126.3,23054.3,23118.9,0
1475,2025-01-22T14:30:00+05:30,23118.35,23136.2,23087.5,23125.25,0
1476,2025-01-22T14:45:00+05:30,23124.05,23160.95,23101.45,23159.4,0
1477,2025-01-22T15:00:00+05:30,23159.2,23169.55,23138.15,23164.25,0
1478,2025-01-22T15:15:00+05:30,23163.8,23165.15,23147.6,23161.75,0
1479,2025-01-23T09:15:00+05:30,23128.3,23146.45,23090.65,23107.15,0
1480,2025-01-23T09:30:00+05:30,23105.55,23202.85,23103.0,23197.95,0
1481,2025-01-23T09:45:00+05:30,23197.05,23220.15,23183.45,23203.3,0
1482,2025-01-23T10:00:00+05:30,23202.8,23235.4,23188.35,23217.6,0
1483,2025-01-23T10:15:00+05:30,23217.3,23241.4,23215.75,23240.4,0
1484,2025-01-23T10:30:00+05:30,23240.05,23246.2,23223.35,23235.45,0
1485,2025-01-23T10:45:00+05:30,23236.05,23240.45,23202.5,23211.9,0
1486,2025-01-23T11:00:00+05:30,23216.7,23232.55,23205.35,23223.75,0
1487,2025-01-23T11:15:00+05:30,23223.15,23226.85,23213.5,23225.2,0
1488,2025-01-23T11:30:00+05:30,23225.65,23238.6,23216.4,23221.9,0
1489,2025-01-23T11:45:00+05:30,23221.55,23227.55,23201.05,23217.6,0
1490,2025-01-23T12:00:00+05:30,23217.5,23233.5,23212.25,23232.75,0
1491,2025-01-23T12:15:00+05:30,23232.1,23260.35,23220.1,23252.05,0
1492,2025-01-23T12:30:00+05:30,23251.5,23270.8,23249.8,23254.4,0
1493,2025-01-23T12:45:00+05:30,23253.4,23257.4,23232.1,23245.6,0
1494,2025-01-23T13:00:00+05:30,23244.75,23251.1,23238.7,23244.55,0
1495,2025-01-23T13:15:00+05:30,23245.3,23249.3,23236.3,23242.3,0
1496,2025-01-23T13:30:00+05:30,23241.85,23254.05,23229.9,23252.05,0
1497,2025-01-23T13:45:00+05:30,23251.95,23256.65,23237.95,23250.9,0
1498,2025-01-23T14:00:00+05:30,23248.85,23254.55,23225.55,23239.95,0
1499,2025-01-23T14:15:00+05:30,23241.9,23246.7,23215.4,23224.75,0
1500,2025-01-23T14:30:00+05:30,23224.95,23243.9,23222.7,23230.4,0
1501,2025-01-23T14:45:00+05:30,23230.35,23236.1,23201.0,23213.85,0
1502,2025-01-23T15:00:00+05:30,23215.85,23220.65,23200.1,23201.25,0
1503,2025-01-23T15:15:00+05:30,23202.85,23218.2,23191.7,23216.3,0
1504,2025-01-24T09:15:00+05:30,23183.9,23292.05,23177.8,23235.55,0
1505,2025-01-24T09:30:00+05:30,23235.25,23246.1,23192.55,23230.25,0
1506,2025-01-24T09:45:00+05:30,23230.05,23247.9,23144.25,23145.85,0
1507,2025-01-24T10:00:00+05:30,23144.25,23174.8,23127.55,23156.35,0
1508,2025-01-24T10:15:00+05:30,23155.25,23210.8,23102.9,23183.05,0
1509,2025-01-24T10:30:00+05:30,23182.0,23227.1,23170.0,23213.5,0
1510,2025-01-24T10:45:00+05:30,23213.3,23221.2,23195.55,23221.2,0
1511,2025-01-24T11:00:00+05:30,23220.4,23289.2,23214.9,23279.2,0
1512,2025-01-24T11:15:00+05:30,23277.95,23284.8,23254.0,23278.55,0
1513,2025-01-24T11:30:00+05:30,23278.05,23323.3,23269.35,23321.75,0
1514,2025-01-24T11:45:00+05:30,23321.95,23347.3,23320.5,23323.75,0
1515,2025-01-24T12:00:00+05:30,23323.35,23331.3,23289.7,23300.8,0
1516,2025-01-24T12:15:00+05:30,23300.35,23319.4,23288.75,23295.5,0
1517,2025-01-24T12:30:00+05:30,23294.15,23296.9,23211.8,23213.55,0
1518,2025-01-24T12:45:00+05:30,23213.5,23236.5,23195.8,23219.65,0
1519,2025-01-24T13:00:00+05:30,23218.3,23228.1,23164.85,23216.5,0
1520,2025-01-24T13:15:00+05:30,23214.7,23214.7,23170.8,23193.9,0
1521,2025-01-24T13:30:00+05:30,23194.85,23198.05,23141.7,23155.9,0
1522,2025-01-24T13:45:00+05:30,23157.05,23190.5,23147.0,23175.25,0
1523,2025-01-24T14:00:00+05:30,23172.8,23213.75,23140.35,23142.25,0
1524,2025-01-24T14:15:00+05:30,23141.85,23153.45,23120.8,23138.85,0
1525,2025-01-24T14:30:00+05:30,23139.6,23168.6,23065.15,23081.35,0
1526,2025-01-24T14:45:00+05:30,23081.1,23087.2,23050.0,23078.5,0
1527,2025-01-24T15:00:00+05:30,23079.35,23105.55,23066.8,23077.5,0
1528,2025-01-24T15:15:00+05:30,23077.75,23105.1,23077.75,23090.35,0
1529,2025-01-27T09:15:00+05:30,22940.15,22987.5,22910.85,22966.6,0
1530,2025-01-27T09:30:00+05:30,22967.55,23007.45,22948.1,22994.0,0
1531,2025-01-27T09:45:00+05:30,22995.45,23005.4,22963.2,22967.25,0
1532,2025-01-27T10:00:00+05:30,22968.05,22999.15,22960.3,22970.7,0
1533,2025-01-27T10:15:00+05:30,22971.25,22971.25,22853.9,22854.3,0
1534,2025-01-27T10:30:00+05:30,22854.5,22867.25,22826.85,22861.25,0
1535,2025-01-27T10:45:00+05:30,22861.75,22886.65,22838.3,22846.55,0
1536,2025-01-27T11:00:00+05:30,22847.25,22870.35,22840.95,22864.5,0
1537,2025-01-27T11:15:00+05:30,22864.55,22903.5,22862.95,22894.5,0
1538,2025-01-27T11:30:00+05:30,22895.25,22909.5,22856.25,22866.9,0
1539,2025-01-27T11:45:00+05:30,22867.3,22912.9,22864.7,22906.5,0
1540,2025-01-27T12:00:00+05:30,22907.45,22941.65,22867.0,22881.55,0
1541,2025-01-27T12:15:00+05:30,22882.0,22943.7,22882.0,22936.25,0
1542,2025-01-27T12:30:00+05:30,22935.85,22938.95,22862.6,22866.3,0
1543,2025-01-27T12:45:00+05:30,22866.75,22877.2,22840.55,22862.75,0
1544,2025-01-27T13:00:00+05:30,22862.8,22885.85,22854.6,22885.45,0
1545,2025-01-27T13:15:00+05:30,22885.95,22892.35,22840.7,22846.45,0
1546,2025-01-27T13:30:00+05:30,22845.75,22870.25,22827.95,22861.45,0
1547,2025-01-27T13:45:00+05:30,22862.1,22878.6,22839.65,22860.35,0
1548,2025-01-27T14:00:00+05:30,22855.95,22861.1,22822.4,22834.9,0
1549,2025-01-27T14:15:00+05:30,22835.1,22857.9,22828.85,22834.05,0
1550,2025-01-27T14:30:00+05:30,22834.1,22834.6,22799.7,22806.85,0
1551,2025-01-27T14:45:00+05:30,22806.6,22833.35,22786.9,22825.55,0
1552,2025-01-27T15:00:00+05:30,22826.15,22843.3,22814.6,22835.7,0
1553,2025-01-27T15:15:00+05:30,22835.5,22838.4,22814.35,22816.85,0
1554,2025-01-28T09:15:00+05:30,22960.45,22973.45,22884.2,22908.35,0
1555,2025-01-28T09:30:00+05:30,22908.8,22909.55,22874.75,22877.9,0
1556,2025-01-28T09:45:00+05:30,22876.0,22918.4,22859.7,22892.0,0
1557,2025-01-28T10:00:00+05:30,22894.4,22930.35,22872.2,22881.25,0
1558,2025-01-28T10:15:00+05:30,22882.5,22909.7,22857.65,22906.7,0
1559,2025-01-28T10:30:00+05:30,22906.5,22918.85,22873.45,22884.05,0
1560,2025-01-28T10:45:00+05:30,22882.35,22910.1,22877.8,22897.5,0
1561,2025-01-28T11:00:00+05:30,22897.15,22987.1,22892.95,22959.6,0
1562,2025-01-28T11:15:00+05:30,22958.55,22978.35,22944.3,22971.2,0
1563,2025-01-28T11:30:00+05:30,22971.15,23033.5,22957.85,23007.3,0
1564,2025-01-28T11:45:00+05:30,23006.95,23027.9,22986.4,22995.15,0
1565,2025-01-28T12:00:00+05:30,22994.9,23040.9,22988.4,23032.65,0
1566,2025-01-28T12:15:00+05:30,23032.15,23049.25,23000.25,23008.7,0
1567,2025-01-28T12:30:00+05:30,23007.55,23022.5,22999.1,23008.85,0
1568,2025-01-28T12:45:00+05:30,23009.4,23054.7,23009.0,23045.0,0
1569,2025-01-28T13:00:00+05:30,23044.75,23068.9,23039.85,23065.25,0
1570,2025-01-28T13:15:00+05:30,23067.35,23073.8,23026.15,23026.15,0
1571,2025-01-28T13:30:00+05:30,23026.65,23053.5,23021.75,23037.9,0
1572,2025-01-28T13:45:00+05:30,23035.85,23065.0,23034.75,23057.65,0
1573,2025-01-28T14:00:00+05:30,23057.35,23076.05,23043.2,23051.75,0
1574,2025-01-28T14:15:00+05:30,23051.95,23125.95,23048.15,23116.5,0
1575,2025-01-28T14:30:00+05:30,23116.0,23137.95,23103.35,23129.35,0
1576,2025-01-28T14:45:00+05:30,23129.85,23132.4,22956.95,22987.6,0
1577,2025-01-28T15:00:00+05:30,22989.75,22990.75,22909.25,22967.55,0
1578,2025-01-28T15:15:00+05:30,22968.35,22984.5,22951.5,22976.3,0
1579,2025-01-29T09:15:00+05:30,23026.75,23050.05,22978.35,22987.7,0
1580,2025-01-29T09:30:00+05:30,22988.0,23069.85,22976.5,23040.45,0
1581,2025-01-29T09:45:00+05:30,23041.55,23056.7,23023.7,23056.7,0
1582,2025-01-29T10:00:00+05:30,23056.45,23097.3,23047.3,23067.15,0
1583,2025-01-29T10:15:00+05:30,23067.55,23106.05,23053.8,23095.25,0
1584,2025-01-29T10:30:00+05:30,23094.55,23106.45,23071.15,23074.1,0
1585,2025-01-29T10:45:00+05:30,23073.7,23125.85,23068.25,23122.85,0
1586,2025-01-29T11:00:00+05:30,23122.75,23123.95,23074.75,23085.4,0
1587,2025-01-29T11:15:00+05:30,23084.75,23090.85,22984.15,23066.45,0
1588,2025-01-29T11:30:00+05:30,23066.8,23126.6,23066.8,23092.7,0
1589,2025-01-29T11:45:00+05:30,23093.3,23128.15,23092.15,23112.7,0
1590,2025-01-29T12:00:00+05:30,23111.5,23128.8,23098.05,23120.95,0
1591,2025-01-29T12:15:00+05:30,23121.1,23168.5,23116.0,23135.9,0
1592,2025-01-29T12:30:00+05:30,23135.55,23149.9,23112.65,23133.25,0
1593,2025-01-29T12:45:00+05:30,23133.05,23146.2,23116.3,23122.35,0
1594,2025-01-29T13:00:00+05:30,23122.4,23131.4,23086.55,23112.8,0
1595,2025-01-29T13:15:00+05:30,23113.05,23166.85,23109.9,23162.95,0
1596,2025-01-29T13:30:00+05:30,23163.15,23167.75,23136.75,23147.6,0
1597,2025-01-29T13:45:00+05:30,23148.95,23169.8,23143.0,23158.3,0
1598,2025-01-29T14:00:00+05:30,23158.1,23181.35,23148.95,23174.05,0
1599,2025-01-29T14:15:00+05:30,23174.55,23180.8,23126.3,23142.7,0
1600,2025-01-29T14:30:00+05:30,23142.8,23146.55,23115.1,23144.85,0
1601,2025-01-29T14:45:00+05:30,23145.3,23149.65,23130.9,23138.8,0
1602,2025-01-29T15:00:00+05:30,23140.65,23164.05,23132.15,23159.35,0
1603,2025-01-29T15:15:00+05:30,23160.3,23183.35,23153.85,23176.2,0
1604,2025-01-30T09:15:00+05:30,23169.5,23195.6,23139.2,23169.45,0
1605,2025-01-30T09:30:00+05:30,23169.0,23215.55,23166.25,23204.15,0
1606,2025-01-30T09:45:00+05:30,23205.0,23233.95,23200.65,23230.5,0
1607,2025-01-30T10:00:00+05:30,23230.65,23300.9,23227.25,23271.4,0
1608,2025-01-30T10:15:00+05:30,23271.6,23306.1,23268.7,23300.5,0
1609,2025-01-30T10:30:00+05:30,23302.45,23311.15,23279.35,23295.65,0
1610,2025-01-30T10:45:00+05:30,23296.9,23302.75,23235.9,23246.85,0
1611,2025-01-30T11:00:00+05:30,23247.35,23291.0,23224.0,23288.3,0
1612,2025-01-30T11:15:00+05:30,23289.15,23301.0,23258.95,23265.95,0
1613,2025-01-30T11:30:00+05:30,23267.55,23267.7,23228.05,23244.85,0
1614,2025-01-30T11:45:00+05:30,23245.8,23287.65,23242.1,23266.95,0
1615,2025-01-30T12:00:00+05:30,23268.05,23276.35,23246.15,23250.8,0
1616,2025-01-30T12:15:00+05:30,23250.3,23288.55,23229.7,23273.15,0
1617,2025-01-30T12:30:00+05:30,23273.9,23289.9,23270.3,23274.95,0
1618,2025-01-30T12:45:00+05:30,23275.5,23279.45,23249.6,23261.85,0
1619,2025-01-30T13:00:00+05:30,23262.05,23279.75,23255.25,23261.95,0
1620,2025-01-30T13:15:00+05:30,23263.4,23268.45,23219.6,23223.6,0
1621,2025-01-30T13:30:00+05:30,23223.9,23239.4,23216.9,23224.5,0
1622,2025-01-30T13:45:00+05:30,23227.3,23228.75,23173.75,23191.7,0
1623,2025-01-30T14:00:00+05:30,23190.35,23199.9,23141.9,23167.6,0
1624,2025-01-30T14:15:00+05:30,23168.15,23193.2,23159.05,23164.85,0
1625,2025-01-30T14:30:00+05:30,23163.6,23177.05,23139.95,23174.6,0
1626,2025-01-30T14:45:00+05:30,23175.0,23205.7,23148.8,23192.15,0
1627,2025-01-30T15:00:00+05:30,23192.35,23255.05,23182.9,23249.55,0
1628,2025-01-30T15:15:00+05:30,23248.45,23322.05,23244.7,23297.95,0
1629,2025-01-31T09:15:00+05:30,23296.75,23332.45,23277.4,23326.05,0
1630,2025-01-31T09:30:00+05:30,23325.35,23355.65,23295.65,23349.45,0
1631,2025-01-31T09:45:00+05:30,23348.7,23395.45,23345.0,23389.5,0
1632,2025-01-31T10:00:00+05:30,23390.1,23403.75,23314.8,23340.2,0
1633,2025-01-31T10:15:00+05:30,23339.65,23397.2,23331.7,23390.2,0
1634,2025-01-31T10:30:00+05:30,23389.8,23415.6,23388.4,23413.65,0
1635,2025-01-31T10:45:00+05:30,23413.4,23431.0,23406.15,23430.8,0
1636,2025-01-31T11:00:00+05:30,23430.7,23444.55,23418.5,23422.8,0
1637,2025-01-31T11:15:00+05:30,23422.4,23448.7,23403.45,23403.45,0
1638,2025-01-31T11:30:00+05:30,23403.65,23411.9,23388.45,23399.9,0
1639,2025-01-31T11:45:00+05:30,23400.2,23432.6,23400.0,23431.55,0
1640,2025-01-31T12:00:00+05:30,23431.85,23449.15,23422.25,23444.2,0
1641,2025-01-31T12:15:00+05:30,23444.5,23448.65,23426.05,23434.85,0
1642,2025-01-31T12:30:00+05:30,23434.7,23478.4,23433.0,23462.45,0
1643,2025-01-31T12:45:00+05:30,23462.95,23485.1,23455.65,23480.85,0
1644,2025-01-31T13:00:00+05:30,23480.35,23502.7,23463.6,23500.1,0
1645,2025-01-31T13:15:00+05:30,23500.05,23526.45,23497.9,23522.5,0
1646,2025-01-31T13:30:00+05:30,23521.8,23530.7,23492.3,23506.65,0
1647,2025-01-31T13:45:00+05:30,23506.9,23512.75,23478.45,23481.8,0
1648,2025-01-31T14:00:00+05:30,23482.7,23484.85,23426.1,23447.85,0
1649,2025-01-31T14:15:00+05:30,23446.8,23452.45,23422.6,23444.5,0
1650,2025-01-31T14:30:00+05:30,23443.3,23486.5,23432.1,23484.3,0
1651,2025-01-31T14:45:00+05:30,23483.05,23501.1,23477.25,23494.15,0
1652,2025-01-31T15:00:00+05:30,23493.55,23518.05,23478.65,23515.15,0
1653,2025-01-31T15:15:00+05:30,23513.85,23546.8,23498.25,23533.85,0
1654,2025-02-01T09:15:00+05:30,23528.6,23595.45,23479.05,23506.7,0
1655,2025-02-01T09:30:00+05:30,23510.05,23589.5,23506.2,23558.85,0
1656,2025-02-01T09:45:00+05:30,23558.8,23585.5,23532.55,23560.65,0
1657,2025-02-01T10:00:00+05:30,23558.05,23588.05,23549.1,23555.9,0
1658,2025-02-01T10:15:00+05:30,23555.7,23578.45,23555.7,23568.3,0
1659,2025-02-01T10:30:00+05:30,23568.1,23595.8,23560.05,23581.7,0
1660,2025-02-01T10:45:00+05:30,23583.7,23602.15,23575.4,23590.5,0
1661,2025-02-01T11:00:00+05:30,23589.9,23594.3,23530.8,23582.95,0
1662,2025-02-01T11:15:00+05:30,23581.55,23604.25,23567.65,23599.5,0
1663,2025-02-01T11:30:00+05:30,23599.25,23632.45,23564.75,23627.25,0
1664,2025-02-01T11:45:00+05:30,23628.25,23629.05,23363.7,23425.8,0
1665,2025-02-01T12:00:00+05:30,23424.25,23567.35,23389.7,23447.05,0
1666,2025-02-01T12:15:00+05:30,23449.1,23549.0,23426.15,23449.45,0
1667,2025-02-01T12:30:00+05:30,23451.05,23471.65,23346.05,23418.45,0
1668,2025-02-01T12:45:00+05:30,23418.75,23430.1,23386.05,23421.65,0
1669,2025-02-01T13:00:00+05:30,23421.5,23428.35,23318.3,23373.4,0
1670,2025-02-01T13:15:00+05:30,23374.65,23457.85,23341.6,23442.1,0
1671,2025-02-01T13:30:00+05:30,23442.45,23495.05,23424.45,23495.05,0
1672,2025-02-01T13:45:00+05:30,23496.65,23513.65,23472.85,23495.25,0
1673,2025-02-01T14:00:00+05:30,23495.15,23533.7,23476.9,23520.25,0
1674,2025-02-01T14:15:00+05:30,23520.9,23547.95,23510.35,23533.95,0
1675,2025-02-01T14:30:00+05:30,23534.05,23537.6,23454.95,23471.55,0
1676,2025-02-01T14:45:00+05:30,23475.05,23511.15,23473.95,23506.0,0
1677,2025-02-01T15:00:00+05:30,23508.85,23515.8,23479.3,23481.2,0
1678,2025-02-01T15:15:00+05:30,23480.75,23499.75,23463.35,23495.3,0
1679,2025-02-03T09:15:00+05:30,23319.35,23345.15,23239.15,23335.1,0
1680,2025-02-03T09:30:00+05:30,23334.2,23343.85,23257.05,23257.1,0
1681,2025-02-03T09:45:00+05:30,23257.55,23258.9,23222.0,23246.55,0
1682,2025-02-03T10:00:00+05:30,23248.8,23277.35,23238.3,23263.7,0
1683,2025-02-03T10:15:00+05:30,23262.5,23285.45,23239.7,23282.1,0
1684,2025-02-03T10:30:00+05:30,23282.0,23315.65,23270.05,23309.7,0
1685,2025-02-03T10:45:00+05:30,23309.5,23324.85,23293.6,23317.55,0
1686,2025-02-03T11:00:00+05:30,23318.0,23328.35,23310.95,23322.65,0
1687,2025-02-03T11:15:00+05:30,23322.3,23338.6,23285.95,23290.5,0
1688,2025-02-03T11:30:00+05:30,23289.95,23293.75,23253.1,23270.3,0
1689,2025-02-03T11:45:00+05:30,23269.75,23287.05,23263.65,23281.35,0
1690,2025-02-03T12:00:00+05:30,23281.25,23306.3,23280.65,23299.85,0
1691,2025-02-03T12:15:00+05:30,23299.5,23300.95,23269.65,23288.6,0
1692,2025-02-03T12:30:00+05:30,23288.75,23295.4,23266.2,23273.05,0
1693,2025-02-03T12:45:00+05:30,23274.5,23283.35,23258.05,23281.05,0
1694,2025-02-03T13:00:00+05:30,23282.85,23361.9,23276.35,23360.7,0
1695,2025-02-03T13:15:00+05:30,23360.8,23369.1,23328.0,23331.7,0
1696,2025-02-03T13:30:00+05:30,23332.85,23355.35,23323.25,23352.05,0
1697,2025-02-03T13:45:00+05:30,23352.2,23362.6,23306.35,23325.55,0
1698,2025-02-03T14:00:00+05:30,23326.8,23355.45,23324.35,23346.6,0
1699,2025-02-03T14:15:00+05:30,23346.8,23364.4,23337.55,23361.05,0
1700,2025-02-03T14:30:00+05:30,23361.8,23364.8,23340.85,23351.85,0
1701,2025-02-03T14:45:00+05:30,23351.3,23355.6,23327.0,23355.05,0
1702,2025-02-03T15:00:00+05:30,23354.35,23381.6,23349.4,23366.9,0
1703,2025-02-03T15:15:00+05:30,23367.2,23369.8,23349.95,23359.7,0
1704,2025-02-04T09:15:00+05:30,23509.9,23534.25,23479.45,23514.35,0
1705,2025-02-04T09:30:00+05:30,23514.1,23573.75,23482.7,23572.4,0
1706,2025-02-04T09:45:00+05:30,23572.2,23582.0,23554.45,23557.95,0
1707,2025-02-04T10:00:00+05:30,23557.75,23573.35,23504.1,23512.65,0
1708,2025-02-04T10:15:00+05:30,23513.25,23534.5,23484.4,23500.95,0
1709,2025-02-04T10:30:00+05:30,23501.6,23511.95,23423.15,23459.2,0
1710,2025-02-04T10:45:00+05:30,23460.4,23482.8,23436.25,23466.55,0
1711,2025-02-04T11:00:00+05:30,23466.85,23511.2,23460.75,23506.5,0
1712,2025-02-04T11:15:00+05:30,23508.05,23551.45,23493.9,23529.2,0
1713,2025-02-04T11:30:00+05:30,23528.2,23559.1,23527.9,23540.2,0
1714,2025-02-04T11:45:00+05:30,23540.75,23616.6,23538.9,23546.25,0
1715,2025-02-04T12:00:00+05:30,23547.45,23571.15,23527.25,23565.4,0
1716,2025-02-04T12:15:00+05:30,23566.15,23594.1,23562.15,23577.6,0
1717,2025-02-04T12:30:00+05:30,23577.75,23613.6,23575.75,23590.85,0
1718,2025-02-04T12:45:00+05:30,23590.1,23631.45,23583.55,23619.05,0
1719,2025-02-04T13:00:00+05:30,23619.95,23642.75,23580.8,23640.05,0
1720,2025-02-04T13:15:00+05:30,23641.05,23659.4,23625.4,23649.5,0
1721,2025-02-04T13:30:00+05:30,23650.55,23697.1,23641.85,23670.55,0
1722,2025-02-04T13:45:00+05:30,23668.2,23712.6,23663.6,23679.95,0
1723,2025-02-04T14:00:00+05:30,23680.3,23695.05,23627.25,23651.6,0
1724,2025-02-04T14:15:00+05:30,23647.95,23664.35,23633.85,23647.05,0
1725,2025-02-04T14:30:00+05:30,23647.7,23708.35,23642.95,23701.15,0
1726,2025-02-04T14:45:00+05:30,23702.05,23752.7,23684.6,23748.75,0
1727,2025-02-04T15:00:00+05:30,23749.9,23762.75,23733.05,23744.0,0
1728,2025-02-04T15:15:00+05:30,23744.4,23745.55,23697.05,23707.7,0
1729,2025-02-05T09:15:00+05:30,23801.75,23807.3,23750.0,23764.1,0
1730,2025-02-05T09:30:00+05:30,23764.0,23799.95,23755.85,23797.55,0
1731,2025-02-05T09:45:00+05:30,23797.35,23798.25,23741.0,23754.15,0
1732,2025-02-05T10:00:00+05:30,23754.75,23770.4,23726.5,23746.4,0
1733,2025-02-05T10:15:00+05:30,23745.75,23774.9,23728.85,23774.35,0
1734,2025-02-05T10:30:00+05:30,23774.0,23776.4,23759.15,23769.05,0
1735,2025-02-05T10:45:00+05:30,23768.65,23786.3,23752.15,23756.85,0
1736,2025-02-05T11:00:00+05:30,23755.75,23770.35,23728.45,23733.1,0
1737,2025-02-05T11:15:00+05:30,23732.4,23754.85,23713.55,23751.25,0
1738,2025-02-05T11:30:00+05:30,23751.1,23755.55,23736.35,23744.05,0
1739,2025-02-05T11:45:00+05:30,23743.95,23759.0,23738.35,23741.25,0
1740,2025-02-05T12:00:00+05:30,23742.1,23746.75,23724.4,23732.55,0
1741,2025-02-05T12:15:00+05:30,23733.2,23753.85,23728.85,23738.45,0
1742,2025-02-05T12:30:00+05:30,23739.45,23743.25,23727.4,23732.45,0
1743,2025-02-05T12:45:00+05:30,23733.5,23733.95,23715.0,23722.05,0
1744,2025-02-05T13:00:00+05:30,23723.2,23756.35,23712.4,23755.9,0
1745,2025-02-05T13:15:00+05:30,23756.55,23760.7,23745.35,23749.3,0
1746,2025-02-05T13:30:00+05:30,23750.65,23760.2,23732.7,23735.4,0
1747,2025-02-05T13:45:00+05:30,23736.3,23774.5,23732.05,23770.7,0
1748,2025-02-05T14:00:00+05:30,23770.5,23771.1,23740.8,23743.1,0
1749,2025-02-05T14:15:00+05:30,23743.55,23747.65,23731.95,23737.25,0
1750,2025-02-05T14:30:00+05:30,23737.45,23752.9,23732.7,23735.15,0
1751,2025-02-05T14:45:00+05:30,23734.75,23735.4,23720.5,23730.25,0
1752,2025-02-05T15:00:00+05:30,23730.65,23731.25,23680.45,23695.85,0
1753,2025-02-05T15:15:00+05:30,23695.2,23700.9,23685.1,23686.75,0
1754,2025-02-06T09:15:00+05:30,23761.95,23773.55,23686.7,23696.55,0
1755,2025-02-06T09:30:00+05:30,23699.05,23700.7,23641.85,23660.2,0
1756,2025-02-06T09:45:00+05:30,23661.2,23676.85,23623.85,23640.6,0
1757,2025-02-06T10:00:00+05:30,23638.25,23661.9,23618.55,23627.8,0
1758,2025-02-06T10:15:00+05:30,23627.3,23651.2,23623.9,23632.9,0
1759,2025-02-06T10:30:00+05:30,23633.1,23656.9,23626.55,23646.0,0
1760,2025-02-06T10:45:00+05:30,23647.35,23648.2,23629.95,23641.75,0
1761,2025-02-06T11:00:00+05:30,23642.0,23648.75,23604.75,23616.35,0
1762,2025-02-06T11:15:00+05:30,23616.95,23616.95,23597.1,23605.9,0
1763,2025-02-06T11:30:00+05:30,23605.8,23616.3,23594.35,23612.55,0
1764,2025-02-06T11:45:00+05:30,23611.35,23626.5,23603.1,23608.4,0
1765,2025-02-06T12:00:00+05:30,23608.85,23623.3,23608.15,23619.45,0
1766,2025-02-06T12:15:00+05:30,23620.3,23629.25,23608.75,23613.85,0
1767,2025-02-06T12:30:00+05:30,23613.55,23615.6,23595.85,23607.0,0
1768,2025-02-06T12:45:00+05:30,23606.7,23610.2,23575.1,23581.7,0
1769,2025-02-06T13:00:00+05:30,23582.35,23592.25,23579.05,23586.2,0
1770,2025-02-06T13:15:00+05:30,23586.3,23603.75,23580.45,23594.7,0
1771,2025-02-06T13:30:00+05:30,23595.0,23600.15,23581.4,23588.75,0
1772,2025-02-06T13:45:00+05:30,23588.3,23591.65,23562.25,23580.1,0
1773,2025-02-06T14:00:00+05:30,23580.4,23596.9,23570.0,23573.0,0
1774,2025-02-06T14:15:00+05:30,23573.3,23582.6,23567.1,23574.0,0
1775,2025-02-06T14:30:00+05:30,23574.15,23583.55,23556.25,23575.75,0
1776,2025-02-06T14:45:00+05:30,23575.25,23582.65,23567.2,23580.95,0
1777,2025-02-06T15:00:00+05:30,23581.7,23610.6,23578.35,23595.9,0
1778,2025-02-06T15:15:00+05:30,23596.1,23633.7,23592.4,23628.05,0
1779,2025-02-07T09:15:00+05:30,23649.5,23683.9,23566.85,23594.45,0
1780,2025-02-07T09:30:00+05:30,23593.15,23616.2,23588.3,23606.4,0
1781,2025-02-07T09:45:00+05:30,23606.5,23610.9,23580.55,23605.35,0
1782,2025-02-07T10:00:00+05:30,23606.55,23664.1,23573.75,23612.0,0
1783,2025-02-07T10:15:00+05:30,23611.8,23621.25,23493.6,23536.6,0
1784,2025-02-07T10:30:00+05:30,23536.2,23581.8,23523.05,23573.9,0
1785,2025-02-07T10:45:00+05:30,23573.5,23613.2,23555.2,23613.2,0
1786,2025-02-07T11:00:00+05:30,23611.9,23629.25,23608.35,23615.95,0
1787,2025-02-07T11:15:00+05:30,23616.25,23688.05,23613.0,23681.25,0
1788,2025-02-07T11:30:00+05:30,23681.95,23694.5,23651.25,23683.6,0
1789,2025-02-07T11:45:00+05:30,23683.4,23690.9,23644.1,23646.6,0
1790,2025-02-07T12:00:00+05:30,23647.0,23653.45,23572.8,23573.9,0
1791,2025-02-07T12:15:00+05:30,23572.35,23599.5,23567.4,23593.55,0
1792,2025-02-07T12:30:00+05:30,23593.2,23610.55,23564.65,23583.2,0
1793,2025-02-07T12:45:00+05:30,23582.4,23588.6,23550.25,23557.35,0
1794,2025-02-07T13:00:00+05:30,23555.7,23579.95,23537.65,23547.7,0
1795,2025-02-07T13:15:00+05:30,23547.85,23568.8,23544.9,23567.7,0
1796,2025-02-07T13:30:00+05:30,23567.4,23591.5,23567.4,23572.35,0
1797,2025-02-07T13:45:00+05:30,23570.7,23576.75,23487.35,23511.25,0
1798,2025-02-07T14:00:00+05:30,23510.75,23530.05,23453.25,23461.05,0
1799,2025-02-07T14:15:00+05:30,23460.95,23469.05,23443.2,23466.95,0
1800,2025-02-07T14:30:00+05:30,23467.0,23491.4,23450.9,23458.05,0
1801,2025-02-07T14:45:00+05:30,23458.5,23495.2,23450.25,23490.3,0
1802,2025-02-07T15:00:00+05:30,23490.8,23574.75,23490.3,23573.7,0
1803,2025-02-07T15:15:00+05:30,23574.0,23591.25,23557.35,23563.15,0
1804,2025-02-10T09:15:00+05:30,23543.8,23568.6,23454.4,23473.6,0
1805,2025-02-10T09:30:00+05:30,23473.65,23477.05,23403.35,23408.25,0
1806,2025-02-10T09:45:00+05:30,23408.4,23459.55,23404.9,23445.9,0
1807,2025-02-10T10:00:00+05:30,23446.1,23461.4,23366.1,23373.1,0
1808,2025-02-10T10:15:00+05:30,23372.35,23390.75,23357.6,23385.55,0
1809,2025-02-10T10:30:00+05:30,23385.2,23406.15,23363.9,23397.2,0
1810,2025-02-10T10:45:00+05:30,23396.55,23400.4,23365.4,23395.3,0
1811,2025-02-10T11:00:00+05:30,23394.95,23402.3,23380.45,23401.3,0
1812,2025-02-10T11:15:00+05:30,23400.8,23403.3,23371.35,23392.15,0
1813,2025-02-10T11:30:00+05:30,23391.7,23401.65,23379.85,23388.6,0
1814,2025-02-10T11:45:00+05:30,23387.95,23400.35,23363.9,23364.4,0
1815,2025-02-10T12:00:00+05:30,23362.95,23370.0,23338.2,23352.65,0
1816,2025-02-10T12:15:00+05:30,23351.4,23371.25,23337.7,23365.6,0
1817,2025-02-10T12:30:00+05:30,23365.5,23367.65,23342.65,23363.85,0
1818,2025-02-10T12:45:00+05:30,23363.4,23370.65,23347.2,23351.05,0
1819,2025-02-10T13:00:00+05:30,23351.15,23359.25,23344.0,23353.85,0
1820,2025-02-10T13:15:00+05:30,23353.3,23356.05,23324.55,23351.95,0
1821,2025-02-10T13:30:00+05:30,23351.65,23351.8,23317.25,23346.45,0
1822,2025-02-10T13:45:00+05:30,23345.35,23377.0,23342.2,23360.0,0
1823,2025-02-10T14:00:00+05:30,23359.85,23361.9,23325.05,23326.6,0
1824,2025-02-10T14:15:00+05:30,23326.7,23340.1,23316.3,23338.75,0
1825,2025-02-10T14:30:00+05:30,23338.6,23392.2,23337.35,23370.25,0
1826,2025-02-10T14:45:00+05:30,23370.95,23401.0,23360.1,23400.4,0
1827,2025-02-10T15:00:00+05:30,23400.9,23409.9,23371.6,23380.35,0
1828,2025-02-10T15:15:00+05:30,23380.8,23387.15,23370.85,23376.05,0
1829,2025-02-11T09:15:00+05:30,23383.55,23390.05,23295.75,23314.2,0
1830,2025-02-11T09:30:00+05:30,23314.7,23351.75,23298.9,23339.95,0
1831,2025-02-11T09:45:00+05:30,23339.55,23343.35,23286.45,23304.1,0
1832,2025-02-11T10:00:00+05:30,23305.1,23311.25,23270.7,23277.3,0
1833,2025-02-11T10:15:00+05:30,23276.5,23296.15,23261.25,23289.0,0
1834,2025-02-11T10:30:00+05:30,23288.8,23292.0,23258.6,23259.3,0
1835,2025-02-11T10:45:00+05:30,23258.8,23279.35,23250.9,23272.45,0
1836,2025-02-11T11:00:00+05:30,23271.8,23287.9,23260.8,23280.05,0
1837,2025-02-11T11:15:00+05:30,23279.7,23301.75,23259.5,23259.8,0
1838,2025-02-11T11:30:00+05:30,23261.05,23272.15,23248.45,23262.75,0
1839,2025-02-11T11:45:00+05:30,23262.1,23265.45,23245.6,23249.15,0
1840,2025-02-11T12:00:00+05:30,23248.8,23261.4,23243.9,23253.15,0
1841,2025-02-11T12:15:00+05:30,23252.85,23257.4,23237.7,23246.2,0
1842,2025-02-11T12:30:00+05:30,23246.6,23246.8,23233.6,23236.3,0
1843,2025-02-11T12:45:00+05:30,23236.4,23239.4,23177.6,23184.9,0
1844,2025-02-11T13:00:00+05:30,23184.7,23184.7,23026.35,23031.2,0
1845,2025-02-11T13:15:00+05:30,23031.05,23101.4,23022.45,23043.1,0
1846,2025-02-11T13:30:00+05:30,23042.3,23083.7,23023.55,23074.9,0
1847,2025-02-11T13:45:00+05:30,23074.1,23081.6,23037.3,23043.5,0
1848,2025-02-11T14:00:00+05:30,23043.1,23054.0,22986.65,23052.65,0
1849,2025-02-11T14:15:00+05:30,23052.7,23054.95,23006.4,23018.3,0
1850,2025-02-11T14:30:00+05:30,23018.1,23044.65,23009.6,23027.6,0
1851,2025-02-11T14:45:00+05:30,23028.4,23118.4,23027.45,23055.75,0
1852,2025-02-11T15:00:00+05:30,23056.55,23086.85,23053.65,23073.4,0
1853,2025-02-11T15:15:00+05:30,23074.25,23080.8,23060.4,23070.5,0
1854,2025-02-12T09:15:00+05:30,23050.8,23097.95,22978.4,22979.2,0
1855,2025-02-12T09:30:00+05:30,22978.85,22986.4,22891.75,22911.8,0
1856,2025-02-12T09:45:00+05:30,22911.95,22912.25,22828.7,22840.75,0
1857,2025-02-12T10:00:00+05:30,22840.15,22866.3,22814.5,22830.6,0
1858,2025-02-12T10:15:00+05:30,22831.1,22880.3,22798.35,22857.85,0
1859,2025-02-12T10:30:00+05:30,22857.4,22925.6,22850.15,22866.65,0
1860,2025-02-12T10:45:00+05:30,22869.6,22954.45,22867.5,22923.05,0
1861,2025-02-12T11:00:00+05:30,22923.25,22944.8,22872.2,22925.55,0
1862,2025-02-12T11:15:00+05:30,22924.9,22941.15,22905.6,22928.2,0
1863,2025-02-12T11:30:00+05:30,22926.9,23009.55,22895.9,23009.55,0
1864,2025-02-12T11:45:00+05:30,23010.15,23077.4,22973.4,23051.0,0
1865,2025-02-12T12:00:00+05:30,23051.3,23072.95,23022.8,23044.4,0
1866,2025-02-12T12:15:00+05:30,23044.9,23053.85,22997.3,23016.8,0
1867,2025-02-12T12:30:00+05:30,23017.05,23087.6,23017.05,23042.45,0
1868,2025-02-12T12:45:00+05:30,23045.6,23110.85,23045.6,23074.9,0
1869,2025-02-12T13:00:00+05:30,23074.3,23120.0,23051.7,23103.05,0
1870,2025-02-12T13:15:00+05:30,23105.45,23126.4,23087.15,23120.8,0
1871,2025-02-12T13:30:00+05:30,23121.1,23144.7,23061.9,23100.15,0
1872,2025-02-12T13:45:00+05:30,23101.45,23101.45,22997.7,23001.3,0
1873,2025-02-12T14:00:00+05:30,23002.25,23031.2,22964.55,23002.25,0
1874,2025-02-12T14:15:00+05:30,23002.3,23030.6,22980.75,22998.25,0
1875,2025-02-12T14:30:00+05:30,22998.5,23009.35,22956.65,22991.45,0
1876,2025-02-12T14:45:00+05:30,22990.75,22998.35,22968.0,22989.45,0
1877,2025-02-12T15:00:00+05:30,22988.7,23059.65,22988.7,23051.55,0
1878,2025-02-12T15:15:00+05:30,23050.85,23063.2,23043.15,23057.8,0
1879,2025-02-13T09:15:00+05:30,23055.75,23115.05,22992.2,23025.25,0
1880,2025-02-13T09:30:00+05:30,23024.9,23129.15,23024.55,23119.6,0
1881,2025-02-13T09:45:00+05:30,23119.35,23190.55,23119.35,23173.95,0
1882,2025-02-13T10:00:00+05:30,23176.5,23192.5,23156.45,23171.7,0
1883,2025-02-13T10:15:00+05:30,23172.0,23190.6,23131.75,23147.4,0
1884,2025-02-13T10:30:00+05:30,23147.45,23209.0,23138.55,23190.5,0
1885,2025-02-13T10:45:00+05:30,23191.2,23201.65,23173.05,23176.55,0
1886,2025-02-13T11:00:00+05:30,23177.0,23205.0,23159.4,23181.3,0
1887,2025-02-13T11:15:00+05:30,23181.4,23199.9,23179.8,23196.9,0
1888,2025-02-13T11:30:00+05:30,23197.0,23227.0,23193.75,23222.45,0
1889,2025-02-13T11:45:00+05:30,23223.6,23235.5,23207.9,23220.85,0
1890,2025-02-13T12:00:00+05:30,23220.75,23225.8,23185.25,23195.8,0
1891,2025-02-13T12:15:00+05:30,23195.7,23210.0,23183.2,23195.1,0
1892,2025-02-13T12:30:00+05:30,23195.75,23206.85,23176.15,23195.1,0
1893,2025-02-13T12:45:00+05:30,23194.7,23206.55,23182.7,23190.2,0
1894,2025-02-13T13:00:00+05:30,23191.15,23200.65,23153.1,23153.1,0
1895,2025-02-13T13:15:00+05:30,23152.75,23177.65,23131.85,23151.05,0
1896,2025-02-13T13:30:00+05:30,23150.8,23153.5,23054.55,23086.2,0
1897,2025-02-13T13:45:00+05:30,23087.15,23097.05,23043.6,23077.9,0
1898,2025-02-13T14:00:00+05:30,23079.6,23102.0,23032.7,23063.0,0
1899,2025-02-13T14:15:00+05:30,23063.65,23074.5,23046.15,23056.6,0
1900,2025-02-13T14:30:00+05:30,23056.75,23056.8,23004.7,23022.2,0
1901,2025-02-13T14:45:00+05:30,23022.35,23056.6,23016.55,23050.85,0
1902,2025-02-13T15:00:00+05:30,23052.15,23063.8,23019.25,23030.15,0
1903,2025-02-13T15:15:00+05:30,23030.4,23039.65,23014.4,23019.4,0
1904,2025-02-14T09:15:00+05:30,23096.45,23133.7,23026.75,23029.35,0
1905,2025-02-14T09:30:00+05:30,23027.2,23070.95,23007.2,23043.2,0
1906,2025-02-14T09:45:00+05:30,23042.9,23074.4,23016.8,23051.05,0
1907,2025-02-14T10:00:00+05:30,23050.5,23094.35,23041.55,23043.0,0
1908,2025-02-14T10:15:00+05:30,23042.75,23082.25,23031.2,23032.65,0
1909,2025-02-14T10:30:00+05:30,23033.05,23045.55,22920.1,22924.0,0
1910,2025-02-14T10:45:00+05:30,22923.9,22934.15,22885.85,22912.2,0
1911,2025-02-14T11:00:00+05:30,22912.0,22919.6,22843.3,22893.95,0
1912,2025-02-14T11:15:00+05:30,22893.35,22895.05,22854.7,22854.8,0
1913,2025-02-14T11:30:00+05:30,22854.55,22902.0,22846.05,22901.15,0
1914,2025-02-14T11:45:00+05:30,22902.5,22922.35,22886.95,22918.7,0
1915,2025-02-14T12:00:00+05:30,22919.45,22921.95,22818.6,22842.05,0
1916,2025-02-14T12:15:00+05:30,22842.2,22857.95,22815.1,22847.7,0
1917,2025-02-14T12:30:00+05:30,22847.4,22866.95,22832.15,22835.95,0
1918,2025-02-14T12:45:00+05:30,22835.65,22852.7,22800.9,22802.7,0
1919,2025-02-14T13:00:00+05:30,22803.4,22815.3,22774.85,22806.35,0
1920,2025-02-14T13:15:00+05:30,22805.9,22850.15,22800.4,22839.0,0
1921,2025-02-14T13:30:00+05:30,22838.95,22845.05,22794.9,22812.1,0
1922,2025-02-14T13:45:00+05:30,22813.05,22818.05,22785.6,22791.95,0
1923,2025-02-14T14:00:00+05:30,22792.0,22811.8,22775.95,22802.05,0
1924,2025-02-14T14:15:00+05:30,22801.95,22876.85,22799.2,22860.45,0
1925,2025-02-14T14:30:00+05:30,22859.95,22966.45,22853.35,22961.3,0
1926,2025-02-14T14:45:00+05:30,22961.15,22963.45,22893.6,22937.95,0
1927,2025-02-14T15:00:00+05:30,22938.7,22958.95,22913.85,22933.4,0
1928,2025-02-14T15:15:00+05:30,22933.85,22935.6,22895.85,22897.25,0
1929,2025-02-17T09:15:00+05:30,22809.9,22874.75,22725.45,22831.45,0
1930,2025-02-17T09:30:00+05:30,22830.35,22839.45,22755.75,22778.7,0
1931,2025-02-17T09:45:00+05:30,22777.0,22810.2,22740.2,22771.2,0
1932,2025-02-17T10:00:00+05:30,22770.8,22785.85,22744.0,22756.85,0
1933,2025-02-17T10:15:00+05:30,22757.35,22827.85,22750.75,22827.3,0
1934,2025-02-17T10:30:00+05:30,22826.95,22916.15,22814.2,22916.15,0
1935,2025-02-17T10:45:00+05:30,22915.85,22926.65,22862.6,22877.5,0
1936,2025-02-17T11:00:00+05:30,22879.05,22894.95,22797.25,22805.7,0
1937,2025-02-17T11:15:00+05:30,22806.2,22847.9,22799.8,22840.1,0
1938,2025-02-17T11:30:00+05:30,22838.8,22856.25,22819.6,22856.25,0
1939,2025-02-17T11:45:00+05:30,22856.6,22868.4,22839.4,22862.35,0
1940,2025-02-17T12:00:00+05:30,22863.0,22889.5,22823.05,22823.7,0
1941,2025-02-17T12:15:00+05:30,22824.1,22830.7,22796.2,22819.8,0
1942,2025-02-17T12:30:00+05:30,22819.75,22852.7,22809.85,22847.35,0
1943,2025-02-17T12:45:00+05:30,22847.3,22882.2,22841.05,22880.45,0
1944,2025-02-17T13:00:00+05:30,22880.3,22899.8,22837.1,22837.85,0
1945,2025-02-17T13:15:00+05:30,22838.6,22873.35,22834.1,22861.3,0
1946,2025-02-17T13:30:00+05:30,22861.35,22959.35,22859.65,22937.55,0
1947,2025-02-17T13:45:00+05:30,22937.65,22949.0,22882.55,22898.8,0
1948,2025-02-17T14:00:00+05:30,22900.35,22934.05,22876.75,22886.5,0
1949,2025-02-17T14:15:00+05:30,22887.1,22927.0,22887.1,22915.45,0
1950,2025-02-17T14:30:00+05:30,22914.9,22919.2,22883.3,22911.95,0
1951,2025-02-17T14:45:00+05:30,22911.65,22949.95,22896.4,22939.0,0
1952,2025-02-17T15:00:00+05:30,22939.45,22970.75,22938.1,22970.65,0
1953,2025-02-17T15:15:00+05:30,22970.5,22974.2,22954.8,22963.5,0
1954,2025-02-18T09:15:00+05:30,22963.65,22992.5,22876.85,22900.7,0
1955,2025-02-18T09:30:00+05:30,22900.4,22934.8,22868.45,22924.45,0
1956,2025-02-18T09:45:00+05:30,22924.4,22968.3,22907.55,22914.5,0
1957,2025-02-18T10:00:00+05:30,22914.75,22945.0,22893.25,22894.45,0
1958,2025-02-18T10:15:00+05:30,22894.1,22909.05,22820.05,22827.15,0
1959,2025-02-18T10:30:00+05:30,22826.45,22844.0,22814.15,22841.45,0
1960,2025-02-18T10:45:00+05:30,22840.5,22877.55,22828.0,22869.65,0
1961,2025-02-18T11:00:00+05:30,22869.8,22870.2,22801.5,22813.7,0
1962,2025-02-18T11:15:00+05:30,22814.35,22844.0,22807.5,22838.8,0
1963,2025-02-18T11:30:00+05:30,22839.5,22867.15,22830.95,22866.7,0
1964,2025-02-18T11:45:00+05:30,22866.45,22900.7,22836.85,22837.1,0
1965,2025-02-18T12:00:00+05:30,22836.4,22867.5,22830.8,22863.3,0
1966,2025-02-18T12:15:00+05:30,22859.55,22882.45,22852.5,22876.4,0
1967,2025-02-18T12:30:00+05:30,22877.25,22909.55,22873.45,22877.65,0
1968,2025-02-18T12:45:00+05:30,22878.35,22892.2,22839.95,22854.1,0
1969,2025-02-18T13:00:00+05:30,22853.4,22879.85,22843.7,22871.85,0
1970,2025-02-18T13:15:00+05:30,22872.05,22894.9,22871.75,22894.25,0
1971,2025-02-18T13:30:00+05:30,22893.8,22934.3,22884.0,22921.45,0
1972,2025-02-18T13:45:00+05:30,22922.8,22929.95,22898.9,22915.4,0
1973,2025-02-18T14:00:00+05:30,22914.7,22932.6,22890.0,22917.25,0
1974,2025-02-18T14:15:00+05:30,22917.3,22947.65,22909.7,22947.5,0
1975,2025-02-18T14:30:00+05:30,22947.35,22952.7,22924.8,22947.05,0
1976,2025-02-18T14:45:00+05:30,22945.7,22966.55,22925.8,22943.3,0
1977,2025-02-18T15:00:00+05:30,22946.1,22970.8,22945.85,22951.4,0
1978,2025-02-18T15:15:00+05:30,22952.1,22952.1,22918.3,22923.15,0
1979,2025-02-19T09:15:00+05:30,22847.25,22877.05,22814.85,22852.9,0
1980,2025-02-19T09:30:00+05:30,22852.2,22912.35,22846.8,22912.3,0
1981,2025-02-19T09:45:00+05:30,22912.45,22992.05,22912.05,22989.1,0
1982,2025-02-19T10:00:00+05:30,22988.35,22996.2,22954.25,22985.6,0
1983,2025-02-19T10:15:00+05:30,22986.4,23043.05,22986.4,23034.3,0
1984,2025-02-19T10:30:00+05:30,23033.7,23049.95,23009.5,23020.75,0
1985,2025-02-19T10:45:00+05:30,23021.0,23028.1,22926.25,22927.95,0
1986,2025-02-19T11:00:00+05:30,22927.8,22972.1,22922.45,22972.1,0
1987,2025-02-19T11:15:00+05:30,22972.3,22985.65,22946.4,22960.45,0
1988,2025-02-19T11:30:00+05:30,22960.55,22987.8,22953.45,22959.8,0
1989,2025-02-19T11:45:00+05:30,22959.55,23003.95,22959.25,23001.65,0
1990,2025-02-19T12:00:00+05:30,23001.5,23011.4,22991.8,22999.35,0
1991,2025-02-19T12:15:00+05:30,22998.7,23023.55,22968.4,22969.4,0
1992,2025-02-19T12:30:00+05:30,22969.8,22976.75,22933.3,22943.95,0
1993,2025-02-19T12:45:00+05:30,22944.0,22952.75,22937.55,22948.85,0
1994,2025-02-19T13:00:00+05:30,22948.8,22954.05,22914.25,22938.85,0
1995,2025-02-19T13:15:00+05:30,22938.75,22941.6,22921.25,22928.6,0
1996,2025-02-19T13:30:00+05:30,22928.7,22961.05,22925.8,22938.75,0
1997,2025-02-19T13:45:00+05:30,22938.1,22950.2,22926.5,22928.5,0
1998,2025-02-19T14:00:00+05:30,22928.6,22953.65,22925.3,22950.8,0
1999,2025-02-19T14:15:00+05:30,22950.55,22951.25,22861.85,22863.3,0
2000,2025-02-19T14:30:00+05:30,22862.7,22902.15,22858.8,22880.85,0
2001,2025-02-19T14:45:00+05:30,22880.45,22927.05,22878.55,22917.8,0
2002,2025-02-19T15:00:00+05:30,22916.9,22949.15,22916.1,22939.95,0
2003,2025-02-19T15:15:00+05:30,22940.05,22940.2,22912.35,22914.4,0
2004,2025-02-20T09:15:00+05:30,22821.1,22880.55,22813.95,22847.0,0
2005,2025-02-20T09:30:00+05:30,22846.3,22898.1,22841.75,22881.25,0
2006,2025-02-20T09:45:00+05:30,22881.1,22890.55,22812.75,22883.05,0
2007,2025-02-20T10:00:00+05:30,22884.45,22885.75,22858.85,22873.75,0
2008,2025-02-20T10:15:00+05:30,22873.8,22909.75,22868.4,22880.5,0
2009,2025-02-20T10:30:00+05:30,22880.05,22904.6,22874.75,22883.2,0
2010,2025-02-20T10:45:00+05:30,22884.25,22890.1,22875.1,22887.2,0
2011,2025-02-20T11:00:00+05:30,22888.35,22913.05,22887.9,22911.3,0
2012,2025-02-20T11:15:00+05:30,22911.2,22914.1,22895.0,22904.35,0
2013,2025-02-20T11:30:00+05:30,22904.4,22910.4,22897.5,22903.6,0
2014,2025-02-20T11:45:00+05:30,22903.45,22905.9,22879.05,22896.5,0
2015,2025-02-20T12:00:00+05:30,22896.15,22903.95,22888.65,22889.1,0
2016,2025-02-20T12:15:00+05:30,22888.5,22899.3,22884.75,22895.1,0
2017,2025-02-20T12:30:00+05:30,22894.85,22908.8,22887.05,22899.8,0
2018,2025-02-20T12:45:00+05:30,22899.6,22907.1,22891.4,22899.45,0
2019,2025-02-20T13:00:00+05:30,22898.25,22900.0,22870.55,22878.25,0
2020,2025-02-20T13:15:00+05:30,22878.05,22889.9,22875.75,22883.75,0
2021,2025-02-20T13:30:00+05:30,22883.95,22907.3,22883.95,22906.0,0
2022,2025-02-20T13:45:00+05:30,22906.3,22923.0,22898.7,22909.75,0
2023,2025-02-20T14:00:00+05:30,22910.2,22912.75,22893.8,22899.5,0
2024,2025-02-20T14:15:00+05:30,22900.05,22910.35,22895.25,22904.9,0
2025,2025-02-20T14:30:00+05:30,22905.5,22916.6,22899.75,22912.65,0
2026,2025-02-20T14:45:00+05:30,22913.15,22923.85,22896.95,22911.65,0
2027,2025-02-20T15:00:00+05:30,22911.2,22920.05,22905.65,22917.15,0
2028,2025-02-20T15:15:00+05:30,22916.2,22920.8,22905.0,22906.25,0
2029,2025-02-21T09:15:00+05:30,22857.2,22921.0,22849.65,22896.95,0
2030,2025-02-21T09:30:00+05:30,22896.4,22906.25,22839.75,22843.5,0
2031,2025-02-21T09:45:00+05:30,22844.45,22852.95,22810.1,22813.65,0
2032,2025-02-21T10:00:00+05:30,22813.85,22827.8,22759.35,22760.65,0
2033,2025-02-21T10:15:00+05:30,22760.2,22788.35,22733.3,22767.15,0
2034,2025-02-21T10:30:00+05:30,22767.0,22798.0,22765.8,22789.2,0
2035,2025-02-21T10:45:00+05:30,22789.55,22797.95,22755.05,22776.45,0
2036,2025-02-21T11:00:00+05:30,22776.5,22788.65,22740.7,22767.95,0
2037,2025-02-21T11:15:00+05:30,22768.0,22768.15,22746.8,22764.95,0
2038,2025-02-21T11:30:00+05:30,22764.65,22820.9,22764.65,22800.75,0
2039,2025-02-21T11:45:00+05:30,22800.8,22809.6,22786.95,22791.6,0
2040,2025-02-21T12:00:00+05:30,22791.4,22799.1,22776.1,22786.3,0
2041,2025-02-21T12:15:00+05:30,22786.2,22809.15,22783.2,22807.5,0
2042,2025-02-21T12:30:00+05:30,22807.0,22824.45,22802.2,22810.7,0
2043,2025-02-21T12:45:00+05:30,22809.6,22818.45,22785.25,22786.85,0
2044,2025-02-21T13:00:00+05:30,22787.4,22789.3,22757.95,22776.7,0
2045,2025-02-21T13:15:00+05:30,22775.3,22787.2,22749.75,22753.55,0
2046,2025-02-21T13:30:00+05:30,22751.8,22768.8,22721.8,22735.6,0
2047,2025-02-21T13:45:00+05:30,22735.25,22758.3,22720.3,22756.15,0
2048,2025-02-21T14:00:00+05:30,22755.05,22781.85,22739.6,22778.9,0
2049,2025-02-21T14:15:00+05:30,22778.6,22792.05,22760.05,22770.8,0
2050,2025-02-21T14:30:00+05:30,22768.7,22792.5,22765.35,22787.85,0
2051,2025-02-21T14:45:00+05:30,22787.2,22800.7,22771.75,22772.8,0
2052,2025-02-21T15:00:00+05:30,22771.5,22812.7,22771.5,22810.75,0
2053,2025-02-21T15:15:00+05:30,22810.2,22812.25,22763.2,22764.35,0
2054,2025-02-24T09:15:00+05:30,22609.35,22668.05,22607.5,22621.4,0
2055,2025-02-24T09:30:00+05:30,22619.95,22644.35,22563.2,22570.75,0
2056,2025-02-24T09:45:00+05:30,22571.65,22596.95,22568.15,22582.55,0
2057,2025-02-24T10:00:00+05:30,22581.85,22590.05,22560.3,22572.15,0
2058,2025-02-24T10:15:00+05:30,22572.5,22580.9,22548.35,22567.35,0
2059,2025-02-24T10:30:00+05:30,22567.3,22575.5,22553.0,22554.55,0
2060,2025-02-24T10:45:00+05:30,22554.7,22579.35,22552.0,22555.35,0
2061,2025-02-24T11:00:00+05:30,22552.85,22580.95,22550.1,22568.6,0
2062,2025-02-24T11:15:00+05:30,22567.95,22584.6,22563.75,22574.3,0
2063,2025-02-24T11:30:00+05:30,22573.85,22611.85,22568.65,22610.1,0
2064,2025-02-24T11:45:00+05:30,22610.35,22620.05,22588.55,22589.5,0
2065,2025-02-24T12:00:00+05:30,22590.4,22595.3,22559.35,22561.15,0
2066,2025-02-24T12:15:00+05:30,22561.25,22571.85,22558.6,22561.95,0
2067,2025-02-24T12:30:00+05:30,22562.2,22583.9,22553.6,22564.55,0
2068,2025-02-24T12:45:00+05:30,22564.45,22587.45,22562.15,22576.95,0
2069,2025-02-24T13:00:00+05:30,22577.45,22591.0,22570.9,22572.35,0
2070,2025-02-24T13:15:00+05:30,22572.3,22580.35,22544.3,22560.2,0
2071,2025-02-24T13:30:00+05:30,22560.35,22565.25,22524.7,22532.95,0
2072,2025-02-24T13:45:00+05:30,22533.25,22547.55,22518.8,22546.05,0
2073,2025-02-24T14:00:00+05:30,22546.65,22553.5,22531.7,22543.7,0
2074,2025-02-24T14:15:00+05:30,22544.8,22562.3,22536.45,22541.85,0
2075,2025-02-24T14:30:00+05:30,22541.9,22576.45,22540.95,22571.9,0
2076,2025-02-24T14:45:00+05:30,22573.0,22590.15,22566.85,22571.5,0
2077,2025-02-24T15:00:00+05:30,22571.4,22577.05,22545.3,22554.35,0
2078,2025-02-24T15:15:00+05:30,22554.95,22563.05,22544.15,22548.85,0
2079,2025-02-25T09:15:00+05:30,22516.45,22584.65,22516.45,22552.75,0
2080,2025-02-25T09:30:00+05:30,22554.25,22611.75,22546.25,22603.85,0
2081,2025-02-25T09:45:00+05:30,22605.0,22625.3,22591.6,22607.2,0
2082,2025-02-25T10:00:00+05:30,22606.55,22608.4,22582.2,22597.5,0
2083,2025-02-25T10:15:00+05:30,22598.35,22601.15,22565.35,22576.15,0
2084,2025-02-25T10:30:00+05:30,22577.3,22594.0,22565.0,22582.8,0
2085,2025-02-25T10:45:00+05:30,22583.0,22585.7,22558.9,22563.5,0
2086,2025-02-25T11:00:00+05:30,22564.25,22569.25,22555.15,22566.45,0
2087,2025-02-25T11:15:00+05:30,22566.2,22569.2,22550.65,22553.0,0
2088,2025-02-25T11:30:00+05:30,22553.05,22569.7,22544.85,22568.45,0
2089,2025-02-25T11:45:00+05:30,22568.4,22573.6,22555.8,22559.45,0
2090,2025-02-25T12:00:00+05:30,22559.2,22581.15,22553.0,22572.65,0
2091,2025-02-25T12:15:00+05:30,22572.4,22590.3,22572.1,22578.3,0
2092,2025-02-25T12:30:00+05:30,22577.95,22578.25,22566.05,22567.65,0
2093,2025-02-25T12:45:00+05:30,22567.7,22580.9,22566.95,22574.0,0
2094,2025-02-25T13:00:00+05:30,22573.95,22600.4,22573.8,22592.75,0
2095,2025-02-25T13:15:00+05:30,22592.9,22595.35,22571.25,22577.2,0
2096,2025-02-25T13:30:00+05:30,22577.8,22590.9,22575.45,22587.15,0
2097,2025-02-25T13:45:00+05:30,22585.65,22595.9,22577.5,22582.15,0
2098,2025-02-25T14:00:00+05:30,22582.55,22591.0,22575.1,22582.05,0
2099,2025-02-25T14:15:00+05:30,22582.3,22585.4,22573.95,22581.7,0
2100,2025-02-25T14:30:00+05:30,22582.3,22585.95,22577.15,22580.65,0
2101,2025-02-25T14:45:00+05:30,22580.5,22583.25,22568.0,22572.15,0
2102,2025-02-25T15:00:00+05:30,22573.05,22573.3,22546.25,22552.4,0
2103,2025-02-25T15:15:00+05:30,22554.55,22559.95,22513.9,22526.3,0
2104,2025-02-27T09:15:00+05:30,22568.95,22613.3,22551.5,22555.75,0
2105,2025-02-27T09:30:00+05:30,22554.8,22576.25,22535.05,22560.2,0
2106,2025-02-27T09:45:00+05:30,22560.25,22570.0,22530.0,22538.4,0
2107,2025-02-27T10:00:00+05:30,22537.95,22552.45,22535.75,22542.3,0
2108,2025-02-27T10:15:00+05:30,22542.9,22549.75,22526.4,22535.85,0
2109,2025-02-27T10:30:00+05:30,22535.6,22554.95,22533.2,22553.4,0
2110,2025-02-27T10:45:00+05:30,22553.7,22564.7,22548.1,22549.9,0
2111,2025-02-27T11:00:00+05:30,22549.35,22551.35,22540.8,22548.95,0
2112,2025-02-27T11:15:00+05:30,22549.35,22557.25,22538.2,22539.85,0
2113,2025-02-27T11:30:00+05:30,22540.3,22540.3,22528.3,22531.45,0
2114,2025-02-27T11:45:00+05:30,22530.95,22537.45,22524.2,22525.0,0
2115,2025-02-27T12:00:00+05:30,22524.55,22528.65,22519.6,22526.65,0
2116,2025-02-27T12:15:00+05:30,22526.9,22534.1,22524.4,22526.75,0
2117,2025-02-27T12:30:00+05:30,22527.6,22528.6,22516.15,22526.8,0
2118,2025-02-27T12:45:00+05:30,22527.7,22535.6,22526.1,22534.3,0
2119,2025-02-27T13:00:00+05:30,22535.2,22537.65,22527.1,22527.8,0
2120,2025-02-27T13:15:00+05:30,22528.75,22540.65,22525.95,22536.6,0
2121,2025-02-27T13:30:00+05:30,22536.25,22542.6,22531.05,22538.8,0
2122,2025-02-27T13:45:00+05:30,22539.7,22544.75,22532.15,22541.45,0
2123,2025-02-27T14:00:00+05:30,22542.05,22550.45,22537.15,22544.1,0
2124,2025-02-27T14:15:00+05:30,22544.9,22553.75,22540.7,22550.2,0
2125,2025-02-27T14:30:00+05:30,22551.25,22552.9,22534.85,22546.45,0
2126,2025-02-27T14:45:00+05:30,22547.3,22556.9,22543.8,22549.25,0
2127,2025-02-27T15:00:00+05:30,22549.2,22556.1,22539.05,22542.7,0
2128,2025-02-27T15:15:00+05:30,22542.35,22548.8,22508.4,22510.85,0
2129,2025-02-28T09:15:00+05:30,22433.4,22450.35,22308.2,22336.1,0
2130,2025-02-28T09:30:00+05:30,22337.7,22339.8,22249.1,22261.7,0
2131,2025-02-28T09:45:00+05:30,22261.15,22282.3,22233.6,22235.35,0
2132,2025-02-28T10:00:00+05:30,22235.4,22262.9,22224.1,22262.15,0
2133,2025-02-28T10:15:00+05:30,22261.8,22293.5,22258.55,22272.1,0
2134,2025-02-28T10:30:00+05:30,22272.15,22300.5,22267.95,22288.65,0
2135,2025-02-28T10:45:00+05:30,22288.25,22294.1,22242.45,22243.45,0
2136,2025-02-28T11:00:00+05:30,22243.75,22263.7,22240.2,22246.25,0
2137,2025-02-28T11:15:00+05:30,22246.4,22261.2,22239.65,22259.75,0
2138,2025-02-28T11:30:00+05:30,22260.0,22280.0,22238.1,22240.4,0
2139,2025-02-28T11:45:00+05:30,22240.9,22246.25,22220.55,22237.4,0
2140,2025-02-28T12:00:00+05:30,22237.15,22240.8,22217.5,22222.55,0
2141,2025-02-28T12:15:00+05:30,22221.75,22253.75,22221.75,22248.25,0
2142,2025-02-28T12:30:00+05:30,22246.85,22249.3,22167.4,22169.1,0
2143,2025-02-28T12:45:00+05:30,22169.25,22180.45,22108.3,22110.3,0
2144,2025-02-28T13:00:00+05:30,22108.45,22148.3,22105.15,22127.85,0
2145,2025-02-28T13:15:00+05:30,22127.75,22145.0,22121.2,22125.15,0
2146,2025-02-28T13:30:00+05:30,22124.05,22130.15,22111.55,22123.45,0
2147,2025-02-28T13:45:00+05:30,22122.05,22163.8,22114.85,22130.7,0
2148,2025-02-28T14:00:00+05:30,22129.85,22139.45,22118.45,22138.5,0
2149,2025-02-28T14:15:00+05:30,22138.15,22155.8,22123.55,22140.45,0
2150,2025-02-28T14:30:00+05:30,22140.4,22173.3,22124.95,22173.3,0
2151,2025-02-28T14:45:00+05:30,22172.3,22198.75,22153.9,22169.75,0
2152,2025-02-28T15:00:00+05:30,22170.75,22176.55,22117.25,22124.65,0
2153,2025-02-28T15:15:00+05:30,22124.85,22127.65,22104.85,22127.4,0
2154,2025-03-03T09:15:00+05:30,22194.55,22261.55,22154.85,22174.55,0
2155,2025-03-03T09:30:00+05:30,22173.2,22189.25,22127.5,22130.35,0
2156,2025-03-03T09:45:00+05:30,22130.1,22133.0,22050.55,22067.5,0
2157,2025-03-03T10:00:00+05:30,22068.1,22072.2,22012.25,22024.9,0
2158,2025-03-03T10:15:00+05:30,22025.55,22104.2,22022.8,22100.2,0
2159,2025-03-03T10:30:00+05:30,22097.15,22100.9,22038.4,22046.0,0
2160,2025-03-03T10:45:00+05:30,22044.4,22080.55,22035.1,22045.1,0
2161,2025-03-03T11:00:00+05:30,22043.8,22049.85,22005.7,22031.6,0
2162,2025-03-03T11:15:00+05:30,22030.55,22036.45,22004.7,22031.45,0
2163,2025-03-03T11:30:00+05:30,22031.5,22044.25,22010.5,22016.85,0
2164,2025-03-03T11:45:00+05:30,22017.05,22040.3,22011.35,22012.8,0
2165,2025-03-03T12:00:00+05:30,22013.1,22055.85,22006.7,22054.75,0
2166,2025-03-03T12:15:00+05:30,22054.55,22086.5,22037.1,22071.7,0
2167,2025-03-03T12:30:00+05:30,22071.5,22110.95,22070.85,22105.45,0
2168,2025-03-03T12:45:00+05:30,22105.85,22154.15,22105.85,22113.75,0
2169,2025-03-03T13:00:00+05:30,22113.55,22155.05,22105.0,22154.8,0
2170,2025-03-03T13:15:00+05:30,22154.95,22174.15,22110.4,22117.15,0
2171,2025-03-03T13:30:00+05:30,22120.3,22126.3,22092.45,22119.1,0
2172,2025-03-03T13:45:00+05:30,22121.3,22149.75,22098.6,22100.2,0
2173,2025-03-03T14:00:00+05:30,22099.7,22128.5,22071.9,22120.85,0
2174,2025-03-03T14:15:00+05:30,22124.45,22153.55,22092.3,22146.95,0
2175,2025-03-03T14:30:00+05:30,22146.7,22150.8,22120.4,22138.65,0
2176,2025-03-03T14:45:00+05:30,22142.7,22144.75,22112.35,22130.9,0
2177,2025-03-03T15:00:00+05:30,22128.0,22130.85,22099.2,22117.25,0
2178,2025-03-03T15:15:00+05:30,22117.2,22146.55,22110.1,22143.15,0
2179,2025-03-04T09:15:00+05:30,21974.45,22049.65,21964.6,22001.6,0
2180,2025-03-04T09:30:00+05:30,21999.5,22069.35,21991.6,22041.4,0
2181,2025-03-04T09:45:00+05:30,22039.2,22071.7,22013.6,22058.6,0
2182,2025-03-04T10:00:00+05:30,22059.4,22091.05,22032.1,22049.95,0
2183,2025-03-04T10:15:00+05:30,22049.25,22076.85,22049.25,22059.5,0
2184,2025-03-04T10:30:00+05:30,22059.1,22077.2,22048.15,22052.65,0
2185,2025-03-04T10:45:00+05:30,22052.9,22089.4,22051.3,22082.3,0
2186,2025-03-04T11:00:00+05:30,22082.65,22104.25,22072.4,22083.7,0
2187,2025-03-04T11:15:00+05:30,22083.1,22086.2,22063.2,22069.5,0
2188,2025-03-04T11:30:00+05:30,22069.8,22086.35,22068.35,22070.2,0
2189,2025-03-04T11:45:00+05:30,22069.4,22073.35,22048.8,22072.1,0
2190,2025-03-04T12:00:00+05:30,22072.25,22074.5,22047.95,22058.0,0
2191,2025-03-04T12:15:00+05:30,22058.2,22075.35,22049.65,22068.65,0
2192,2025-03-04T12:30:00+05:30,22068.1,22074.65,22063.95,22064.25,0
2193,2025-03-04T12:45:00+05:30,22064.0,22073.3,22049.0,22052.85,0
2194,2025-03-04T13:00:00+05:30,22055.65,22057.6,22035.05,22056.35,0
2195,2025-03-04T13:15:00+05:30,22056.6,22068.75,22046.1,22050.55,0
2196,2025-03-04T13:30:00+05:30,22051.6,22059.95,22039.6,22058.65,0
2197,2025-03-04T13:45:00+05:30,22057.6,22074.45,22047.35,22069.15,0
2198,2025-03-04T14:00:00+05:30,22069.55,22105.05,22064.05,22087.6,0
2199,2025-03-04T14:15:00+05:30,22088.55,22100.35,22075.2,22085.4,0
2200,2025-03-04T14:30:00+05:30,22085.35,22096.15,22077.95,22083.1,0
2201,2025-03-04T14:45:00+05:30,22083.5,22104.65,22075.5,22098.6,0
2202,2025-03-04T15:00:00+05:30,22097.65,22098.55,22074.85,22082.05,0
2203,2025-03-04T15:15:00+05:30,22082.6,22090.95,22064.7,22080.3,0
2204,2025-03-05T09:15:00+05:30,22073.05,22197.85,22067.8,22193.3,0
2205,2025-03-05T09:30:00+05:30,22192.8,22250.2,22185.0,22237.6,0
2206,2025-03-05T09:45:00+05:30,22237.5,22264.1,22231.0,22256.45,0
2207,2025-03-05T10:00:00+05:30,22254.75,22265.15,22227.2,22239.0,0
2208,2025-03-05T10:15:00+05:30,22238.7,22251.4,22211.1,22251.1,0
2209,2025-03-05T10:30:00+05:30,22251.05,22284.7,22244.85,22282.7,0
2210,2025-03-05T10:45:00+05:30,22283.15,22288.35,22266.6,22284.35,0
2211,2025-03-05T11:00:00+05:30,22284.3,22296.35,22270.6,22282.35,0
2212,2025-03-05T11:15:00+05:30,22282.65,22293.4,22277.0,22290.05,0
2213,2025-03-05T11:30:00+05:30,22290.7,22337.4,22290.2,22337.1,0
2214,2025-03-05T11:45:00+05:30,22336.75,22375.05,22336.45,22357.45,0
2215,2025-03-05T12:00:00+05:30,22357.65,22372.8,22352.6,22362.1,0
2216,2025-03-05T12:15:00+05:30,22361.9,22371.05,22347.7,22368.55,0
2217,2025-03-05T12:30:00+05:30,22368.65,22394.9,22368.65,22372.3,0
2218,2025-03-05T12:45:00+05:30,22373.05,22377.65,22350.25,22355.0,0
2219,2025-03-05T13:00:00+05:30,22354.95,22367.35,22333.1,22348.8,0
2220,2025-03-05T13:15:00+05:30,22348.4,22363.05,22344.0,22354.5,0
2221,2025-03-05T13:30:00+05:30,22353.5,22354.5,22301.75,22313.8,0
2222,2025-03-05T13:45:00+05:30,22313.85,22338.75,22310.7,22329.5,0
2223,2025-03-05T14:00:00+05:30,22328.3,22333.35,22312.85,22326.8,0
2224,2025-03-05T14:15:00+05:30,22326.7,22326.7,22292.3,22323.5,0
2225,2025-03-05T14:30:00+05:30,22323.7,22343.45,22309.35,22337.9,0
2226,2025-03-05T14:45:00+05:30,22337.6,22353.85,22328.3,22343.55,0
2227,2025-03-05T15:00:00+05:30,22342.35,22344.2,22324.6,22335.0,0
2228,2025-03-05T15:15:00+05:30,22335.15,22351.25,22326.35,22346.65,0
2229,2025-03-06T09:15:00+05:30,22476.35,22491.3,22349.2,22362.25,0
2230,2025-03-06T09:30:00+05:30,22364.1,22372.0,22297.9,22315.15,0
2231,2025-03-06T09:45:00+05:30,22315.25,22329.5,22245.85,22314.4,0
2232,2025-03-06T10:00:00+05:30,22313.55,22364.8,22305.1,22331.6,0
2233,2025-03-06T10:15:00+05:30,22330.9,22366.35,22322.95,22358.65,0
2234,2025-03-06T10:30:00+05:30,22361.2,22377.8,22338.9,22366.5,0
2235,2025-03-06T10:45:00+05:30,22366.35,22378.5,22354.05,22366.3,0
2236,2025-03-06T11:00:00+05:30,22364.85,22455.55,22355.55,22436.25,0
2237,2025-03-06T11:15:00+05:30,22436.15,22438.8,22321.5,22340.2,0
2238,2025-03-06T11:30:00+05:30,22338.85,22377.95,22319.95,22374.55,0
2239,2025-03-06T11:45:00+05:30,22374.3,22416.75,22374.2,22399.65,0
2240,2025-03-06T12:00:00+05:30,22399.25,22427.0,22398.4,22412.45,0
2241,2025-03-06T12:15:00+05:30,22411.6,22437.75,22408.1,22428.5,0
2242,2025-03-06T12:30:00+05:30,22429.0,22462.2,22420.05,22447.2,0
2243,2025-03-06T12:45:00+05:30,22447.5,22485.9,22430.65,22452.8,0
2244,2025-03-06T13:00:00+05:30,22451.95,22478.65,22446.45,22466.15,0
2245,2025-03-06T13:15:00+05:30,22466.85,22481.55,22451.55,22467.25,0
2246,2025-03-06T13:30:00+05:30,22467.9,22492.85,22458.25,22484.6,0
2247,2025-03-06T13:45:00+05:30,22485.2,22519.25,22484.4,22509.55,0
2248,2025-03-06T14:00:00+05:30,22510.95,22528.95,22504.15,22509.2,0
2249,2025-03-06T14:15:00+05:30,22508.7,22516.35,22493.7,22494.85,0
2250,2025-03-06T14:30:00+05:30,22494.65,22543.65,22491.15,22539.0,0
2251,2025-03-06T14:45:00+05:30,22537.75,22555.85,22524.1,22546.05,0
2252,2025-03-06T15:00:00+05:30,22546.45,22556.45,22531.75,22547.85,0
2253,2025-03-06T15:15:00+05:30,22548.15,22553.35,22520.6,22529.2,0
2254,2025-03-07T09:15:00+05:30,22508.65,22572.85,22464.75,22511.4,0
2255,2025-03-07T09:30:00+05:30,22511.6,22563.75,22478.35,22497.3,0
2256,2025-03-07T09:45:00+05:30,22497.1,22549.0,22470.8,22548.7,0
2257,2025-03-07T10:00:00+05:30,22548.85,22606.4,22539.95,22605.7,0
2258,2025-03-07T10:15:00+05:30,22607.95,22625.5,22577.8,22596.25,0
2259,2025-03-07T10:30:00+05:30,22596.35,22605.6,22579.35,22591.1,0
2260,2025-03-07T10:45:00+05:30,22591.0,22616.0,22568.2,22570.45,0
2261,2025-03-07T11:00:00+05:30,22569.25,22619.8,22567.85,22615.2,0
2262,2025-03-07T11:15:00+05:30,22614.05,22633.8,22599.9,22601.05,0
2263,2025-03-07T11:30:00+05:30,22602.0,22612.1,22585.7,22599.1,0
2264,2025-03-07T11:45:00+05:30,22599.3,22600.15,22548.25,22562.5,0
2265,2025-03-07T12:00:00+05:30,22562.65,22564.5,22516.1,22526.85,0
2266,2025-03-07T12:15:00+05:30,22526.3,22546.95,22509.05,22544.7,0
2267,2025-03-07T12:30:00+05:30,22544.3,22583.3,22541.0,22577.0,0
2268,2025-03-07T12:45:00+05:30,22576.7,22577.35,22533.45,22555.85,0
2269,2025-03-07T13:00:00+05:30,22555.25,22556.25,22530.3,22539.2,0
2270,2025-03-07T13:15:00+05:30,22539.65,22572.65,22539.3,22564.75,0
2271,2025-03-07T13:30:00+05:30,22565.0,22576.0,22550.3,22568.35,0
2272,2025-03-07T13:45:00+05:30,22567.15,22569.0,22522.7,22533.45,0
2273,2025-03-07T14:00:00+05:30,22533.9,22554.75,22533.6,22553.6,0
2274,2025-03-07T14:15:00+05:30,22554.0,22578.8,22550.75,22574.1,0
2275,2025-03-07T14:30:00+05:30,22574.7,22595.7,22564.15,22590.1,0
2276,2025-03-07T14:45:00+05:30,22589.75,22606.6,22581.25,22601.1,0
2277,2025-03-07T15:00:00+05:30,22601.65,22607.65,22556.65,22556.85,0
2278,2025-03-07T15:15:00+05:30,22557.55,22557.7,22530.35,22536.95,0
2279,2025-03-10T09:15:00+05:30,22521.85,22603.25,22498.65,22583.75,0
2280,2025-03-10T09:30:00+05:30,22582.85,22654.85,22582.15,22653.85,0
2281,2025-03-10T09:45:00+05:30,22654.15,22676.75,22638.65,22658.7,0
2282,2025-03-10T10:00:00+05:30,22658.55,22662.75,22624.8,22631.75,0
2283,2025-03-10T10:15:00+05:30,22631.3,22643.6,22604.05,22607.95,0
2284,2025-03-10T10:30:00+05:30,22608.45,22644.65,22603.8,22643.3,0
2285,2025-03-10T10:45:00+05:30,22643.0,22650.5,22636.0,22638.35,0
2286,2025-03-10T11:00:00+05:30,22638.2,22639.5,22609.85,22616.9,0
2287,2025-03-10T11:15:00+05:30,22617.15,22634.4,22606.55,22616.8,0
2288,2025-03-10T11:30:00+05:30,22617.3,22645.35,22616.5,22637.2,0
2289,2025-03-10T11:45:00+05:30,22636.95,22638.35,22609.45,22611.75,0
2290,2025-03-10T12:00:00+05:30,22611.7,22614.5,22582.35,22587.5,0
2291,2025-03-10T12:15:00+05:30,22587.45,22597.6,22563.35,22589.25,0
2292,2025-03-10T12:30:00+05:30,22588.4,22600.85,22580.65,22587.95,0
2293,2025-03-10T12:45:00+05:30,22588.25,22598.5,22577.75,22595.9,0
2294,2025-03-10T13:00:00+05:30,22595.8,22619.3,22589.1,22601.8,0
2295,2025-03-10T13:15:00+05:30,22601.55,22602.2,22578.35,22590.9,0
2296,2025-03-10T13:30:00+05:30,22590.25,22594.2,22562.95,22565.2,0
2297,2025-03-10T13:45:00+05:30,22564.95,22565.6,22532.9,22550.8,0
2298,2025-03-10T14:00:00+05:30,22550.45,22560.25,22539.5,22548.6,0
2299,2025-03-10T14:15:00+05:30,22548.7,22549.1,22460.1,22460.1,0
2300,2025-03-10T14:30:00+05:30,22460.75,22484.0,22429.65,22436.75,0
2301,2025-03-10T14:45:00+05:30,22436.3,22467.95,22429.05,22457.45,0
2302,2025-03-10T15:00:00+05:30,22456.7,22479.35,22447.65,22469.65,0
2303,2025-03-10T15:15:00+05:30,22470.2,22472.55,22436.4,22441.1,0
2304,2025-03-11T09:15:00+05:30,22345.95,22387.6,22314.7,22365.3,0
2305,2025-03-11T09:30:00+05:30,22362.9,22395.95,22325.05,22362.65,0
2306,2025-03-11T09:45:00+05:30,22363.75,22412.1,22354.0,22406.55,0
2307,2025-03-11T10:00:00+05:30,22407.1,22426.35,22379.05,22422.55,0
2308,2025-03-11T10:15:00+05:30,22422.45,22437.95,22406.65,22428.55,0
2309,2025-03-11T10:30:00+05:30,22428.3,22449.35,22397.25,22441.0,0
2310,2025-03-11T10:45:00+05:30,22440.75,22468.95,22419.4,22450.7,0
2311,2025-03-11T11:00:00+05:30,22450.5,22485.85,22446.85,22452.3,0
2312,2025-03-11T11:15:00+05:30,22452.55,22455.2,22421.45,22422.6,0
2313,2025-03-11T11:30:00+05:30,22423.0,22444.35,22415.55,22432.2,0
2314,2025-03-11T11:45:00+05:30,22432.3,22448.0,22427.75,22443.0,0
2315,2025-03-11T12:00:00+05:30,22442.95,22445.45,22421.45,22437.7,0
2316,2025-03-11T12:15:00+05:30,22437.6,22455.7,22430.3,22454.8,0
2317,2025-03-11T12:30:00+05:30,22454.3,22466.4,22447.0,22463.9,0
2318,2025-03-11T12:45:00+05:30,22463.65,22465.9,22448.65,22451.0,0
2319,2025-03-11T13:00:00+05:30,22450.6,22457.4,22435.2,22446.7,0
2320,2025-03-11T13:15:00+05:30,22446.1,22475.5,22437.65,22462.4,0
2321,2025-03-11T13:30:00+05:30,22463.6,22477.05,22449.6,22473.55,0
2322,2025-03-11T13:45:00+05:30,22473.3,22503.15,22471.55,22496.5,0
2323,2025-03-11T14:00:00+05:30,22496.4,22510.1,22480.3,22501.55,0
2324,2025-03-11T14:15:00+05:30,22501.6,22516.0,22495.55,22500.75,0
2325,2025-03-11T14:30:00+05:30,22500.95,22507.65,22483.55,22487.0,0
2326,2025-03-11T14:45:00+05:30,22487.65,22507.65,22478.2,22505.0,0
2327,2025-03-11T15:00:00+05:30,22505.3,22512.55,22469.35,22499.5,0
2328,2025-03-11T15:15:00+05:30,22499.85,22522.1,22490.75,22520.5,0
2329,2025-03-12T09:15:00+05:30,22536.35,22577.4,22461.3,22461.7,0
2330,2025-03-12T09:30:00+05:30,22462.1,22505.95,22450.1,22481.0,0
2331,2025-03-12T09:45:00+05:30,22480.4,22514.1,22447.2,22470.35,0
2332,2025-03-12T10:00:00+05:30,22470.55,22475.35,22417.55,22425.2,0
2333,2025-03-12T10:15:00+05:30,22423.75,22442.7,22410.15,22420.9,0
2334,2025-03-12T10:30:00+05:30,22420.15,22460.85,22416.35,22450.3,0
2335,2025-03-12T10:45:00+05:30,22449.45,22454.55,22397.75,22408.65,0
2336,2025-03-12T11:00:00+05:30,22408.25,22422.05,22394.95,22416.45,0
2337,2025-03-12T11:15:00+05:30,22416.3,22420.5,22376.45,22385.25,0
2338,2025-03-12T11:30:00+05:30,22385.05,22390.95,22340.7,22350.7,0
2339,2025-03-12T11:45:00+05:30,22350.85,22363.85,22333.5,22339.75,0
2340,2025-03-12T12:00:00+05:30,22342.15,22368.1,22329.55,22367.2,0
2341,2025-03-12T12:15:00+05:30,22367.55,22373.4,22346.35,22370.75,0
2342,2025-03-12T12:30:00+05:30,22370.4,22384.8,22344.75,22347.0,0
2343,2025-03-12T12:45:00+05:30,22346.95,22385.25,22331.75,22367.7,0
2344,2025-03-12T13:00:00+05:30,22367.65,22405.85,22357.75,22402.2,0
2345,2025-03-12T13:15:00+05:30,22402.95,22445.3,22402.45,22430.1,0
2346,2025-03-12T13:30:00+05:30,22429.65,22444.9,22400.95,22411.2,0
2347,2025-03-12T13:45:00+05:30,22410.65,22416.75,22392.05,22412.8,0
2348,2025-03-12T14:00:00+05:30,22412.55,22440.5,22412.3,22437.0,0
2349,2025-03-12T14:15:00+05:30,22436.9,22469.15,22432.6,22464.95,0
2350,2025-03-12T14:30:00+05:30,22464.65,22475.15,22440.7,22442.75,0
2351,2025-03-12T14:45:00+05:30,22442.45,22484.9,22441.6,22480.4,0
2352,2025-03-12T15:00:00+05:30,22478.65,22494.1,22465.6,22473.75,0
2353,2025-03-12T15:15:00+05:30,22474.05,22474.05,22452.75,22468.5,0
2354,2025-03-13T09:15:00+05:30,22541.5,22556.0,22460.4,22483.9,0
2355,2025-03-13T09:30:00+05:30,22483.85,22501.1,22461.95,22490.15,0
2356,2025-03-13T09:45:00+05:30,22489.6,22540.6,22482.1,22529.25,0
2357,2025-03-13T10:00:00+05:30,22529.2,22547.45,22525.55,22545.1,0
2358,2025-03-13T10:15:00+05:30,22545.3,22558.05,22525.2,22538.5,0
2359,2025-03-13T10:30:00+05:30,22539.05,22547.2,22515.25,22523.8,0
2360,2025-03-13T10:45:00+05:30,22523.75,22524.7,22485.85,22492.8,0
2361,2025-03-13T11:00:00+05:30,22492.15,22520.25,22478.3,22519.65,0
2362,2025-03-13T11:15:00+05:30,22520.05,22520.65,22464.7,22471.9,0
2363,2025-03-13T11:30:00+05:30,22470.7,22480.85,22416.95,22433.5,0
2364,2025-03-13T11:45:00+05:30,22434.6,22435.3,22403.15,22432.4,0
2365,2025-03-13T12:00:00+05:30,22433.0,22447.1,22424.65,22443.2,0
2366,2025-03-13T12:15:00+05:30,22442.75,22451.6,22425.75,22436.5,0
2367,2025-03-13T12:30:00+05:30,22435.6,22451.65,22431.65,22450.35,0
2368,2025-03-13T12:45:00+05:30,22449.75,22461.8,22440.75,22459.0,0
2369,2025-03-13T13:00:00+05:30,22458.65,22462.05,22425.95,22429.8,0
2370,2025-03-13T13:15:00+05:30,22429.15,22446.15,22419.75,22420.25,0
2371,2025-03-13T13:30:00+05:30,22420.0,22451.65,22420.0,22442.75,0
2372,2025-03-13T13:45:00+05:30,22442.55,22453.5,22432.45,22433.45,0
2373,2025-03-13T14:00:00+05:30,22433.7,22450.1,22420.65,22432.3,0
2374,2025-03-13T14:15:00+05:30,22432.35,22434.9,22401.15,22406.6,0
2375,2025-03-13T14:30:00+05:30,22406.25,22412.7,22394.65,22406.15,0
2376,2025-03-13T14:45:00+05:30,22406.6,22409.2,22384.65,22387.15,0
2377,2025-03-13T15:00:00+05:30,22386.4,22402.85,22377.35,22399.6,0
2378,2025-03-13T15:15:00+05:30,22399.5,22412.75,22379.45,22383.3,0
2379,2025-03-17T09:15:00+05:30,22353.15,22549.5,22353.15,22538.95,0
2380,2025-03-17T09:30:00+05:30,22539.1,22577.0,22539.1,22553.2,0
2381,2025-03-17T09:45:00+05:30,22553.75,22560.4,22522.95,22546.1,0
2382,2025-03-17T10:00:00+05:30,22546.3,22554.55,22512.75,22513.4,0
2383,2025-03-17T10:15:00+05:30,22513.3,22513.45,22478.8,22490.15,0
2384,2025-03-17T10:30:00+05:30,22490.05,22490.75,22455.4,22472.45,0
2385,2025-03-17T10:45:00+05:30,22473.0,22500.3,22472.9,22496.9,0
2386,2025-03-17T11:00:00+05:30,22497.0,22505.8,22475.75,22477.55,0
2387,2025-03-17T11:15:00+05:30,22477.9,22498.1,22470.85,22497.85,0
2388,2025-03-17T11:30:00+05:30,22497.5,22530.7,22493.75,22517.7,0
2389,2025-03-17T11:45:00+05:30,22517.4,22519.85,22483.3,22505.75,0
2390,2025-03-17T12:00:00+05:30,22506.1,22522.15,22503.95,22510.1,0
2391,2025-03-17T12:15:00+05:30,22509.55,22509.55,22454.8,22482.4,0
2392,2025-03-17T12:30:00+05:30,22483.0,22483.0,22442.0,22466.9,0
2393,2025-03-17T12:45:00+05:30,22467.1,22467.1,22445.2,22458.25,0
2394,2025-03-17T13:00:00+05:30,22458.5,22469.75,22445.45,22467.6,0
2395,2025-03-17T13:15:00+05:30,22467.7,22499.45,22466.45,22494.9,0
2396,2025-03-17T13:30:00+05:30,22497.05,22497.05,22477.65,22493.1,0
2397,2025-03-17T13:45:00+05:30,22493.75,22516.6,22473.8,22510.95,0
2398,2025-03-17T14:00:00+05:30,22510.8,22528.6,22495.2,22520.65,0
2399,2025-03-17T14:15:00+05:30,22520.85,22527.85,22501.7,22503.2,0
2400,2025-03-17T14:30:00+05:30,22503.4,22517.3,22481.75,22489.55,0
2401,2025-03-17T14:45:00+05:30,22489.2,22522.7,22487.6,22511.0,0
2402,2025-03-17T15:00:00+05:30,22510.95,22520.05,22503.85,22510.5,0
2403,2025-03-17T15:15:00+05:30,22510.65,22520.5,22506.25,22515.25,0
2404,2025-03-18T09:15:00+05:30,22662.25,22671.3,22599.2,22644.25,0
2405,2025-03-18T09:30:00+05:30,22644.1,22703.4,22639.2,22681.35,0
2406,2025-03-18T09:45:00+05:30,22681.15,22702.05,22665.55,22683.4,0
2407,2025-03-18T10:00:00+05:30,22684.2,22751.65,22681.45,22745.35,0
2408,2025-03-18T10:15:00+05:30,22746.5,22763.85,22729.4,22763.25,0
2409,2025-03-18T10:30:00+05:30,22764.6,22774.65,22752.55,22773.4,0
2410,2025-03-18T10:45:00+05:30,22773.85,22774.1,22746.55,22750.8,0
2411,2025-03-18T11:00:00+05:30,22751.35,22764.8,22739.65,22757.05,0
2412,2025-03-18T11:15:00+05:30,22757.2,22757.65,22741.9,22753.6,0
2413,2025-03-18T11:30:00+05:30,22753.7,22780.65,22753.25,22765.65,0
2414,2025-03-18T11:45:00+05:30,22765.45,22781.4,22759.05,22769.9,0
2415,2025-03-18T12:00:00+05:30,22769.1,22777.0,22760.65,22769.65,0
2416,2025-03-18T12:15:00+05:30,22769.85,22770.4,22729.15,22730.8,0
2417,2025-03-18T12:30:00+05:30,22731.15,22745.05,22702.7,22703.9,0
2418,2025-03-18T12:45:00+05:30,22704.95,22736.3,22697.75,22736.3,0
2419,2025-03-18T13:00:00+05:30,22738.35,22762.85,22737.1,22761.2,0
2420,2025-03-18T13:15:00+05:30,22762.4,22784.35,22758.6,22771.1,0
2421,2025-03-18T13:30:00+05:30,22772.75,22787.15,22767.0,22783.3,0
2422,2025-03-18T13:45:00+05:30,22784.95,22797.35,22774.2,22787.65,0
2423,2025-03-18T14:00:00+05:30,22788.8,22798.3,22772.65,22774.35,0
2424,2025-03-18T14:15:00+05:30,22775.45,22795.5,22770.35,22792.75,0
2425,2025-03-18T14:30:00+05:30,22793.8,22797.0,22786.1,22794.15,0
2426,2025-03-18T14:45:00+05:30,22794.85,22813.35,22793.05,22804.55,0
2427,2025-03-18T15:00:00+05:30,22805.6,22845.95,22805.6,22842.95,0
2428,2025-03-18T15:15:00+05:30,22842.1,22857.8,22833.95,22848.75,0
2429,2025-03-19T09:15:00+05:30,22874.95,22888.3,22807.95,22848.95,0
2430,2025-03-19T09:30:00+05:30,22848.45,22863.95,22812.15,22857.65,0
2431,2025-03-19T09:45:00+05:30,22857.8,22877.8,22852.55,22864.3,0
2432,2025-03-19T10:00:00+05:30,22864.65,22879.7,22840.45,22864.1,0
2433,2025-03-19T10:15:00+05:30,22864.05,22910.55,22864.05,22897.3,0
2434,2025-03-19T10:30:00+05:30,22897.25,22909.55,22888.45,22907.9,0
2435,2025-03-19T10:45:00+05:30,22908.1,22911.85,22865.3,22901.2,0
2436,2025-03-19T11:00:00+05:30,22900.9,22914.45,22888.25,22902.5,0
2437,2025-03-19T11:15:00+05:30,22902.55,22905.65,22881.45,22891.0,0
2438,2025-03-19T11:30:00+05:30,22891.1,22905.35,22883.75,22888.75,0
2439,2025-03-19T11:45:00+05:30,22889.1,22907.15,22875.45,22904.45,0
2440,2025-03-19T12:00:00+05:30,22904.4,22907.05,22881.35,22887.15,0
2441,2025-03-19T12:15:00+05:30,22887.65,22914.2,22885.55,22901.3,0
2442,2025-03-19T12:30:00+05:30,22900.6,22915.25,22899.05,22906.6,0
2443,2025-03-19T12:45:00+05:30,22906.85,22937.25,22906.5,22934.0,0
2444,2025-03-19T13:00:00+05:30,22935.4,22940.7,22882.8,22903.9,0
2445,2025-03-19T13:15:00+05:30,22904.6,22927.8,22898.55,22914.4,0
2446,2025-03-19T13:30:00+05:30,22915.85,22928.15,22912.05,22917.45,0
2447,2025-03-19T13:45:00+05:30,22918.15,22918.85,22899.35,22913.1,0
2448,2025-03-19T14:00:00+05:30,22914.45,22923.7,22904.95,22908.75,0
2449,2025-03-19T14:15:00+05:30,22909.35,22929.05,22905.3,22927.4,0
2450,2025-03-19T14:30:00+05:30,22928.25,22937.4,22920.0,22933.8,0
2451,2025-03-19T14:45:00+05:30,22934.8,22937.7,22923.5,22931.0,0
2452,2025-03-19T15:00:00+05:30,22931.85,22933.65,22905.45,22911.55,0
2453,2025-03-19T15:15:00+05:30,22912.3,22917.7,22895.9,22911.8,0
2454,2025-03-20T09:15:00+05:30,23036.6,23065.45,22994.4,23065.2,0
2455,2025-03-20T09:30:00+05:30,23064.65,23071.1,23034.1,23053.55,0
2456,2025-03-20T09:45:00+05:30,23054.25,23055.45,23005.65,23025.7,0
2457,2025-03-20T10:00:00+05:30,23026.4,23045.65,22973.95,22987.65,0
2458,2025-03-20T10:15:00+05:30,22987.3,23050.7,22982.05,23048.15,0
2459,2025-03-20T10:30:00+05:30,23047.0,23059.1,23033.05,23035.95,0
2460,2025-03-20T10:45:00+05:30,23035.75,23045.0,23021.6,23039.9,0
2461,2025-03-20T11:00:00+05:30,23039.8,23068.25,23034.8,23063.55,0
2462,2025-03-20T11:15:00+05:30,23063.95,23067.55,23042.65,23053.25,0
2463,2025-03-20T11:30:00+05:30,23052.95,23057.5,23042.65,23057.5,0
2464,2025-03-20T11:45:00+05:30,23057.1,23069.7,23052.55,23063.15,0
2465,2025-03-20T12:00:00+05:30,23063.25,23074.4,23061.35,23072.55,0
2466,2025-03-20T12:15:00+05:30,23072.9,23083.45,23071.7,23080.4,0
2467,2025-03-20T12:30:00+05:30,23080.85,23095.8,23072.95,23093.7,0
2468,2025-03-20T12:45:00+05:30,23093.75,23114.75,23088.85,23114.0,0
2469,2025-03-20T13:00:00+05:30,23114.45,23146.2,23096.2,23143.35,0
2470,2025-03-20T13:15:00+05:30,23143.55,23179.7,23132.7,23161.2,0
2471,2025-03-20T13:30:00+05:30,23161.3,23185.1,23158.55,23177.7,0
2472,2025-03-20T13:45:00+05:30,23177.45,23195.95,23166.95,23189.9,0
2473,2025-03-20T14:00:00+05:30,23190.2,23206.55,23179.25,23182.4,0
2474,2025-03-20T14:15:00+05:30,23183.2,23214.0,23171.3,23209.95,0
2475,2025-03-20T14:30:00+05:30,23211.3,23216.7,23193.35,23195.0,0
2476,2025-03-20T14:45:00+05:30,23195.2,23214.75,23189.0,23205.05,0
2477,2025-03-20T15:00:00+05:30,23206.2,23207.5,23183.5,23183.85,0
2478,2025-03-20T15:15:00+05:30,23183.95,23190.75,23162.25,23165.7,0
2479,2025-03-21T09:15:00+05:30,23168.25,23199.45,23132.8,23194.45,0
2480,2025-03-21T09:30:00+05:30,23196.2,23276.7,23182.6,23273.85,0
2481,2025-03-21T09:45:00+05:30,23273.7,23275.2,23248.1,23263.95,0
2482,2025-03-21T10:00:00+05:30,23263.75,23275.0,23240.95,23257.3,0
2483,2025-03-21T10:15:00+05:30,23257.2,23299.45,23247.9,23298.9,0
2484,2025-03-21T10:30:00+05:30,23298.5,23319.05,23292.05,23309.3,0
2485,2025-03-21T10:45:00+05:30,23309.6,23357.7,23306.15,23339.2,0
2486,2025-03-21T11:00:00+05:30,23340.75,23356.3,23321.45,23331.15,0
2487,2025-03-21T11:15:00+05:30,23330.9,23362.4,23326.5,23349.7,0
2488,2025-03-21T11:30:00+05:30,23348.5,23370.85,23330.65,23336.25,0
2489,2025-03-21T11:45:00+05:30,23334.05,23355.15,23331.55,23345.5,0
2490,2025-03-21T12:00:00+05:30,23345.4,23368.9,23345.1,23356.5,0
2491,2025-03-21T12:15:00+05:30,23355.85,23390.25,23350.8,23374.45,0
2492,2025-03-21T12:30:00+05:30,23373.35,23392.85,23364.75,23388.3,0
2493,2025-03-21T12:45:00+05:30,23387.95,23402.45,23373.05,23399.45,0
2494,2025-03-21T13:00:00+05:30,23399.6,23402.7,23366.95,23371.15,0
2495,2025-03-21T13:15:00+05:30,23371.05,23386.8,23349.95,23381.55,0
2496,2025-03-21T13:30:00+05:30,23382.35,23384.55,23313.05,23334.45,0
2497,2025-03-21T13:45:00+05:30,23333.95,23334.55,23277.05,23319.2,0
2498,2025-03-21T14:00:00+05:30,23318.6,23352.2,23316.8,23335.95,0
2499,2025-03-21T14:15:00+05:30,23335.1,23379.8,23334.75,23378.8,0
2500,2025-03-21T14:30:00+05:30,23378.95,23378.95,23343.8,23351.85,0
2501,2025-03-21T14:45:00+05:30,23349.95,23352.95,23333.7,23341.75,0
2502,2025-03-21T15:00:00+05:30,23340.35,23360.45,23330.3,23348.8,0
2503,2025-03-21T15:15:00+05:30,23348.7,23373.55,23339.1,23355.65,0
2504,2025-03-24T09:15:00+05:30,23515.4,23519.7,23465.45,23500.0,0
2505,2025-03-24T09:30:00+05:30,23498.9,23498.9,23433.5,23472.9,0
2506,2025-03-24T09:45:00+05:30,23475.3,23546.25,23471.9,23542.1,0
2507,2025-03-24T10:00:00+05:30,23542.9,23559.9,23534.5,23544.05,0
2508,2025-03-24T10:15:00+05:30,23544.15,23567.6,23536.2,23559.2,0
2509,2025-03-24T10:30:00+05:30,23559.6,23590.4,23558.05,23576.45,0
2510,2025-03-24T10:45:00+05:30,23577.4,23624.95,23573.1,23624.45,0
2511,2025-03-24T11:00:00+05:30,23625.25,23638.9,23595.5,23614.1,0
2512,2025-03-24T11:15:00+05:30,23614.2,23635.85,23597.7,23631.0,0
2513,2025-03-24T11:30:00+05:30,23630.1,23643.0,23579.5,23590.2,0
2514,2025-03-24T11:45:00+05:30,23589.95,23621.35,23589.65,23621.35,0
2515,2025-03-24T12:00:00+05:30,23621.4,23630.5,23607.65,23628.05,0
2516,2025-03-24T12:15:00+05:30,23627.4,23649.4,23625.1,23646.7,0
2517,2025-03-24T12:30:00+05:30,23646.55,23650.4,23628.25,23636.6,0
2518,2025-03-24T12:45:00+05:30,23636.9,23647.05,23613.25,23622.85,0
2519,2025-03-24T13:00:00+05:30,23622.4,23656.6,23616.1,23654.65,0
2520,2025-03-24T13:15:00+05:30,23654.3,23666.85,23649.3,23660.6,0
2521,2025-03-24T13:30:00+05:30,23661.35,23662.65,23648.3,23650.45,0
2522,2025-03-24T13:45:00+05:30,23650.7,23672.7,23628.55,23670.0,0
2523,2025-03-24T14:00:00+05:30,23670.6,23691.35,23662.95,23687.35,0
2524,2025-03-24T14:15:00+05:30,23687.3,23708.75,23681.8,23687.85,0
2525,2025-03-24T14:30:00+05:30,23688.95,23690.35,23664.8,23668.65,0
2526,2025-03-24T14:45:00+05:30,23668.8,23683.2,23662.55,23671.75,0
2527,2025-03-24T15:00:00+05:30,23670.35,23671.5,23629.9,23652.9,0
2528,2025-03-24T15:15:00+05:30,23651.9,23681.25,23651.9,23674.15,0
2529,2025-03-25T09:15:00+05:30,23751.5,23766.2,23664.9,23723.5,0
2530,2025-03-25T09:30:00+05:30,23721.65,23797.65,23720.9,23788.1,0
2531,2025-03-25T09:45:00+05:30,23788.0,23869.6,23773.7,23863.6,0
2532,2025-03-25T10:00:00+05:30,23864.4,23865.9,23770.4,23770.4,0
2533,2025-03-25T10:15:00+05:30,23769.35,23826.35,23749.65,23813.0,0
2534,2025-03-25T10:30:00+05:30,23812.75,23813.75,23705.9,23761.1,0
2535,2025-03-25T10:45:00+05:30,23763.0,23768.15,23656.4,23701.25,0
2536,2025-03-25T11:00:00+05:30,23701.1,23724.35,23672.85,23701.1,0
2537,2025-03-25T11:15:00+05:30,23701.0,23722.65,23646.4,23662.8,0
2538,2025-03-25T11:30:00+05:30,23662.1,23690.4,23631.5,23642.55,0
2539,2025-03-25T11:45:00+05:30,23641.9,23710.05,23627.55,23710.05,0
2540,2025-03-25T12:00:00+05:30,23711.95,23730.0,23686.55,23693.15,0
2541,2025-03-25T12:15:00+05:30,23693.55,23696.8,23653.65,23680.9,0
2542,2025-03-25T12:30:00+05:30,23681.45,23699.4,23665.55,23696.9,0
2543,2025-03-25T12:45:00+05:30,23697.0,23705.35,23675.4,23684.8,0
2544,2025-03-25T13:00:00+05:30,23684.2,23695.55,23668.0,23676.0,0
2545,2025-03-25T13:15:00+05:30,23676.35,23691.45,23644.3,23667.5,0
2546,2025-03-25T13:30:00+05:30,23665.85,23719.05,23665.85,23711.6,0
2547,2025-03-25T13:45:00+05:30,23710.8,23742.3,23703.75,23733.1,0
2548,2025-03-25T14:00:00+05:30,23729.45,23744.1,23714.8,23739.9,0
2549,2025-03-25T14:15:00+05:30,23739.05,23744.6,23701.7,23702.0,0
2550,2025-03-25T14:30:00+05:30,23701.65,23726.35,23695.55,23695.9,0
2551,2025-03-25T14:45:00+05:30,23696.2,23710.55,23661.7,23682.7,0
2552,2025-03-25T15:00:00+05:30,23682.4,23695.8,23664.3,23670.3,0
2553,2025-03-25T15:15:00+05:30,23670.6,23675.3,23601.4,23605.95,0
2554,2025-03-26T09:15:00+05:30,23700.95,23736.5,23663.4,23699.95,0
2555,2025-03-26T09:30:00+05:30,23699.8,23714.6,23641.4,23646.2,0
2556,2025-03-26T09:45:00+05:30,23645.75,23687.85,23614.7,23674.9,0
2557,2025-03-26T10:00:00+05:30,23674.95,23682.8,23642.1,23679.15,0
2558,2025-03-26T10:15:00+05:30,23679.75,23688.55,23656.65,23662.8,0
2559,2025-03-26T10:30:00+05:30,23662.25,23720.2,23657.15,23670.85,0
2560,2025-03-26T10:45:00+05:30,23672.4,23705.75,23670.85,23681.0,0
2561,2025-03-26T11:00:00+05:30,23681.95,23682.0,23629.55,23653.0,0
2562,2025-03-26T11:15:00+05:30,23653.5,23664.9,23640.85,23662.45,0
2563,2025-03-26T11:30:00+05:30,23662.35,23671.9,23631.75,23641.35,0
2564,2025-03-26T11:45:00+05:30,23640.65,23640.9,23588.8,23589.15,0
2565,2025-03-26T12:00:00+05:30,23589.35,23609.85,23572.0,23603.75,0
2566,2025-03-26T12:15:00+05:30,23602.95,23608.15,23585.55,23599.3,0
2567,2025-03-26T12:30:00+05:30,23598.85,23626.45,23597.6,23624.2,0
2568,2025-03-26T12:45:00+05:30,23623.9,23638.05,23609.45,23615.2,0
2569,2025-03-26T13:00:00+05:30,23615.25,23621.1,23550.85,23566.1,0
2570,2025-03-26T13:15:00+05:30,23565.4,23575.95,23533.8,23559.7,0
2571,2025-03-26T13:30:00+05:30,23559.6,23566.3,23514.65,23516.85,0
2572,2025-03-26T13:45:00+05:30,23517.5,23541.35,23500.6,23532.0,0
2573,2025-03-26T14:00:00+05:30,23532.45,23562.35,23531.2,23550.5,0
2574,2025-03-26T14:15:00+05:30,23552.05,23562.25,23531.05,23542.4,0
2575,2025-03-26T14:30:00+05:30,23542.25,23543.1,23520.15,23525.3,0
2576,2025-03-26T14:45:00+05:30,23524.7,23536.95,23451.7,23480.65,0
2577,2025-03-26T15:00:00+05:30,23481.05,23512.75,23468.85,23501.45,0
2578,2025-03-26T15:15:00+05:30,23501.4,23501.75,23464.3,23464.3,0
2579,2025-03-27T09:15:00+05:30,23433.95,23556.55,23412.2,23543.85,0
2580,2025-03-27T09:30:00+05:30,23543.8,23562.1,23507.4,23554.7,0
2581,2025-03-27T09:45:00+05:30,23553.5,23587.05,23520.6,23585.45,0
2582,2025-03-27T10:00:00+05:30,23585.8,23618.65,23569.85,23600.35,0
2583,2025-03-27T10:15:00+05:30,23599.55,23620.55,23588.2,23617.8,0
2584,2025-03-27T10:30:00+05:30,23617.65,23626.75,23575.15,23583.3,0
2585,2025-03-27T10:45:00+05:30,23582.6,23590.75,23559.8,23576.3,0
2586,2025-03-27T11:00:00+05:30,23576.2,23605.65,23576.2,23602.9,0
2587,2025-03-27T11:15:00+05:30,23603.05,23613.5,23580.15,23580.15,0
2588,2025-03-27T11:30:00+05:30,23581.55,23614.3,23580.15,23611.5,0
2589,2025-03-27T11:45:00+05:30,23611.35,23615.25,23599.4,23600.45,0
2590,2025-03-27T12:00:00+05:30,23600.05,23601.75,23581.6,23600.5,0
2591,2025-03-27T12:15:00+05:30,23600.15,23602.95,23583.0,23585.95,0
2592,2025-03-27T12:30:00+05:30,23585.9,23599.7,23574.85,23599.7,0
2593,2025-03-27T12:45:00+05:30,23595.85,23606.05,23586.9,23598.8,0
2594,2025-03-27T13:00:00+05:30,23598.15,23607.55,23586.55,23586.6,0
2595,2025-03-27T13:15:00+05:30,23586.4,23601.45,23581.8,23599.55,0
2596,2025-03-27T13:30:00+05:30,23598.7,23607.6,23592.95,23605.6,0
2597,2025-03-27T13:45:00+05:30,23605.3,23612.55,23595.95,23604.9,0
2598,2025-03-27T14:00:00+05:30,23604.65,23616.8,23600.55,23609.1,0
2599,2025-03-27T14:15:00+05:30,23610.1,23614.25,23601.05,23605.05,0
2600,2025-03-27T14:30:00+05:30,23603.75,23606.8,23582.2,23603.4,0
2601,2025-03-27T14:45:00+05:30,23603.55,23613.75,23597.7,23603.1,0
2602,2025-03-27T15:00:00+05:30,23600.25,23620.4,23572.1,23589.25,0
2603,2025-03-27T15:15:00+05:30,23588.65,23646.45,23576.45,23601.05,0
2604,2025-03-28T09:15:00+05:30,23600.4,23629.7,23553.25,23561.9,0
2605,2025-03-28T09:30:00+05:30,23558.75,23577.1,23504.95,23520.9,0
2606,2025-03-28T09:45:00+05:30,23521.45,23565.85,23509.7,23556.8,0
2607,2025-03-28T10:00:00+05:30,23556.3,23563.8,23519.5,23524.15,0
2608,2025-03-28T10:15:00+05:30,23523.85,23561.25,23519.0,23559.25,0
2609,2025-03-28T10:30:00+05:30,23560.85,23635.3,23560.05,23613.05,0
2610,2025-03-28T10:45:00+05:30,23614.65,23649.2,23612.85,23623.95,0
2611,2025-03-28T11:00:00+05:30,23623.6,23631.35,23580.6,23581.3,0
2612,2025-03-28T11:15:00+05:30,23581.7,23600.55,23563.0,23576.05,0
2613,2025-03-28T11:30:00+05:30,23576.5,23601.25,23568.05,23569.05,0
2614,2025-03-28T11:45:00+05:30,23568.6,23592.05,23561.7,23589.5,0
2615,2025-03-28T12:00:00+05:30,23590.55,23604.55,23581.4,23596.45,0
2616,2025-03-28T12:15:00+05:30,23596.55,23598.15,23529.0,23529.3,0
2617,2025-03-28T12:30:00+05:30,23528.7,23529.6,23483.85,23500.65,0
2618,2025-03-28T12:45:00+05:30,23500.75,23532.6,23491.1,23527.2,0
2619,2025-03-28T13:00:00+05:30,23526.6,23527.5,23471.1,23499.55,0
2620,2025-03-28T13:15:00+05:30,23499.6,23512.35,23481.15,23493.95,0
2621,2025-03-28T13:30:00+05:30,23493.65,23522.5,23485.75,23486.55,0
2622,2025-03-28T13:45:00+05:30,23485.3,23489.25,23453.65,23473.25,0
2623,2025-03-28T14:00:00+05:30,23472.55,23505.25,23451.3,23503.3,0
2624,2025-03-28T14:15:00+05:30,23501.45,23574.7,23493.7,23571.8,0
2625,2025-03-28T14:30:00+05:30,23573.2,23597.1,23540.05,23594.5,0
2626,2025-03-28T14:45:00+05:30,23594.25,23612.05,23577.55,23591.5,0
2627,2025-03-28T15:00:00+05:30,23591.15,23591.2,23520.1,23543.65,0
2628,2025-03-28T15:15:00+05:30,23544.25,23545.3,23450.2,23495.15,0
2629,2025-04-01T09:15:00+05:30,23341.1,23481.45,23339.1,23471.45,0
2630,2025-04-01T09:30:00+05:30,23472.7,23565.15,23467.2,23545.1,0
2631,2025-04-01T09:45:00+05:30,23544.45,23553.3,23492.75,23514.85,0
2632,2025-04-01T10:00:00+05:30,23513.9,23523.4,23448.2,23456.1,0
2633,2025-04-01T10:15:00+05:30,23455.6,23483.7,23296.9,23307.2,0
2634,2025-04-01T10:30:00+05:30,23306.15,23324.65,23276.1,23319.95,0
2635,2025-04-01T10:45:00+05:30,23320.65,23339.35,23236.45,23243.15,0
2636,2025-04-01T11:00:00+05:30,23243.5,23255.7,23221.15,23228.95,0
2637,2025-04-01T11:15:00+05:30,23229.0,23258.8,23224.25,23250.85,0
2638,2025-04-01T11:30:00+05:30,23248.6,23249.4,23183.55,23200.1,0
2639,2025-04-01T11:45:00+05:30,23199.1,23209.9,23182.9,23197.25,0
2640,2025-04-01T12:00:00+05:30,23196.45,23216.25,23173.1,23209.9,0
2641,2025-04-01T12:15:00+05:30,23209.25,23246.65,23202.0,23213.9,0
2642,2025-04-01T12:30:00+05:30,23214.35,23252.25,23213.8,23228.05,0
2643,2025-04-01T12:45:00+05:30,23227.55,23233.2,23189.65,23194.6,0
2644,2025-04-01T13:00:00+05:30,23193.85,23199.55,23174.3,23192.45,0
2645,2025-04-01T13:15:00+05:30,23192.15,23195.15,23148.6,23154.55,0
2646,2025-04-01T13:30:00+05:30,23153.6,23180.5,23136.4,23171.1,0
2647,2025-04-01T13:45:00+05:30,23171.3,23178.35,23150.75,23154.75,0
2648,2025-04-01T14:00:00+05:30,23154.5,23186.8,23150.3,23161.55,0
2649,2025-04-01T14:15:00+05:30,23163.1,23163.45,23137.45,23154.75,0
2650,2025-04-01T14:30:00+05:30,23154.55,23171.25,23143.65,23161.65,0
2651,2025-04-01T14:45:00+05:30,23161.35,23174.1,23151.65,23161.3,0
2652,2025-04-01T15:00:00+05:30,23161.85,23180.35,23154.75,23174.5,0
2653,2025-04-01T15:15:00+05:30,23174.9,23182.3,23151.8,23179.7,0
2654,2025-04-02T09:15:00+05:30,23192.6,23251.0,23158.45,23246.5,0
2655,2025-04-02T09:30:00+05:30,23246.3,23293.65,23233.5,23234.0,0
2656,2025-04-02T09:45:00+05:30,23233.45,23250.55,23183.25,23244.65,0
2657,2025-04-02T10:00:00+05:30,23244.55,23248.25,23216.45,23238.85,0
2658,2025-04-02T10:15:00+05:30,23238.15,23268.95,23224.6,23267.35,0
2659,2025-04-02T10:30:00+05:30,23267.75,23285.1,23251.0,23264.6,0
2660,2025-04-02T10:45:00+05:30,23264.4,23302.15,23264.3,23292.7,0
2661,2025-04-02T11:00:00+05:30,23293.15,23311.9,23278.8,23287.5,0
2662,2025-04-02T11:15:00+05:30,23287.55,23292.75,23260.5,23262.95,0
2663,2025-04-02T11:30:00+05:30,23263.15,23295.3,23246.15,23259.05,0
2664,2025-04-02T11:45:00+05:30,23259.3,23285.95,23255.0,23255.25,0
2665,2025-04-02T12:00:00+05:30,23256.15,23285.85,23247.5,23281.45,0
2666,2025-04-02T12:15:00+05:30,23281.25,23300.0,23278.8,23278.8,0
2667,2025-04-02T12:30:00+05:30,23279.15,23294.95,23269.5,23286.15,0
2668,2025-04-02T12:45:00+05:30,23286.3,23296.9,23238.95,23247.9,0
2669,2025-04-02T13:00:00+05:30,23247.95,23292.7,23247.25,23287.65,0
2670,2025-04-02T13:15:00+05:30,23287.9,23300.45,23286.25,23298.25,0
2671,2025-04-02T13:30:00+05:30,23298.6,23307.0,23273.85,23274.6,0
2672,2025-04-02T13:45:00+05:30,23274.8,23290.15,23254.75,23287.65,0
2673,2025-04-02T14:00:00+05:30,23287.7,23298.9,23273.0,23278.3,0
2674,2025-04-02T14:15:00+05:30,23279.1,23303.55,23276.6,23301.6,0
2675,2025-04-02T14:30:00+05:30,23303.2,23314.5,23296.45,23308.75,0
2676,2025-04-02T14:45:00+05:30,23309.65,23310.7,23285.25,23307.45,0
2677,2025-04-02T15:00:00+05:30,23309.0,23350.0,23307.4,23337.75,0
2678,2025-04-02T15:15:00+05:30,23338.0,23342.0,23324.6,23330.8,0
2679,2025-04-03T09:15:00+05:30,23150.3,23263.45,23145.8,23251.2,0
2680,2025-04-03T09:30:00+05:30,23251.65,23280.8,23213.4,23244.8,0
2681,2025-04-03T09:45:00+05:30,23243.4,23252.3,23214.9,23234.6,0
2682,2025-04-03T10:00:00+05:30,23234.95,23282.45,23223.75,23277.6,0
2683,2025-04-03T10:15:00+05:30,23278.3,23306.5,23253.4,23298.3,0
2684,2025-04-03T10:30:00+05:30,23298.0,23300.95,23279.45,23287.75,0
2685,2025-04-03T10:45:00+05:30,23289.05,23291.05,23270.0,23289.1,0
2686,2025-04-03T11:00:00+05:30,23289.35,23292.75,23260.1,23278.95,0
2687,2025-04-03T11:15:00+05:30,23279.35,23279.8,23248.9,23272.1,0
2688,2025-04-03T11:30:00+05:30,23272.35,23284.2,23265.3,23283.05,0
2689,2025-04-03T11:45:00+05:30,23282.75,23294.75,23280.25,23289.75,0
2690,2025-04-03T12:00:00+05:30,23289.25,23292.4,23272.85,23273.5,0
2691,2025-04-03T12:15:00+05:30,23275.95,23279.8,23256.3,23266.5,0
2692,2025-04-03T12:30:00+05:30,23266.95,23275.35,23258.35,23258.35,0
2693,2025-04-03T12:45:00+05:30,23259.35,23272.85,23250.6,23270.25,0
2694,2025-04-03T13:00:00+05:30,23269.85,23271.9,23254.05,23258.95,0
2695,2025-04-03T13:15:00+05:30,23260.35,23270.35,23254.95,23268.35,0
2696,2025-04-03T13:30:00+05:30,23268.8,23278.4,23262.25,23264.65,0
2697,2025-04-03T13:45:00+05:30,23264.05,23274.85,23257.7,23259.4,0
2698,2025-04-03T14:00:00+05:30,23260.1,23272.8,23253.95,23255.3,0
2699,2025-04-03T14:15:00+05:30,23254.8,23271.55,23253.55,23258.45,0
2700,2025-04-03T14:30:00+05:30,23258.75,23263.4,23244.45,23254.35,0
2701,2025-04-03T14:45:00+05:30,23254.65,23258.55,23243.0,23249.25,0
2702,2025-04-03T15:00:00+05:30,23251.5,23259.5,23240.8,23253.05,0
2703,2025-04-03T15:15:00+05:30,23253.75,23255.75,23236.4,23241.6,0
2704,2025-04-04T09:15:00+05:30,23190.4,23214.7,23029.4,23076.05,0
2705,2025-04-04T09:30:00+05:30,23077.8,23136.95,23048.25,23062.25,0
2706,2025-04-04T09:45:00+05:30,23063.75,23074.25,22983.0,22992.2,0
2707,2025-04-04T10:00:00+05:30,22992.05,23006.2,22940.95,22941.95,0
2708,2025-04-04T10:15:00+05:30,22941.7,22979.9,22921.6,22933.45,0
2709,2025-04-04T10:30:00+05:30,22933.6,22976.65,22924.35,22960.8,0
2710,2025-04-04T10:45:00+05:30,22958.95,22999.15,22949.4,22999.15,0
2711,2025-04-04T11:00:00+05:30,22998.85,23029.9,22982.3,23013.05,0
2712,2025-04-04T11:15:00+05:30,23013.75,23014.6,22969.9,23004.8,0
2713,2025-04-04T11:30:00+05:30,23005.0,23026.2,22961.75,22970.1,0
2714,2025-04-04T11:45:00+05:30,22971.2,22979.1,22951.7,22971.35,0
2715,2025-04-04T12:00:00+05:30,22971.5,22974.9,22944.75,22965.3,0
2716,2025-04-04T12:15:00+05:30,22965.35,22991.6,22963.9,22972.2,0
2717,2025-04-04T12:30:00+05:30,22972.8,22979.5,22944.4,22964.45,0
2718,2025-04-04T12:45:00+05:30,22964.35,22968.3,22942.7,22962.4,0
2719,2025-04-04T13:00:00+05:30,22962.55,22974.05,22937.2,22938.05,0
2720,2025-04-04T13:15:00+05:30,22938.15,22966.75,22934.8,22953.2,0
2721,2025-04-04T13:30:00+05:30,22952.95,22957.7,22894.95,22903.05,0
2722,2025-04-04T13:45:00+05:30,22902.15,22911.4,22874.4,22893.6,0
2723,2025-04-04T14:00:00+05:30,22894.25,22913.8,22881.2,22909.6,0
2724,2025-04-04T14:15:00+05:30,22908.6,22918.8,22886.1,22895.4,0
2725,2025-04-04T14:30:00+05:30,22895.2,22900.95,22867.9,22872.4,0
2726,2025-04-04T14:45:00+05:30,22873.65,22886.9,22857.45,22864.95,0
2727,2025-04-04T15:00:00+05:30,22864.9,22921.55,22864.9,22911.0,0
2728,2025-04-04T15:15:00+05:30,22909.45,22920.6,22896.45,22912.05,0
2729,2025-04-07T09:15:00+05:30,21758.4,22102.95,21743.65,22041.85,0
2730,2025-04-07T09:30:00+05:30,22042.35,22190.0,21977.05,22021.7,0
2731,2025-04-07T09:45:00+05:30,22023.35,22050.65,21959.75,21963.25,0
2732,2025-04-07T10:00:00+05:30,21960.55,22011.05,21911.05,21918.15,0
2733,2025-04-07T10:15:00+05:30,21916.0,22005.65,21898.3,22005.15,0
2734,2025-04-07T10:30:00+05:30,22004.4,22021.65,21935.75,22007.55,0
2735,2025-04-07T10:45:00+05:30,22009.2,22082.7,21976.4,21983.65,0
2736,2025-04-07T11:00:00+05:30,21980.25,22015.9,21980.25,21986.3,0
2737,2025-04-07T11:15:00+05:30,21985.8,22009.4,21949.3,22009.1,0
2738,2025-04-07T11:30:00+05:30,22006.85,22069.5,21987.05,22002.05,0
2739,2025-04-07T11:45:00+05:30,22001.3,22004.85,21948.85,21965.2,0
2740,2025-04-07T12:00:00+05:30,21965.4,21967.7,21886.15,21890.95,0
2741,2025-04-07T12:15:00+05:30,21890.15,21896.95,21839.4,21846.15,0
2742,2025-04-07T12:30:00+05:30,21846.2,21898.9,21796.9,21896.1,0
2743,2025-04-07T12:45:00+05:30,21894.75,21943.25,21859.9,21865.25,0
2744,2025-04-07T13:00:00+05:30,21865.75,21886.85,21841.65,21859.65,0
2745,2025-04-07T13:15:00+05:30,21860.85,21918.85,21814.35,21898.1,0
2746,2025-04-07T13:30:00+05:30,21898.05,21991.2,21885.2,21977.8,0
2747,2025-04-07T13:45:00+05:30,21978.75,22037.8,21965.25,21985.0,0
2748,2025-04-07T14:00:00+05:30,21984.5,22033.3,21964.85,21997.7,0
2749,2025-04-07T14:15:00+05:30,21998.9,22036.55,21973.4,22020.55,0
2750,2025-04-07T14:30:00+05:30,22020.15,22080.85,21996.5,22000.2,0
2751,2025-04-07T14:45:00+05:30,22001.25,22070.95,22001.25,22046.5,0
2752,2025-04-07T15:00:00+05:30,22046.2,22210.85,22040.9,22184.65,0
2753,2025-04-07T15:15:00+05:30,22184.3,22254.0,22134.65,22238.0,0
2754,2025-04-08T09:15:00+05:30,22446.75,22577.55,22446.75,22545.15,0
2755,2025-04-08T09:30:00+05:30,22545.6,22550.0,22454.0,22479.3,0
2756,2025-04-08T09:45:00+05:30,22479.05,22521.4,22393.7,22412.75,0
2757,2025-04-08T10:00:00+05:30,22414.3,22432.4,22378.15,22383.95,0
2758,2025-04-08T10:15:00+05:30,22384.55,22429.35,22369.15,22424.35,0
2759,2025-04-08T10:30:00+05:30,22425.3,22432.6,22275.6,22292.65,0
2760,2025-04-08T10:45:00+05:30,22292.1,22411.75,22270.85,22374.4,0
2761,2025-04-08T11:00:00+05:30,22374.75,22489.95,22374.75,22436.55,0
2762,2025-04-08T11:15:00+05:30,22436.15,22455.2,22323.15,22363.05,0
2763,2025-04-08T11:30:00+05:30,22364.8,22405.05,22319.4,22357.35,0
2764,2025-04-08T11:45:00+05:30,22357.8,22437.3,22353.65,22429.1,0
2765,2025-04-08T12:00:00+05:30,22429.8,22552.3,22418.85,22552.3,0
2766,2025-04-08T12:15:00+05:30,22554.3,22585.05,22506.05,22583.85,0
2767,2025-04-08T12:30:00+05:30,22584.5,22666.2,22563.9,22643.95,0
2768,2025-04-08T12:45:00+05:30,22646.55,22671.3,22618.8,22667.55,0
2769,2025-04-08T13:00:00+05:30,22668.25,22672.4,22609.75,22666.4,0
2770,2025-04-08T13:15:00+05:30,22666.3,22689.35,22624.55,22687.3,0
2771,2025-04-08T13:30:00+05:30,22688.0,22697.2,22528.7,22587.2,0
2772,2025-04-08T13:45:00+05:30,22586.5,22599.25,22461.75,22546.4,0
2773,2025-04-08T14:00:00+05:30,22546.95,22610.95,22512.95,22598.4,0
2774,2025-04-08T14:15:00+05:30,22602.15,22664.9,22600.7,22654.05,0
2775,2025-04-08T14:30:00+05:30,22654.45,22657.35,22554.7,22569.15,0
2776,2025-04-08T14:45:00+05:30,22568.4,22602.75,22530.8,22577.8,0
2777,2025-04-08T15:00:00+05:30,22577.9,22578.55,22517.15,22528.4,0
2778,2025-04-08T15:15:00+05:30,22528.3,22555.75,22517.95,22547.2,0
2779,2025-04-09T09:15:00+05:30,22460.3,22461.2,22357.0,22385.1,0
2780,2025-04-09T09:30:00+05:30,22382.9,22467.85,22362.1,22467.85,0
2781,2025-04-09T09:45:00+05:30,22468.3,22468.7,22381.75,22387.85,0
2782,2025-04-09T10:00:00+05:30,22387.15,22455.45,22356.6,22371.2,0
2783,2025-04-09T10:15:00+05:30,22370.25,22424.9,22366.2,22398.2,0
2784,2025-04-09T10:30:00+05:30,22398.45,22403.1,22368.75,22386.6,0
2785,2025-04-09T10:45:00+05:30,22386.55,22410.2,22383.5,22393.55,0
2786,2025-04-09T11:00:00+05:30,22393.95,22394.6,22353.25,22374.55,0
2787,2025-04-09T11:15:00+05:30,22374.3,22410.35,22368.7,22408.4,0
2788,2025-04-09T11:30:00+05:30,22409.45,22435.45,22406.4,22433.0,0
2789,2025-04-09T11:45:00+05:30,22435.35,22435.35,22411.75,22414.85,0
2790,2025-04-09T12:00:00+05:30,22415.15,22432.15,22405.6,22432.15,0
2791,2025-04-09T12:15:00+05:30,22431.55,22434.05,22419.4,22421.0,0
2792,2025-04-09T12:30:00+05:30,22421.35,22448.8,22415.15,22435.2,0
2793,2025-04-09T12:45:00+05:30,22435.9,22442.55,22416.25,22425.3,0
2794,2025-04-09T13:00:00+05:30,22425.65,22436.55,22409.7,22432.1,0
2795,2025-04-09T13:15:00+05:30,22431.8,22432.9,22409.75,22417.1,0
2796,2025-04-09T13:30:00+05:30,22419.95,22425.45,22396.85,22402.7,0
2797,2025-04-09T13:45:00+05:30,22401.95,22413.25,22396.55,22398.65,0
2798,2025-04-09T14:00:00+05:30,22398.85,22407.45,22396.35,22402.25,0
2799,2025-04-09T14:15:00+05:30,22402.4,22409.15,22399.65,22403.25,0
2800,2025-04-09T14:30:00+05:30,22403.85,22406.65,22398.75,22403.7,0
2801,2025-04-09T14:45:00+05:30,22404.95,22407.5,22396.35,22399.05,0
2802,2025-04-09T15:00:00+05:30,22399.4,22405.55,22387.35,22402.7,0
2803,2025-04-09T15:15:00+05:30,22402.9,22424.75,22393.45,22420.4,0
2804,2025-04-11T09:15:00+05:30,22695.4,22821.1,22695.4,22762.15,0
2805,2025-04-11T09:30:00+05:30,22762.45,22859.35,22761.8,22849.0,0
2806,2025-04-11T09:45:00+05:30,22849.45,22874.45,22819.95,22827.6,0
2807,2025-04-11T10:00:00+05:30,22827.2,22859.7,22807.8,22832.7,0
2808,2025-04-11T10:15:00+05:30,22833.2,22843.3,22785.8,22799.85,0
2809,2025-04-11T10:30:00+05:30,22799.55,22836.2,22736.05,22784.35,0
2810,2025-04-11T10:45:00+05:30,22784.5,22810.35,22760.75,22806.35,0
2811,2025-04-11T11:00:00+05:30,22806.65,22845.45,22805.7,22834.7,0
2812,2025-04-11T11:15:00+05:30,22834.2,22859.85,22820.3,22857.1,0
2813,2025-04-11T11:30:00+05:30,22857.25,22896.1,22856.75,22874.9,0
2814,2025-04-11T11:45:00+05:30,22874.85,22889.0,22860.25,22875.3,0
2815,2025-04-11T12:00:00+05:30,22875.4,22909.45,22868.0,22907.85,0
2816,2025-04-11T12:15:00+05:30,22908.35,22923.9,22889.55,22906.05,0
2817,2025-04-11T12:30:00+05:30,22906.2,22906.55,22872.75,22893.25,0
2818,2025-04-11T12:45:00+05:30,22893.7,22906.95,22885.4,22886.45,0
2819,2025-04-11T13:00:00+05:30,22887.45,22916.1,22886.4,22904.5,0
2820,2025-04-11T13:15:00+05:30,22905.4,22908.45,22872.25,22874.2,0
2821,2025-04-11T13:30:00+05:30,22874.6,22879.55,22846.1,22875.1,0
2822,2025-04-11T13:45:00+05:30,22875.9,22875.9,22824.3,22834.75,0
2823,2025-04-11T14:00:00+05:30,22835.25,22835.25,22770.4,22785.55,0
2824,2025-04-11T14:15:00+05:30,22786.15,22797.1,22762.0,22769.8,0
2825,2025-04-11T14:30:00+05:30,22771.25,22805.8,22770.85,22804.75,0
2826,2025-04-11T14:45:00+05:30,22806.2,22834.75,22804.15,22827.0,0
2827,2025-04-11T15:00:00+05:30,22826.65,22840.15,22821.85,22830.35,0
2828,2025-04-11T15:15:00+05:30,22831.05,22855.55,22810.95,22844.5,0
2829,2025-04-15T09:15:00+05:30,23368.35,23368.35,23207.0,23297.65,0
2830,2025-04-15T09:30:00+05:30,23297.9,23318.55,23264.65,23310.95,0
2831,2025-04-15T09:45:00+05:30,23311.05,23330.65,23298.15,23306.1,0
2832,2025-04-15T10:00:00+05:30,23306.55,23322.95,23301.3,23312.1,0
2833,2025-04-15T10:15:00+05:30,23311.95,23319.05,23298.2,23314.9,0
2834,2025-04-15T10:30:00+05:30,23314.05,23315.95,23300.95,23309.6,0
2835,2025-04-15T10:45:00+05:30,23308.9,23315.1,23300.45,23309.55,0
2836,2025-04-15T11:00:00+05:30,23309.45,23316.0,23292.8,23295.15,0
2837,2025-04-15T11:15:00+05:30,23295.65,23316.35,23292.2,23311.0,0
2838,2025-04-15T11:30:00+05:30,23310.7,23312.6,23302.2,23304.9,0
2839,2025-04-15T11:45:00+05:30,23304.75,23316.15,23291.65,23312.8,0
2840,2025-04-15T12:00:00+05:30,23312.6,23334.5,23311.25,23332.55,0
2841,2025-04-15T12:15:00+05:30,23333.35,23341.5,23328.25,23337.35,0
2842,2025-04-15T12:30:00+05:30,23337.65,23350.35,23337.4,23340.35,0
2843,2025-04-15T12:45:00+05:30,23340.05,23346.2,23334.2,23337.8,0
2844,2025-04-15T13:00:00+05:30,23338.35,23350.65,23335.45,23337.7,0
2845,2025-04-15T13:15:00+05:30,23337.4,23340.9,23325.85,23334.2,0
2846,2025-04-15T13:30:00+05:30,23334.8,23337.9,23324.95,23328.55,0
2847,2025-04-15T13:45:00+05:30,23328.65,23335.5,23322.15,23325.75,0
2848,2025-04-15T14:00:00+05:30,23325.45,23332.95,23315.2,23326.05,0
2849,2025-04-15T14:15:00+05:30,23326.0,23334.9,23322.4,23323.2,0
2850,2025-04-15T14:30:00+05:30,23323.1,23323.6,23308.35,23309.6,0
2851,2025-04-15T14:45:00+05:30,23309.15,23328.05,23309.15,23312.0,0
2852,2025-04-15T15:00:00+05:30,23312.2,23325.95,23308.35,23321.2,0
2853,2025-04-15T15:15:00+05:30,23320.95,23357.1,23319.75,23344.1,0
2854,2025-04-16T09:15:00+05:30,23344.1,23353.65,23277.0,23334.2,0
2855,2025-04-16T09:30:00+05:30,23333.5,23360.45,23326.65,23357.7,0
2856,2025-04-16T09:45:00+05:30,23357.2,23372.75,23343.3,23357.9,0
2857,2025-04-16T10:00:00+05:30,23357.5,23370.35,23349.65,23355.8,0
2858,2025-04-16T10:15:00+05:30,23354.7,23358.95,23289.05,23302.8,0
2859,2025-04-16T10:30:00+05:30,23303.05,23313.75,23280.75,23300.2,0
2860,2025-04-16T10:45:00+05:30,23300.25,23314.6,23280.95,23287.65,0
2861,2025-04-16T11:00:00+05:30,23286.2,23319.3,23273.05,23318.85,0
2862,2025-04-16T11:15:00+05:30,23319.4,23336.35,23316.15,23323.55,0
2863,2025-04-16T11:30:00+05:30,23322.7,23335.75,23316.0,23333.95,0
2864,2025-04-16T11:45:00+05:30,23333.3,23341.35,23325.4,23327.7,0
2865,2025-04-16T12:00:00+05:30,23326.95,23349.6,23325.0,23341.2,0
2866,2025-04-16T12:15:00+05:30,23341.1,23356.0,23335.9,23348.6,0
2867,2025-04-16T12:30:00+05:30,23348.4,23362.05,23341.95,23357.3,0
2868,2025-04-16T12:45:00+05:30,23357.15,23357.8,23340.7,23343.45,0
2869,2025-04-16T13:00:00+05:30,23342.95,23357.5,23332.75,23357.3,0
2870,2025-04-16T13:15:00+05:30,23356.95,23358.45,23291.55,23297.3,0
2871,2025-04-16T13:30:00+05:30,23298.25,23308.15,23286.0,23306.65,0
2872,2025-04-16T13:45:00+05:30,23305.65,23394.55,23293.9,23380.7,0
2873,2025-04-16T14:00:00+05:30,23379.85,23430.95,23379.85,23430.5,0
2874,2025-04-16T14:15:00+05:30,23429.95,23430.45,23405.1,23411.7,0
2875,2025-04-16T14:30:00+05:30,23411.2,23419.2,23395.7,23414.65,0
2876,2025-04-16T14:45:00+05:30,23414.4,23434.65,23408.7,23431.6,0
2877,2025-04-16T15:00:00+05:30,23429.6,23439.2,23422.85,23424.55,0
2878,2025-04-16T15:15:00+05:30,23424.3,23452.2,23420.85,23433.3,0
2879,2025-04-17T09:15:00+05:30,23401.85,23406.6,23298.55,23309.25,0
2880,2025-04-17T09:30:00+05:30,23309.8,23403.25,23302.25,23397.65,0
2881,2025-04-17T09:45:00+05:30,23397.1,23434.6,23394.6,23413.1,0
2882,2025-04-17T10:00:00+05:30,23413.05,23417.35,23341.05,23353.4,0
2883,2025-04-17T10:15:00+05:30,23352.75,23406.05,23342.3,23391.7,0
2884,2025-04-17T10:30:00+05:30,23392.0,23426.95,23392.0,23421.95,0
2885,2025-04-17T10:45:00+05:30,23421.8,23444.95,23402.85,23406.65,0
2886,2025-04-17T11:00:00+05:30,23406.55,23441.6,23369.15,23440.1,0
2887,2025-04-17T11:15:00+05:30,23440.95,23517.35,23439.35,23512.1,0
2888,2025-04-17T11:30:00+05:30,23512.05,23615.45,23510.3,23596.5,0
2889,2025-04-17T11:45:00+05:30,23598.85,23634.65,23567.4,23601.05,0
2890,2025-04-17T12:00:00+05:30,23601.2,23648.05,23576.3,23634.45,0
2891,2025-04-17T12:15:00+05:30,23634.25,23682.85,23623.0,23679.25,0
2892,2025-04-17T12:30:00+05:30,23677.9,23717.05,23672.35,23712.35,0
2893,2025-04-17T12:45:00+05:30,23712.05,23747.6,23703.3,23738.35,0
2894,2025-04-17T13:00:00+05:30,23738.5,23789.25,23723.95,23788.65,0
2895,2025-04-17T13:15:00+05:30,23787.85,23798.75,23761.7,23775.3,0
2896,2025-04-17T13:30:00+05:30,23774.35,23819.15,23770.0,23816.45,0
2897,2025-04-17T13:45:00+05:30,23814.6,23850.1,23812.95,23845.05,0
2898,2025-04-17T14:00:00+05:30,23842.4,23871.6,23827.55,23831.15,0
2899,2025-04-17T14:15:00+05:30,23828.7,23845.8,23783.8,23834.05,0
2900,2025-04-17T14:30:00+05:30,23833.35,23867.2,23832.6,23859.7,0
2901,2025-04-17T14:45:00+05:30,23858.95,23868.9,23835.8,23858.6,0
2902,2025-04-17T15:00:00+05:30,23857.15,23872.35,23843.85,23847.0,0
2903,2025-04-17T15:15:00+05:30,23847.2,23862.2,23831.35,23837.75,0
2904,2025-04-21T09:15:00+05:30,23949.15,24004.2,23903.65,23959.3,0
2905,2025-04-21T09:30:00+05:30,23958.7,24036.0,23931.25,24030.0,0
2906,2025-04-21T09:45:00+05:30,24027.75,24037.85,23982.2,24031.55,0
2907,2025-04-21T10:00:00+05:30,24031.35,24061.45,24015.1,24033.45,0
2908,2025-04-21T10:15:00+05:30,24032.0,24048.0,24009.3,24045.65,0
2909,2025-04-21T10:30:00+05:30,24045.5,24069.5,24040.75,24067.65,0
2910,2025-04-21T10:45:00+05:30,24067.45,24101.9,24062.55,24099.9,0
2911,2025-04-21T11:00:00+05:30,24101.8,24111.1,24086.55,24110.0,0
2912,2025-04-21T11:15:00+05:30,24110.9,24132.75,24106.05,24125.1,0
2913,2025-04-21T11:30:00+05:30,24124.2,24125.85,24099.05,24108.0,0
2914,2025-04-21T11:45:00+05:30,24110.9,24144.35,24106.25,24135.2,0
2915,2025-04-21T12:00:00+05:30,24136.45,24150.15,24125.65,24148.35,0
2916,2025-04-21T12:15:00+05:30,24149.1,24182.45,24141.3,24166.7,0
2917,2025-04-21T12:30:00+05:30,24167.45,24185.55,24163.45,24172.6,0
2918,2025-04-21T12:45:00+05:30,24172.75,24188.85,24169.75,24177.6,0
2919,2025-04-21T13:00:00+05:30,24178.1,24189.55,24169.35,24173.75,0
2920,2025-04-21T13:15:00+05:30,24172.15,24175.55,24146.5,24154.7,0
2921,2025-04-21T13:30:00+05:30,24155.55,24160.9,24109.5,24113.2,0
2922,2025-04-21T13:45:00+05:30,24113.05,24171.6,24106.5,24150.05,0
2923,2025-04-21T14:00:00+05:30,24148.9,24157.35,24134.2,24143.45,0
2924,2025-04-21T14:15:00+05:30,24143.35,24156.95,24133.3,24138.25,0
2925,2025-04-21T14:30:00+05:30,24138.0,24146.05,24120.0,24143.0,0
2926,2025-04-21T14:45:00+05:30,24140.65,24156.0,24133.7,24145.25,0
2927,2025-04-21T15:00:00+05:30,24146.75,24148.2,24109.95,24114.4,0
2928,2025-04-21T15:15:00+05:30,24114.55,24135.65,24112.25,24121.2,0
2929,2025-04-22T09:15:00+05:30,24185.4,24201.65,24072.0,24133.55,0
2930,2025-04-22T09:30:00+05:30,24132.6,24190.3,24130.05,24180.9,0
2931,2025-04-22T09:45:00+05:30,24181.5,24188.4,24139.2,24166.2,0
2932,2025-04-22T10:00:00+05:30,24166.8,24202.6,24161.9,24195.7,0
2933,2025-04-22T10:15:00+05:30,24195.5,24215.3,24187.35,24195.35,0
2934,2025-04-22T10:30:00+05:30,24194.25,24225.6,24193.9,24223.85,0
2935,2025-04-22T10:45:00+05:30,24223.9,24230.8,24212.35,24228.1,0
2936,2025-04-22T11:00:00+05:30,24228.15,24242.6,24214.0,24230.0,0
2937,2025-04-22T11:15:00+05:30,24230.3,24233.5,24190.15,24190.15,0
2938,2025-04-22T11:30:00+05:30,24189.55,24214.95,24166.15,24209.7,0
2939,2025-04-22T11:45:00+05:30,24209.45,24221.4,24203.65,24217.9,0
2940,2025-04-22T12:00:00+05:30,24217.25,24219.7,24187.7,24202.85,0
2941,2025-04-22T12:15:00+05:30,24201.85,24203.3,24182.1,24192.65,0
2942,2025-04-22T12:30:00+05:30,24193.25,24194.95,24175.5,24189.3,0
2943,2025-04-22T12:45:00+05:30,24188.85,24191.15,24176.0,24180.3,0
2944,2025-04-22T13:00:00+05:30,24180.55,24186.0,24168.25,24182.1,0
2945,2025-04-22T13:15:00+05:30,24183.8,24197.55,24177.8,24188.65,0
2946,2025-04-22T13:30:00+05:30,24188.85,24192.6,24177.35,24182.65,0
2947,2025-04-22T13:45:00+05:30,24182.35,24184.85,24173.6,24180.0,0
2948,2025-04-22T14:00:00+05:30,24179.6,24189.4,24174.8,24178.8,0
2949,2025-04-22T14:15:00+05:30,24179.35,24184.6,24173.15,24184.15,0
2950,2025-04-22T14:30:00+05:30,24183.65,24184.7,24171.7,24175.9,0
2951,2025-04-22T14:45:00+05:30,24176.0,24178.6,24144.05,24171.55,0
2952,2025-04-22T15:00:00+05:30,24172.9,24181.0,24161.15,24161.15,0
2953,2025-04-22T15:15:00+05:30,24162.3,24173.95,24126.95,24134.05,0
2954,2025-04-23T09:15:00+05:30,24357.6,24359.3,24282.05,24319.1,0
2955,2025-04-23T09:30:00+05:30,24317.6,24329.6,24264.55,24320.65,0
2956,2025-04-23T09:45:00+05:30,24321.05,24345.7,24302.2,24305.9,0
2957,2025-04-23T10:00:00+05:30,24306.65,24318.25,24189.55,24190.65,0
2958,2025-04-23T10:15:00+05:30,24191.55,24232.4,24189.95,24230.55,0
2959,2025-04-23T10:30:00+05:30,24231.3,24242.1,24169.5,24169.5,0
2960,2025-04-23T10:45:00+05:30,24170.15,24182.55,24119.95,24152.45,0
2961,2025-04-23T11:00:00+05:30,24152.7,24197.05,24152.7,24191.7,0
2962,2025-04-23T11:15:00+05:30,24192.3,24219.2,24180.0,24195.95,0
2963,2025-04-23T11:30:00+05:30,24195.65,24242.15,24188.6,24239.2,0
2964,2025-04-23T11:45:00+05:30,24239.0,24251.8,24203.75,24205.1,0
2965,2025-04-23T12:00:00+05:30,24205.4,24226.3,24197.9,24222.65,0
2966,2025-04-23T12:15:00+05:30,24222.5,24226.65,24201.9,24209.05,0
2967,2025-04-23T12:30:00+05:30,24208.9,24229.5,24207.85,24229.35,0
2968,2025-04-23T12:45:00+05:30,24228.8,24250.45,24226.3,24248.55,0
2969,2025-04-23T13:00:00+05:30,24247.9,24266.75,24229.45,24243.3,0
2970,2025-04-23T13:15:00+05:30,24243.5,24261.65,24230.55,24259.4,0
2971,2025-04-23T13:30:00+05:30,24259.0,24276.8,24251.0,24274.65,0
2972,2025-04-23T13:45:00+05:30,24274.55,24300.35,24266.65,24298.5,0
2973,2025-04-23T14:00:00+05:30,24297.45,24306.6,24289.45,24303.45,0
2974,2025-04-23T14:15:00+05:30,24303.8,24314.8,24292.05,24309.35,0
2975,2025-04-23T14:30:00+05:30,24309.55,24315.1,24278.8,24290.3,0
2976,2025-04-23T14:45:00+05:30,24290.7,24319.1,24290.1,24317.9,0
2977,2025-04-23T15:00:00+05:30,24318.5,24340.25,24317.6,24334.8,0
2978,2025-04-23T15:15:00+05:30,24334.75,24336.9,24287.9,24300.85,0
2979,2025-04-24T09:15:00+05:30,24277.9,24295.15,24251.55,24253.1,0
2980,2025-04-24T09:30:00+05:30,24253.55,24347.85,24245.25,24263.95,0
2981,2025-04-24T09:45:00+05:30,24263.0,24291.05,24239.45,24270.75,0
2982,2025-04-24T10:00:00+05:30,24270.7,24297.9,24262.2,24297.35,0
2983,2025-04-24T10:15:00+05:30,24297.85,24313.1,24285.0,24302.2,0
2984,2025-04-24T10:30:00+05:30,24300.2,24302.2,24272.9,24276.85,0
2985,2025-04-24T10:45:00+05:30,24277.1,24285.0,24268.8,24276.2,0
2986,2025-04-24T11:00:00+05:30,24275.85,24287.75,24270.05,24279.05,0
2987,2025-04-24T11:15:00+05:30,24279.15,24283.75,24252.9,24257.5,0
2988,2025-04-24T11:30:00+05:30,24256.35,24269.25,24254.65,24264.5,0
2989,2025-04-24T11:45:00+05:30,24263.75,24271.25,24257.75,24259.55,0
2990,2025-04-24T12:00:00+05:30,24258.9,24270.65,24255.5,24260.3,0
2991,2025-04-24T12:15:00+05:30,24260.7,24273.1,24256.4,24257.25,0
2992,2025-04-24T12:30:00+05:30,24256.5,24268.3,24248.4,24263.7,0
2993,2025-04-24T12:45:00+05:30,24264.05,24273.4,24261.6,24265.5,0
2994,2025-04-24T13:00:00+05:30,24266.1,24271.9,24257.5,24257.5,0
2995,2025-04-24T13:15:00+05:30,24258.75,24265.2,24253.5,24255.85,0
2996,2025-04-24T13:30:00+05:30,24257.0,24263.45,24242.05,24250.65,0
2997,2025-04-24T13:45:00+05:30,24250.7,24254.15,24243.45,24249.2,0
2998,2025-04-24T14:00:00+05:30,24249.1,24258.9,24245.05,24247.1,0
2999,2025-04-24T14:15:00+05:30,24247.4,24263.15,24243.75,24248.8,0
3000,2025-04-24T14:30:00+05:30,24249.25,24253.95,24232.3,24243.15,0
3001,2025-04-24T14:45:00+05:30,24243.3,24246.4,24216.15,24221.25,0
3002,2025-04-24T15:00:00+05:30,24222.75,24259.7,24222.75,24250.15,0
3003,2025-04-24T15:15:00+05:30,24250.95,24257.2,24240.75,24245.05,0
3004,2025-04-25T09:15:00+05:30,24289.0,24365.45,24264.8,24319.35,0
3005,2025-04-25T09:30:00+05:30,24319.0,24327.85,24188.6,24208.15,0
3006,2025-04-25T09:45:00+05:30,24208.75,24215.85,24067.0,24080.3,0
3007,2025-04-25T10:00:00+05:30,24080.65,24080.65,23950.15,24033.65,0
3008,2025-04-25T10:15:00+05:30,24032.6,24043.65,23923.45,23927.5,0
3009,2025-04-25T10:30:00+05:30,23928.95,23997.65,23908.6,23965.5,0
3010,2025-04-25T10:45:00+05:30,23963.7,23987.8,23923.55,23939.1,0
3011,2025-04-25T11:00:00+05:30,23939.65,23950.1,23900.5,23940.35,0
3012,2025-04-25T11:15:00+05:30,23941.3,23945.9,23879.2,23912.05,0
3013,2025-04-25T11:30:00+05:30,23911.95,23927.25,23886.1,23903.4,0
3014,2025-04-25T11:45:00+05:30,23904.75,23904.85,23847.85,23872.5,0
3015,2025-04-25T12:00:00+05:30,23871.55,23946.65,23859.25,23938.15,0
3016,2025-04-25T12:15:00+05:30,23939.25,23962.65,23922.0,23943.55,0
3017,2025-04-25T12:30:00+05:30,23942.6,23984.8,23935.85,23951.05,0
3018,2025-04-25T12:45:00+05:30,23950.9,24033.0,23950.4,24026.45,0
3019,2025-04-25T13:00:00+05:30,24024.65,24060.8,24013.05,24047.15,0
3020,2025-04-25T13:15:00+05:30,24045.75,24071.15,24029.5,24036.75,0
3021,2025-04-25T13:30:00+05:30,24035.65,24098.25,24034.6,24084.6,0
3022,2025-04-25T13:45:00+05:30,24083.95,24149.6,24078.55,24147.75,0
3023,2025-04-25T14:00:00+05:30,24146.55,24150.65,24046.0,24077.1,0
3024,2025-04-25T14:15:00+05:30,24076.55,24130.25,24076.45,24104.0,0
3025,2025-04-25T14:30:00+05:30,24102.55,24106.9,24042.75,24064.3,0
3026,2025-04-25T14:45:00+05:30,24063.2,24100.3,24038.15,24076.95,0
3027,2025-04-25T15:00:00+05:30,24073.8,24085.35,24045.95,24052.95,0
3028,2025-04-25T15:15:00+05:30,24051.45,24054.65,23986.1,23991.65,0
3029,2025-04-28T09:15:00+05:30,24070.25,24152.2,24054.05,24117.95,0
3030,2025-04-28T09:30:00+05:30,24117.05,24227.8,24108.65,24176.6,0
3031,2025-04-28T09:45:00+05:30,24175.75,24231.95,24174.3,24229.3,0
3032,2025-04-28T10:00:00+05:30,24228.6,24279.3,24217.8,24275.85,0
3033,2025-04-28T10:15:00+05:30,24276.0,24283.0,24229.35,24236.85,0
3034,2025-04-28T10:30:00+05:30,24238.05,24263.15,24237.7,24245.35,0
3035,2025-04-28T10:45:00+05:30,24245.45,24282.9,24242.8,24276.9,0
3036,2025-04-28T11:00:00+05:30,24276.75,24282.2,24227.75,24235.0,0
3037,2025-04-28T11:15:00+05:30,24236.2,24253.7,24210.75,24252.9,0
3038,2025-04-28T11:30:00+05:30,24253.95,24280.45,24248.65,24276.55,0
3039,2025-04-28T11:45:00+05:30,24277.45,24288.8,24261.3,24271.5,0
3040,2025-04-28T12:00:00+05:30,24271.6,24297.9,24271.6,24289.65,0
3041,2025-04-28T12:15:00+05:30,24292.3,24346.55,24286.95,24344.85,0
3042,2025-04-28T12:30:00+05:30,24347.45,24352.1,24326.6,24336.45,0
3043,2025-04-28T12:45:00+05:30,24339.5,24355.1,24332.15,24348.75,0
3044,2025-04-28T13:00:00+05:30,24350.7,24352.5,24313.5,24339.0,0
3045,2025-04-28T13:15:00+05:30,24341.85,24351.55,24319.9,24331.9,0
3046,2025-04-28T13:30:00+05:30,24335.1,24347.1,24323.2,24341.95,0
3047,2025-04-28T13:45:00+05:30,24344.6,24351.6,24325.9,24332.0,0
3048,2025-04-28T14:00:00+05:30,24335.85,24352.3,24328.3,24350.6,0
3049,2025-04-28T14:15:00+05:30,24352.6,24353.7,24293.55,24305.05,0
3050,2025-04-28T14:30:00+05:30,24308.0,24321.65,24265.45,24273.65,0
3051,2025-04-28T14:45:00+05:30,24276.45,24325.6,24260.9,24318.45,0
3052,2025-04-28T15:00:00+05:30,24322.2,24341.3,24311.85,24324.1,0
3053,2025-04-28T15:15:00+05:30,24325.6,24337.75,24309.55,24312.9,0
3054,2025-04-29T09:15:00+05:30,24370.7,24457.65,24364.35,24417.1,0
3055,2025-04-29T09:30:00+05:30,24418.25,24452.9,24303.9,24316.6,0
3056,2025-04-29T09:45:00+05:30,24317.85,24395.0,24290.75,24390.25,0
3057,2025-04-29T10:00:00+05:30,24390.0,24396.15,24333.8,24351.55,0
3058,2025-04-29T10:15:00+05:30,24351.3,24354.1,24311.3,24317.8,0
3059,2025-04-29T10:30:00+05:30,24318.85,24335.25,24305.5,24321.5,0
3060,2025-04-29T10:45:00+05:30,24321.85,24353.7,24317.95,24333.8,0
3061,2025-04-29T11:00:00+05:30,24334.7,24369.85,24332.8,24356.05,0
3062,2025-04-29T11:15:00+05:30,24356.55,24360.35,24338.95,24349.25,0
3063,2025-04-29T11:30:00+05:30,24348.65,24356.8,24334.95,24354.4,0
3064,2025-04-29T11:45:00+05:30,24354.65,24355.8,24311.95,24313.25,0
3065,2025-04-29T12:00:00+05:30,24313.4,24323.75,24302.45,24316.6,0
3066,2025-04-29T12:15:00+05:30,24316.4,24321.6,24304.1,24309.75,0
3067,2025-04-29T12:30:00+05:30,24309.25,24347.95,24309.15,24341.85,0
3068,2025-04-29T12:45:00+05:30,24338.8,24363.55,24330.6,24358.95,0
3069,2025-04-29T13:00:00+05:30,24358.25,24369.5,24350.6,24356.85,0
3070,2025-04-29T13:15:00+05:30,24355.45,24376.05,24341.35,24366.05,0
3071,2025-04-29T13:30:00+05:30,24366.65,24372.7,24351.0,24353.9,0
3072,2025-04-29T13:45:00+05:30,24352.7,24368.75,24347.65,24358.25,0
3073,2025-04-29T14:00:00+05:30,24360.15,24375.5,24356.85,24365.95,0
3074,2025-04-29T14:15:00+05:30,24366.9,24368.3,24342.4,24346.0,0
3075,2025-04-29T14:30:00+05:30,24346.45,24361.95,24339.0,24356.45,0
3076,2025-04-29T14:45:00+05:30,24356.2,24358.0,24339.45,24340.2,0
3077,2025-04-29T15:00:00+05:30,24340.55,24347.8,24324.45,24326.45,0
3078,2025-04-29T15:15:00+05:30,24326.2,24348.5,24310.6,24325.45,0
3079,2025-04-30T09:15:00+05:30,24342.05,24342.05,24268.8,24324.05,0
3080,2025-04-30T09:30:00+05:30,24322.25,24365.7,24314.85,24348.5,0
3081,2025-04-30T09:45:00+05:30,24346.3,24395.2,24346.3,24366.1,0
3082,2025-04-30T10:00:00+05:30,24365.65,24371.95,24348.25,24353.75,0
3083,2025-04-30T10:15:00+05:30,24353.8,24362.95,24330.55,24330.85,0
3084,2025-04-30T10:30:00+05:30,24331.15,24334.1,24290.4,24321.2,0
3085,2025-04-30T10:45:00+05:30,24321.5,24344.8,24317.9,24341.25,0
3086,2025-04-30T11:00:00+05:30,24342.3,24354.45,24326.15,24329.95,0
3087,2025-04-30T11:15:00+05:30,24330.5,24371.6,24329.05,24330.85,0
3088,2025-04-30T11:30:00+05:30,24330.65,24337.85,24326.45,24332.3,0
3089,2025-04-30T11:45:00+05:30,24331.9,24345.85,24313.55,24341.4,0
3090,2025-04-30T12:00:00+05:30,24341.45,24353.7,24336.8,24344.95,0
3091,2025-04-30T12:15:00+05:30,24344.3,24365.0,24339.45,24349.7,0
3092,2025-04-30T12:30:00+05:30,24349.55,24363.75,24342.4,24356.5,0
3093,2025-04-30T12:45:00+05:30,24357.1,24360.1,24339.7,24340.2,0
3094,2025-04-30T13:00:00+05:30,24339.85,24342.4,24326.7,24333.8,0
3095,2025-04-30T13:15:00+05:30,24333.75,24343.1,24327.45,24332.7,0
3096,2025-04-30T13:30:00+05:30,24333.25,24350.8,24332.5,24349.5,0
3097,2025-04-30T13:45:00+05:30,24348.8,24353.25,24334.55,24347.1,0
3098,2025-04-30T14:00:00+05:30,24347.75,24351.55,24335.55,24340.65,0
3099,2025-04-30T14:15:00+05:30,24340.0,24343.1,24331.4,24336.8,0
3100,2025-04-30T14:30:00+05:30,24336.05,24344.25,24324.15,24339.5,0
3101,2025-04-30T14:45:00+05:30,24338.85,24388.8,24338.3,24367.3,0
3102,2025-04-30T15:00:00+05:30,24368.6,24396.15,24348.45,24348.85,0
3103,2025-04-30T15:15:00+05:30,24349.8,24353.15,24198.75,24246.25,0
3104,2025-05-02T09:15:00+05:30,24311.9,24488.5,24305.85,24487.6,0
3105,2025-05-02T09:30:00+05:30,24487.1,24551.25,24485.35,24529.85,0
3106,2025-05-02T09:45:00+05:30,24530.6,24576.15,24516.7,24572.0,0
3107,2025-05-02T10:00:00+05:30,24571.2,24589.15,24558.35,24581.95,0
3108,2025-05-02T10:15:00+05:30,24581.85,24587.25,24520.7,24520.7,0
3109,2025-05-02T10:30:00+05:30,24521.35,24531.15,24468.6,24502.05,0
3110,2025-05-02T10:45:00+05:30,24502.5,24507.2,24410.45,24432.0,0
3111,2025-05-02T11:00:00+05:30,24431.7,24445.3,24404.7,24422.9,0
3112,2025-05-02T11:15:00+05:30,24424.65,24443.05,24371.2,24387.3,0
3113,2025-05-02T11:30:00+05:30,24387.25,24387.95,24319.75,24336.1,0
3114,2025-05-02T11:45:00+05:30,24336.05,24365.0,24326.35,24354.7,0
3115,2025-05-02T12:00:00+05:30,24354.6,24355.8,24299.8,24315.0,0
3116,2025-05-02T12:15:00+05:30,24314.05,24314.15,24238.5,24242.75,0
3117,2025-05-02T12:30:00+05:30,24241.85,24283.65,24241.0,24283.3,0
3118,2025-05-02T12:45:00+05:30,24282.8,24310.85,24280.65,24282.95,0
3119,2025-05-02T13:00:00+05:30,24282.85,24310.1,24266.2,24297.0,0
3120,2025-05-02T13:15:00+05:30,24297.05,24368.85,24296.25,24364.8,0
3121,2025-05-02T13:30:00+05:30,24364.75,24412.2,24363.1,24392.35,0
3122,2025-05-02T13:45:00+05:30,24391.95,24405.8,24374.55,24378.8,0
3123,2025-05-02T14:00:00+05:30,24378.5,24400.65,24359.0,24373.55,0
3124,2025-05-02T14:15:00+05:30,24372.45,24389.2,24304.6,24306.25,0
3125,2025-05-02T14:30:00+05:30,24306.75,24332.25,24286.9,24326.65,0
3126,2025-05-02T14:45:00+05:30,24325.35,24381.8,24319.1,24373.95,0
3127,2025-05-02T15:00:00+05:30,24373.4,24397.75,24338.15,24367.15,0
3128,2025-05-02T15:15:00+05:30,24365.45,24368.15,24309.85,24313.65,0
3129,2025-05-05T09:15:00+05:30,24419.5,24477.9,24400.65,24443.15,0
3130,2025-05-05T09:30:00+05:30,24442.25,24452.45,24403.1,24449.15,0
3131,2025-05-05T09:45:00+05:30,24449.8,24505.6,24439.4,24503.65,0
3132,2025-05-05T10:00:00+05:30,24504.2,24511.3,24464.0,24479.1,0
3133,2025-05-05T10:15:00+05:30,24479.8,24500.25,24468.3,24479.55,0
3134,2025-05-05T10:30:00+05:30,24480.2,24526.4,24480.2,24522.65,0
3135,2025-05-05T10:45:00+05:30,24521.6,24523.55,24460.45,24471.1,0
3136,2025-05-05T11:00:00+05:30,24472.0,24488.8,24459.65,24486.2,0
3137,2025-05-05T11:15:00+05:30,24487.2,24495.9,24464.3,24465.35,0
3138,2025-05-05T11:30:00+05:30,24465.5,24481.6,24436.15,24447.05,0
3139,2025-05-05T11:45:00+05:30,24447.25,24449.5,24414.45,24445.4,0
3140,2025-05-05T12:00:00+05:30,24444.9,24459.75,24437.65,24448.7,0
3141,2025-05-05T12:15:00+05:30,24448.45,24457.5,24430.0,24457.35,0
3142,2025-05-05T12:30:00+05:30,24457.4,24460.6,24442.9,24456.1,0
3143,2025-05-05T12:45:00+05:30,24455.65,24475.95,24441.7,24474.3,0
3144,2025-05-05T13:00:00+05:30,24475.15,24477.0,24443.35,24451.05,0
3145,2025-05-05T13:15:00+05:30,24451.25,24463.6,24434.05,24454.7,0
3146,2025-05-05T13:30:00+05:30,24453.7,24476.05,24450.85,24473.65,0
3147,2025-05-05T13:45:00+05:30,24473.85,24492.9,24469.5,24482.6,0
3148,2025-05-05T14:00:00+05:30,24482.75,24490.35,24472.55,24472.9,0
3149,2025-05-05T14:15:00+05:30,24473.9,24476.0,24455.0,24464.35,0
3150,2025-05-05T14:30:00+05:30,24465.35,24492.15,24464.7,24475.95,0
3151,2025-05-05T14:45:00+05:30,24475.7,24487.0,24467.9,24471.15,0
3152,2025-05-05T15:00:00+05:30,24471.1,24474.0,24442.15,24448.3,0
3153,2025-05-05T15:15:00+05:30,24448.6,24475.2,24447.5,24459.5,0
3154,2025-05-06T09:15:00+05:30,24500.75,24509.65,24421.0,24433.0,0
3155,2025-05-06T09:30:00+05:30,24433.1,24477.05,24424.1,24458.1,0
3156,2025-05-06T09:45:00+05:30,24457.65,24459.5,24388.55,24391.65,0
3157,2025-05-06T10:00:00+05:30,24391.0,24414.35,24379.8,24389.7,0
3158,2025-05-06T10:15:00+05:30,24388.7,24392.1,24369.1,24385.8,0
3159,2025-05-06T10:30:00+05:30,24385.95,24399.2,24375.5,24397.05,0
3160,2025-05-06T10:45:00+05:30,24397.6,24406.15,24384.7,24403.05,0
3161,2025-05-06T11:00:00+05:30,24403.55,24405.25,24386.1,24387.95,0
3162,2025-05-06T11:15:00+05:30,24388.1,24390.35,24366.65,24371.75,0
3163,2025-05-06T11:30:00+05:30,24372.15,24375.45,24356.75,24361.15,0
3164,2025-05-06T11:45:00+05:30,24359.8,24393.3,24357.35,24378.45,0
3165,2025-05-06T12:00:00+05:30,24377.75,24396.85,24372.25,24392.2,0
3166,2025-05-06T12:15:00+05:30,24390.4,24402.05,24384.5,24393.45,0
3167,2025-05-06T12:30:00+05:30,24392.95,24398.55,24378.1,24385.35,0
3168,2025-05-06T12:45:00+05:30,24384.05,24388.75,24372.95,24378.35,0
3169,2025-05-06T13:00:00+05:30,24376.4,24394.2,24367.05,24383.25,0
3170,2025-05-06T13:15:00+05:30,24382.8,24394.35,24376.0,24389.2,0
3171,2025-05-06T13:30:00+05:30,24387.85,24396.05,24384.95,24391.6,0
3172,2025-05-06T13:45:00+05:30,24390.05,24405.5,24386.5,24405.5,0
3173,2025-05-06T14:00:00+05:30,24405.55,24408.4,24379.05,24389.05,0
3174,2025-05-06T14:15:00+05:30,24387.25,24390.65,24361.9,24373.75,0
3175,2025-05-06T14:30:00+05:30,24372.85,24385.55,24370.35,24379.9,0
3176,2025-05-06T14:45:00+05:30,24377.5,24382.8,24355.5,24368.55,0
3177,2025-05-06T15:00:00+05:30,24365.5,24400.65,24365.5,24387.65,0
3178,2025-05-06T15:15:00+05:30,24387.7,24389.25,24331.8,24335.9,0
3179,2025-05-07T09:15:00+05:30,24233.3,24436.6,24220.0,24427.2,0
3180,2025-05-07T09:30:00+05:30,24428.5,24449.6,24391.3,24402.85,0
3181,2025-05-07T09:45:00+05:30,24402.1,24404.55,24320.05,24359.15,0
3182,2025-05-07T10:00:00+05:30,24358.65,24369.15,24290.3,24304.1,0
3183,2025-05-07T10:15:00+05:30,24303.5,24359.65,24285.0,24329.25,0
3184,2025-05-07T10:30:00+05:30,24329.8,24372.85,24329.2,24355.9,0
3185,2025-05-07T10:45:00+05:30,24356.9,24372.0,24324.75,24335.8,0
3186,2025-05-07T11:00:00+05:30,24334.75,24373.75,24334.75,24372.6,0
3187,2025-05-07T11:15:00+05:30,24372.5,24416.2,24372.5,24406.45,0
3188,2025-05-07T11:30:00+05:30,24406.55,24430.4,24402.45,24408.95,0
3189,2025-05-07T11:45:00+05:30,24408.8,24408.8,24349.75,24357.75,0
3190,2025-05-07T12:00:00+05:30,24358.3,24382.55,24352.9,24374.85,0
3191,2025-05-07T12:15:00+05:30,24374.65,24391.4,24365.65,24387.35,0
3192,2025-05-07T12:30:00+05:30,24387.55,24398.25,24380.95,24388.35,0
3193,2025-05-07T12:45:00+05:30,24388.65,24400.4,24380.35,24382.95,0
3194,2025-05-07T13:00:00+05:30,24382.35,24383.35,24354.95,24362.05,0
3195,2025-05-07T13:15:00+05:30,24362.0,24372.65,24356.4,24356.9,0
3196,2025-05-07T13:30:00+05:30,24356.85,24364.0,24345.35,24355.9,0
3197,2025-05-07T13:45:00+05:30,24355.7,24372.95,24346.15,24371.25,0
3198,2025-05-07T14:00:00+05:30,24372.9,24422.95,24368.3,24406.9,0
3199,2025-05-07T14:15:00+05:30,24410.95,24416.85,24367.85,24392.8,0
3200,2025-05-07T14:30:00+05:30,24394.35,24426.05,24390.25,24414.7,0
3201,2025-05-07T14:45:00+05:30,24416.15,24417.45,24394.4,24395.35,0
3202,2025-05-07T15:00:00+05:30,24395.7,24424.05,24395.7,24407.05,0
3203,2025-05-07T15:15:00+05:30,24406.8,24425.05,24403.8,24409.3,0
3204,2025-05-08T09:15:00+05:30,24431.5,24447.25,24381.95,24392.3,0
3205,2025-05-08T09:30:00+05:30,24393.35,24406.65,24373.45,24391.5,0
3206,2025-05-08T09:45:00+05:30,24391.9,24394.65,24373.85,24380.3,0
3207,2025-05-08T10:00:00+05:30,24380.2,24402.2,24380.2,24391.55,0
3208,2025-05-08T10:15:00+05:30,24391.65,24412.3,24384.35,24404.45,0
3209,2025-05-08T10:30:00+05:30,24404.4,24409.45,24388.0,24398.9,0
3210,2025-05-08T10:45:00+05:30,24398.8,24405.9,24390.3,24397.25,0
3211,2025-05-08T11:00:00+05:30,24396.6,24407.8,24395.15,24398.05,0
3212,2025-05-08T11:15:00+05:30,24397.45,24415.8,24397.45,24412.3,0
3213,2025-05-08T11:30:00+05:30,24411.3,24413.6,24403.6,24408.55,0
3214,2025-05-08T11:45:00+05:30,24407.45,24410.2,24398.25,24401.3,0
3215,2025-05-08T12:00:00+05:30,24401.85,24404.25,24396.7,24403.4,0
3216,2025-05-08T12:15:00+05:30,24403.25,24411.2,24399.25,24402.35,0
3217,2025-05-08T12:30:00+05:30,24401.45,24405.3,24395.35,24397.15,0
3218,2025-05-08T12:45:00+05:30,24396.2,24403.9,24394.0,24400.1,0
3219,2025-05-08T13:00:00+05:30,24399.55,24399.9,24381.05,24385.95,0
3220,2025-05-08T13:15:00+05:30,24384.85,24386.7,24349.05,24366.55,0
3221,2025-05-08T13:30:00+05:30,24365.35,24375.85,24330.45,24337.45,0
3222,2025-05-08T13:45:00+05:30,24336.65,24361.1,24322.55,24330.4,0
3223,2025-05-08T14:00:00+05:30,24330.85,24344.45,24313.5,24316.95,0
3224,2025-05-08T14:15:00+05:30,24317.55,24354.6,24314.8,24349.75,0
3225,2025-05-08T14:30:00+05:30,24348.8,24357.3,24331.15,24338.2,0
3226,2025-05-08T14:45:00+05:30,24338.05,24339.9,24244.0,24262.2,0
3227,2025-05-08T15:00:00+05:30,24267.75,24322.6,24247.7,24309.15,0
3228,2025-05-08T15:15:00+05:30,24308.45,24310.9,24150.2,24154.1,0
3229,2025-05-09T09:15:00+05:30,23935.75,24164.25,23935.75,24080.8,0
3230,2025-05-09T09:30:00+05:30,24083.55,24122.7,24039.15,24090.5,0
3231,2025-05-09T09:45:00+05:30,24092.25,24111.7,24011.1,24012.5,0
3232,2025-05-09T10:00:00+05:30,24012.6,24063.45,23949.2,24060.65,0
3233,2025-05-09T10:15:00+05:30,24061.2,24086.75,24030.55,24046.7,0
3234,2025-05-09T10:30:00+05:30,24046.6,24063.25,24007.75,24009.25,0
3235,2025-05-09T10:45:00+05:30,24008.65,24019.0,23976.65,23987.3,0
3236,2025-05-09T11:00:00+05:30,23987.45,24017.2,23987.45,24012.85,0
3237,2025-05-09T11:15:00+05:30,24012.3,24094.0,23999.45,24093.9,0
3238,2025-05-09T11:30:00+05:30,24093.0,24121.3,24057.55,24057.55,0
3239,2025-05-09T11:45:00+05:30,24055.9,24060.85,24013.95,24055.3,0
3240,2025-05-09T12:00:00+05:30,24053.65,24056.1,24024.0,24049.7,0
3241,2025-05-09T12:15:00+05:30,24049.85,24054.55,24010.15,24036.4,0
3242,2025-05-09T12:30:00+05:30,24036.15,24036.15,24004.85,24006.85,0
3243,2025-05-09T12:45:00+05:30,24006.8,24045.6,24001.85,24033.35,0
3244,2025-05-09T13:00:00+05:30,24032.65,24038.5,23992.8,24009.25,0
3245,2025-05-09T13:15:00+05:30,24008.8,24024.7,23961.7,23966.9,0
3246,2025-05-09T13:30:00+05:30,23965.75,23998.5,23963.8,23980.65,0
3247,2025-05-09T13:45:00+05:30,23980.35,24013.5,23972.85,23980.75,0
3248,2025-05-09T14:00:00+05:30,23978.4,24011.3,23977.95,24005.05,0
3249,2025-05-09T14:15:00+05:30,24004.6,24032.75,23960.95,23965.45,0
3250,2025-05-09T14:30:00+05:30,23964.95,23995.55,23963.2,23987.3,0
3251,2025-05-09T14:45:00+05:30,23986.15,24025.7,23985.65,24016.75,0
3252,2025-05-09T15:00:00+05:30,24013.8,24017.55,23988.45,24000.55,0
3253,2025-05-09T15:15:00+05:30,23999.3,24046.9,23997.35,24038.65,0
3254,2025-05-12T09:15:00+05:30,24420.1,24597.15,24378.85,24595.2,0
3255,2025-05-12T09:30:00+05:30,24596.1,24633.6,24583.4,24591.7,0
3256,2025-05-12T09:45:00+05:30,24592.85,24737.8,24592.4,24725.0,0
3257,2025-05-12T10:00:00+05:30,24725.55,24731.4,24668.4,24682.65,0
3258,2025-05-12T10:15:00+05:30,24682.3,24723.55,24682.3,24696.9,0
3259,2025-05-12T10:30:00+05:30,24697.5,24712.85,24673.3,24699.75,0
3260,2025-05-12T10:45:00+05:30,24699.95,24700.55,24669.1,24678.2,0
3261,2025-05-12T11:00:00+05:30,24679.3,24714.85,24679.3,24702.85,0
3262,2025-05-12T11:15:00+05:30,24703.2,24745.75,24698.55,24733.3,0
3263,2025-05-12T11:30:00+05:30,24733.15,24744.6,24715.75,24728.2,0
3264,2025-05-12T11:45:00+05:30,24727.4,24731.2,24713.2,24716.85,0
3265,2025-05-12T12:00:00+05:30,24717.3,24728.45,24711.35,24721.3,0
3266,2025-05-12T12:15:00+05:30,24723.3,24727.65,24690.35,24702.45,0
3267,2025-05-12T12:30:00+05:30,24702.35,24806.3,24702.35,24790.0,0
3268,2025-05-12T12:45:00+05:30,24789.9,24802.95,24772.35,24800.9,0
3269,2025-05-12T13:00:00+05:30,24801.45,24807.05,24779.95,24789.15,0
3270,2025-05-12T13:15:00+05:30,24789.0,24823.85,24789.0,24821.5,0
3271,2025-05-12T13:30:00+05:30,24821.65,24850.4,24818.2,24843.95,0
3272,2025-05-12T13:45:00+05:30,24845.2,24853.75,24830.1,24843.95,0
3273,2025-05-12T14:00:00+05:30,24844.8,24866.95,24836.0,24866.2,0
3274,2025-05-12T14:15:00+05:30,24866.25,24902.9,24866.25,24898.0,0
3275,2025-05-12T14:30:00+05:30,24897.1,24907.2,24854.75,24862.35,0
3276,2025-05-12T14:45:00+05:30,24862.2,24926.2,24858.2,24921.6,0
3277,2025-05-12T15:00:00+05:30,24920.85,24930.4,24898.35,24907.45,0
3278,2025-05-12T15:15:00+05:30,24906.05,24944.8,24904.75,24920.25,0
3279,2025-05-13T09:15:00+05:30,24864.05,24973.8,24754.1,24767.4,0
3280,2025-05-13T09:30:00+05:30,24765.6,24846.6,24675.6,24745.2,0
3281,2025-05-13T09:45:00+05:30,24747.25,24756.65,24677.6,24711.95,0
3282,2025-05-13T10:00:00+05:30,24710.0,24789.45,24681.15,24770.85,0
3283,2025-05-13T10:15:00+05:30,24771.1,24797.6,24658.2,24658.2,0
3284,2025-05-13T10:30:00+05:30,24655.85,24709.15,24634.9,24700.8,0
3285,2025-05-13T10:45:00+05:30,24701.15,24761.65,24683.1,24759.5,0
3286,2025-05-13T11:00:00+05:30,24759.65,24837.8,24700.35,24724.55,0
3287,2025-05-13T11:15:00+05:30,24725.05,24810.45,24723.25,24797.15,0
3288,2025-05-13T11:30:00+05:30,24794.95,24817.9,24738.25,24740.9,0
3289,2025-05-13T11:45:00+05:30,24739.45,24764.05,24709.2,24722.3,0
3290,2025-05-13T12:00:00+05:30,24722.1,24771.45,24693.9,24755.45,0
3291,2025-05-13T12:15:00+05:30,24755.55,24772.0,24697.4,24712.75,0
3292,2025-05-13T12:30:00+05:30,24712.85,24726.35,24640.2,24644.05,0
3293,2025-05-13T12:45:00+05:30,24644.5,24665.25,24597.6,24604.6,0
3294,2025-05-13T13:00:00+05:30,24605.55,24648.9,24602.25,24630.8,0
3295,2025-05-13T13:15:00+05:30,24633.4,24637.0,24589.6,24592.1,0
3296,2025-05-13T13:30:00+05:30,24591.8,24615.9,24588.35,24614.5,0
3297,2025-05-13T13:45:00+05:30,24613.45,24617.85,24582.4,24585.75,0
3298,2025-05-13T14:00:00+05:30,24585.1,24609.4,24576.0,24590.45,0
3299,2025-05-13T14:15:00+05:30,24590.25,24606.3,24560.7,24586.6,0
3300,2025-05-13T14:30:00+05:30,24585.8,24617.5,24575.55,24601.15,0
3301,2025-05-13T14:45:00+05:30,24599.85,24636.85,24591.3,24615.55,0
3302,2025-05-13T15:00:00+05:30,24615.75,24621.2,24559.15,24560.0,0
3303,2025-05-13T15:15:00+05:30,24561.05,24594.3,24547.5,24593.65,0
3304,2025-05-14T09:15:00+05:30,24613.8,24737.55,24581.75,24718.1,0
3305,2025-05-14T09:30:00+05:30,24717.9,24745.5,24657.6,24742.8,0
3306,2025-05-14T09:45:00+05:30,24742.85,24751.45,24690.8,24727.4,0
3307,2025-05-14T10:00:00+05:30,24727.2,24758.55,24718.75,24758.15,0
3308,2025-05-14T10:15:00+05:30,24757.4,24767.55,24738.75,24744.65,0
3309,2025-05-14T10:30:00+05:30,24744.85,24747.15,24711.25,24733.8,0
3310,2025-05-14T10:45:00+05:30,24734.0,24740.1,24683.45,24684.6,0
3311,2025-05-14T11:00:00+05:30,24684.65,24709.6,24684.35,24700.95,0
3312,2025-05-14T11:15:00+05:30,24699.65,24724.9,24693.45,24718.0,0
3313,2025-05-14T11:30:00+05:30,24717.85,24721.8,24681.1,24686.25,0
3314,2025-05-14T11:45:00+05:30,24686.55,24686.55,24633.05,24662.15,0
3315,2025-05-14T12:00:00+05:30,24662.0,24679.55,24654.75,24677.1,0
3316,2025-05-14T12:15:00+05:30,24677.25,24679.65,24660.35,24662.25,0
3317,2025-05-14T12:30:00+05:30,24663.3,24664.75,24609.35,24629.7,0
3318,2025-05-14T12:45:00+05:30,24629.9,24635.8,24535.55,24581.7,0
3319,2025-05-14T13:00:00+05:30,24581.65,24643.0,24578.9,24636.05,0
3320,2025-05-14T13:15:00+05:30,24636.45,24660.95,24604.35,24644.95,0
3321,2025-05-14T13:30:00+05:30,24644.55,24648.0,24625.35,24628.5,0
3322,2025-05-14T13:45:00+05:30,24628.55,24638.2,24614.7,24621.8,0
3323,2025-05-14T14:00:00+05:30,24618.9,24620.0,24596.75,24615.0,0
3324,2025-05-14T14:15:00+05:30,24614.55,24633.0,24605.65,24611.2,0
3325,2025-05-14T14:30:00+05:30,24609.8,24665.65,24577.7,24625.55,0
3326,2025-05-14T14:45:00+05:30,24624.95,24642.05,24618.4,24633.25,0
3327,2025-05-14T15:00:00+05:30,24633.3,24675.2,24632.25,24669.55,0
3328,2025-05-14T15:15:00+05:30,24669.95,24696.75,24651.3,24685.75,0
