,datetime,open,high,low,close,volume
0,2024-10-28T09:15:00+05:30,1337.5,1337.5,1322.55,1323.1,1066500
1,2024-10-28T09:30:00+05:30,1323.55,1329.45,1322.45,1323.5,635069
2,2024-10-28T09:45:00+05:30,1323.5,1331.3,1322.1,1331.25,554634
3,2024-10-28T10:00:00+05:30,1331.25,1332.9,1328.3,1332.0,439601
4,2024-10-28T10:15:00+05:30,1332.0,1340.75,1331.9,1340.1,657560
5,2024-10-28T10:30:00+05:30,1340.05,1344.45,1337.6,1343.9,449282
6,2024-10-28T10:45:00+05:30,1343.9,1345.65,1341.0,1341.5,390398
7,2024-10-28T11:00:00+05:30,1341.75,1347.9,1339.25,1347.8,388186
8,2024-10-28T11:15:00+05:30,1347.75,1349.0,1346.15,1347.9,336570
9,2024-10-28T11:30:00+05:30,1347.9,1350.8,1347.0,1350.4,309630
10,2024-10-28T11:45:00+05:30,1350.4,1351.75,1347.5,1348.05,279955
11,2024-10-28T12:00:00+05:30,1348.05,1352.0,1346.3,1352.0,238842
12,2024-10-28T12:15:00+05:30,1351.95,1352.75,1349.35,1351.4,271832
13,2024-10-28T12:30:00+05:30,1351.4,1353.0,1349.2,1349.8,252174
14,2024-10-28T12:45:00+05:30,1349.8,1350.0,1340.55,1343.4,400947
15,2024-10-28T13:00:00+05:30,1343.4,1343.85,1338.75,1339.95,281912
16,2024-10-28T13:15:00+05:30,1339.95,1344.75,1339.5,1342.5,202422
17,2024-10-28T13:30:00+05:30,1342.5,1342.75,1339.0,1339.8,265898
18,2024-10-28T13:45:00+05:30,1339.8,1340.0,1337.0,1339.1,262993
19,2024-10-28T14:00:00+05:30,1338.65,1340.8,1337.0,1338.8,297275
20,2024-10-28T14:15:00+05:30,1338.8,1340.5,1335.2,1336.05,330723
21,2024-10-28T14:30:00+05:30,1336.05,1340.0,1336.0,1339.1,347195
22,2024-10-28T14:45:00+05:30,1339.1,1340.0,1338.1,1338.8,297008
23,2024-10-28T15:00:00+05:30,1338.75,1338.9,1332.8,1334.75,906278
24,2024-10-28T15:15:00+05:30,1334.75,1335.2,1332.0,1335.0,824766
25,2024-10-29T09:15:00+05:30,1328.1,1335.95,1323.2,1332.75,1723670
26,2024-10-29T09:30:00+05:30,1332.75,1333.25,1328.15,1328.75,432878
27,2024-10-29T09:45:00+05:30,1328.5,1328.9,1322.8,1325.5,476609
28,2024-10-29T10:00:00+05:30,1325.6,1326.5,1320.3,1324.9,558770
29,2024-10-29T10:15:00+05:30,1324.85,1329.25,1323.2,1328.3,463922
30,2024-10-29T10:30:00+05:30,1328.15,1330.95,1325.25,1326.55,668633
31,2024-10-29T10:45:00+05:30,1326.55,1327.55,1324.0,1326.7,539200
32,2024-10-29T11:00:00+05:30,1326.7,1326.7,1324.3,1325.45,246208
33,2024-10-29T11:15:00+05:30,1325.4,1326.9,1324.2,1324.7,156876
34,2024-10-29T11:30:00+05:30,1324.45,1328.2,1323.3,1327.5,306262
35,2024-10-29T11:45:00+05:30,1327.5,1329.5,1326.55,1329.05,222965
36,2024-10-29T12:00:00+05:30,1329.1,1331.9,1328.85,1331.85,267717
37,2024-10-29T12:15:00+05:30,1331.85,1333.15,1330.0,1330.3,335641
38,2024-10-29T12:30:00+05:30,1330.25,1334.25,1330.0,1334.15,248543
39,2024-10-29T12:45:00+05:30,1334.15,1335.0,1332.65,1333.15,202240
40,2024-10-29T13:00:00+05:30,1333.15,1335.45,1332.1,1333.25,236050
41,2024-10-29T13:15:00+05:30,1333.25,1334.2,1330.2,1332.05,285822
42,2024-10-29T13:30:00+05:30,1332.05,1332.75,1330.0,1330.25,200521
43,2024-10-29T13:45:00+05:30,1330.25,1332.7,1329.2,1332.55,202952
44,2024-10-29T14:00:00+05:30,1332.55,1335.4,1332.45,1335.3,338523
45,2024-10-29T14:15:00+05:30,1335.3,1336.9,1334.25,1335.15,502868
46,2024-10-29T14:30:00+05:30,1335.15,1335.75,1332.45,1334.5,454785
47,2024-10-29T14:45:00+05:30,1334.45,1335.0,1332.95,1334.1,389790
48,2024-10-29T15:00:00+05:30,1334.1,1343.2,1334.0,1340.8,1111883
49,2024-10-29T15:15:00+05:30,1340.7,1341.0,1339.0,1340.0,1183653
50,2024-10-30T09:15:00+05:30,1335.8,1339.0,1325.35,1335.5,1886604
51,2024-10-30T09:30:00+05:30,1335.45,1345.0,1334.0,1344.2,646949
52,2024-10-30T09:45:00+05:30,1344.2,1347.0,1340.65,1344.05,487378
53,2024-10-30T10:00:00+05:30,1344.3,1346.55,1342.0,1345.35,304885
54,2024-10-30T10:15:00+05:30,1345.4,1347.85,1343.75,1346.05,255357
55,2024-10-30T10:30:00+05:30,1345.9,1346.45,1343.6,1345.15,221788
56,2024-10-30T10:45:00+05:30,1345.15,1346.8,1344.65,1345.75,305137
57,2024-10-30T11:00:00+05:30,1345.75,1345.95,1340.15,1340.3,329452
58,2024-10-30T11:15:00+05:30,1340.3,1342.95,1338.3,1340.3,317638
59,2024-10-30T11:30:00+05:30,1340.3,1342.4,1339.5,1340.0,446104
60,2024-10-30T11:45:00+05:30,1340.0,1342.0,1338.1,1341.95,357439
61,2024-10-30T12:00:00+05:30,1342.0,1344.6,1339.4,1344.6,270484
62,2024-10-30T12:15:00+05:30,1344.5,1346.0,1342.8,1345.2,292004
63,2024-10-30T12:30:00+05:30,1345.2,1346.5,1344.6,1345.7,212859
64,2024-10-30T12:45:00+05:30,1345.7,1348.55,1345.15,1348.4,184597
65,2024-10-30T13:00:00+05:30,1348.3,1350.0,1343.75,1345.3,444347
66,2024-10-30T13:15:00+05:30,1345.25,1345.7,1342.1,1343.75,326357
67,2024-10-30T13:30:00+05:30,1343.75,1345.0,1339.9,1341.6,259445
68,2024-10-30T13:45:00+05:30,1341.6,1343.1,1339.55,1341.35,230560
69,2024-10-30T14:00:00+05:30,1341.15,1342.4,1337.2,1337.65,251671
70,2024-10-30T14:15:00+05:30,1337.6,1341.6,1336.0,1341.1,279745
71,2024-10-30T14:30:00+05:30,1341.1,1347.7,1340.45,1346.8,373179
72,2024-10-30T14:45:00+05:30,1346.8,1347.75,1343.1,1343.85,460635
73,2024-10-30T15:00:00+05:30,1343.85,1345.2,1341.6,1344.5,1327011
74,2024-10-30T15:15:00+05:30,1345.15,1345.75,1340.8,1344.85,1288900
75,2024-10-31T09:15:00+05:30,1340.1,1343.0,1334.05,1335.4,754960
76,2024-10-31T09:30:00+05:30,1335.4,1336.35,1330.0,1331.4,493990
77,2024-10-31T09:45:00+05:30,1331.25,1335.55,1331.2,1335.2,254835
78,2024-10-31T10:00:00+05:30,1335.4,1337.15,1334.4,1336.85,272699
79,2024-10-31T10:15:00+05:30,1336.55,1337.25,1335.0,1336.45,152150
80,2024-10-31T10:30:00+05:30,1336.5,1337.9,1336.15,1336.7,136768
81,2024-10-31T10:45:00+05:30,1336.65,1337.6,1335.5,1337.1,183562
82,2024-10-31T11:00:00+05:30,1337.1,1337.5,1335.6,1335.65,221740
83,2024-10-31T11:15:00+05:30,1335.55,1336.0,1333.3,1334.3,256584
84,2024-10-31T11:30:00+05:30,1334.7,1336.25,1333.4,1336.15,122049
85,2024-10-31T11:45:00+05:30,1336.1,1336.85,1335.2,1335.75,143466
86,2024-10-31T12:00:00+05:30,1335.75,1338.0,1335.6,1337.75,140483
87,2024-10-31T12:15:00+05:30,1337.75,1340.9,1337.5,1340.9,174294
88,2024-10-31T12:30:00+05:30,1340.9,1340.9,1337.75,1339.5,212634
89,2024-10-31T12:45:00+05:30,1339.4,1340.0,1337.55,1339.7,133225
90,2024-10-31T13:00:00+05:30,1339.7,1340.5,1339.0,1340.0,117433
91,2024-10-31T13:15:00+05:30,1340.05,1340.65,1339.0,1339.55,146169
92,2024-10-31T13:30:00+05:30,1339.55,1339.55,1335.5,1338.45,234811
93,2024-10-31T13:45:00+05:30,1338.4,1339.0,1336.5,1337.65,163349
94,2024-10-31T14:00:00+05:30,1337.85,1338.35,1333.55,1334.2,285013
95,2024-10-31T14:15:00+05:30,1334.2,1335.0,1333.0,1333.1,203602
96,2024-10-31T14:30:00+05:30,1333.1,1333.15,1326.15,1331.0,645613
97,2024-10-31T14:45:00+05:30,1331.0,1331.25,1328.5,1329.1,257521
98,2024-10-31T15:00:00+05:30,1329.1,1336.05,1329.1,1334.1,1713806
99,2024-10-31T15:15:00+05:30,1334.1,1334.1,1330.0,1332.0,1788944
100,2024-11-01T18:00:00+05:30,1334.0,1341.95,1333.0,1338.55,871980
101,2024-11-01T18:15:00+05:30,1338.5,1340.85,1338.2,1339.95,442438
102,2024-11-01T18:30:00+05:30,1339.95,1340.5,1338.0,1338.35,366238
103,2024-11-01T18:45:00+05:30,1338.35,1338.6,1337.0,1338.4,385764
104,2024-11-04T09:15:00+05:30,1338.0,1340.0,1306.2,1307.95,2534059
105,2024-11-04T09:30:00+05:30,1307.95,1310.9,1304.1,1304.75,1097263
106,2024-11-04T09:45:00+05:30,1304.75,1305.0,1300.05,1304.65,1026467
107,2024-11-04T10:00:00+05:30,1304.65,1305.65,1293.25,1293.95,1051708
108,2024-11-04T10:15:00+05:30,1293.9,1296.25,1289.0,1289.2,978048
109,2024-11-04T10:30:00+05:30,1289.2,1291.8,1288.35,1291.4,638413
110,2024-11-04T10:45:00+05:30,1291.15,1293.8,1289.7,1290.4,526488
111,2024-11-04T11:00:00+05:30,1290.45,1290.45,1285.1,1287.65,798952
112,2024-11-04T11:15:00+05:30,1287.5,1294.95,1285.25,1293.0,653644
113,2024-11-04T11:30:00+05:30,1293.0,1295.8,1291.55,1294.6,399262
114,2024-11-04T11:45:00+05:30,1294.6,1295.65,1290.0,1293.2,346828
115,2024-11-04T12:00:00+05:30,1293.0,1297.4,1292.95,1295.35,502098
116,2024-11-04T12:15:00+05:30,1295.3,1299.05,1295.0,1295.95,846181
117,2024-11-04T12:30:00+05:30,1295.95,1298.95,1295.6,1297.85,531897
118,2024-11-04T12:45:00+05:30,1297.8,1298.7,1294.0,1296.7,577583
119,2024-11-04T13:00:00+05:30,1296.7,1298.5,1294.0,1294.3,444332
120,2024-11-04T13:15:00+05:30,1294.3,1295.7,1290.0,1290.55,429329
121,2024-11-04T13:30:00+05:30,1290.5,1293.0,1290.35,1292.65,325253
122,2024-11-04T13:45:00+05:30,1292.7,1295.1,1291.25,1293.4,297627
123,2024-11-04T14:00:00+05:30,1293.25,1296.4,1293.0,1296.0,360304
124,2024-11-04T14:15:00+05:30,1296.0,1297.0,1293.2,1295.0,343994
125,2024-11-04T14:30:00+05:30,1295.0,1299.45,1294.95,1297.55,534155
126,2024-11-04T14:45:00+05:30,1297.65,1307.4,1297.05,1306.35,940804
127,2024-11-04T15:00:00+05:30,1306.35,1308.5,1300.65,1300.7,1327982
128,2024-11-04T15:15:00+05:30,1300.7,1301.4,1297.0,1298.5,1577694
129,2024-11-05T09:15:00+05:30,1294.0,1298.75,1286.15,1292.75,2146898
130,2024-11-05T09:30:00+05:30,1293.0,1294.6,1290.1,1293.3,566015
131,2024-11-05T09:45:00+05:30,1293.3,1299.45,1292.55,1298.5,651116
132,2024-11-05T10:00:00+05:30,1298.1,1301.25,1296.6,1299.55,457900
133,2024-11-05T10:15:00+05:30,1299.55,1303.0,1297.25,1301.85,471799
134,2024-11-05T10:30:00+05:30,1301.85,1304.6,1299.0,1303.5,489309
135,2024-11-05T10:45:00+05:30,1303.4,1305.5,1302.0,1302.35,394479
136,2024-11-05T11:00:00+05:30,1302.35,1302.55,1297.1,1297.6,393172
137,2024-11-05T11:15:00+05:30,1297.85,1298.8,1295.1,1296.9,290962
138,2024-11-05T11:30:00+05:30,1296.9,1297.5,1292.5,1293.95,392915
139,2024-11-05T11:45:00+05:30,1293.95,1294.0,1287.55,1289.45,695370
140,2024-11-05T12:00:00+05:30,1289.45,1292.35,1288.45,1291.0,307698
141,2024-11-05T12:15:00+05:30,1291.0,1293.7,1290.9,1293.45,263903
142,2024-11-05T12:30:00+05:30,1293.45,1294.0,1290.05,1291.4,578054
143,2024-11-05T12:45:00+05:30,1291.5,1293.75,1291.05,1292.95,228600
144,2024-11-05T13:00:00+05:30,1292.95,1294.15,1290.0,1291.05,405126
145,2024-11-05T13:15:00+05:30,1291.05,1295.1,1290.35,1295.1,282922
146,2024-11-05T13:30:00+05:30,1295.0,1299.9,1294.85,1299.6,822953
147,2024-11-05T13:45:00+05:30,1299.65,1301.0,1297.4,1299.8,556897
148,2024-11-05T14:00:00+05:30,1299.8,1301.85,1298.35,1300.2,562873
149,2024-11-05T14:15:00+05:30,1300.2,1304.0,1299.3,1302.55,428866
150,2024-11-05T14:30:00+05:30,1302.45,1305.45,1300.65,1303.2,815124
151,2024-11-05T14:45:00+05:30,1303.2,1303.35,1298.9,1300.15,504567
152,2024-11-05T15:00:00+05:30,1300.3,1305.0,1299.45,1304.5,1181054
153,2024-11-05T15:15:00+05:30,1304.5,1309.55,1304.45,1307.5,1671728
154,2024-11-06T09:15:00+05:30,1310.55,1315.0,1301.1,1310.0,2201320
155,2024-11-06T09:30:00+05:30,1309.9,1310.5,1304.65,1306.85,666859
156,2024-11-06T09:45:00+05:30,1306.85,1310.0,1305.3,1305.9,656766
157,2024-11-06T10:00:00+05:30,1305.7,1309.5,1305.4,1308.75,531678
158,2024-11-06T10:15:00+05:30,1308.75,1310.85,1305.2,1305.9,476442
159,2024-11-06T10:30:00+05:30,1305.9,1306.0,1300.3,1300.9,562014
160,2024-11-06T10:45:00+05:30,1300.8,1306.5,1300.2,1305.3,472747
161,2024-11-06T11:00:00+05:30,1305.3,1306.5,1303.0,1305.35,301455
162,2024-11-06T11:15:00+05:30,1305.1,1306.6,1304.35,1304.6,511603
163,2024-11-06T11:30:00+05:30,1304.7,1304.95,1303.2,1304.2,215335
164,2024-11-06T11:45:00+05:30,1304.2,1310.45,1302.4,1309.9,1171731
165,2024-11-06T12:00:00+05:30,1309.95,1310.8,1307.15,1308.45,429588
166,2024-11-06T12:15:00+05:30,1308.45,1311.3,1307.3,1310.7,442760
167,2024-11-06T12:30:00+05:30,1310.7,1319.65,1310.55,1317.95,1241411
168,2024-11-06T12:45:00+05:30,1318.05,1318.2,1311.65,1313.4,773297
169,2024-11-06T13:00:00+05:30,1313.3,1317.0,1312.15,1316.1,468660
170,2024-11-06T13:15:00+05:30,1316.0,1316.75,1312.85,1315.15,393844
171,2024-11-06T13:30:00+05:30,1315.5,1319.0,1315.15,1317.45,679610
172,2024-11-06T13:45:00+05:30,1317.55,1320.7,1317.05,1320.1,839839
173,2024-11-06T14:00:00+05:30,1320.0,1320.1,1316.6,1316.65,397181
174,2024-11-06T14:15:00+05:30,1316.65,1325.85,1316.6,1324.65,1873632
175,2024-11-06T14:30:00+05:30,1324.65,1325.4,1321.1,1325.05,1885136
176,2024-11-06T14:45:00+05:30,1325.0,1327.2,1322.5,1325.05,1293362
177,2024-11-06T15:00:00+05:30,1325.05,1328.3,1324.15,1325.2,1576808
178,2024-11-06T15:15:00+05:30,1325.1,1326.5,1324.4,1326.0,1502401
179,2024-11-07T09:15:00+05:30,1323.9,1323.9,1312.55,1315.0,1074608
180,2024-11-07T09:30:00+05:30,1315.2,1317.75,1313.9,1317.25,492145
181,2024-11-07T09:45:00+05:30,1317.25,1319.5,1314.0,1314.1,389365
182,2024-11-07T10:00:00+05:30,1314.1,1314.3,1307.5,1309.15,685048
183,2024-11-07T10:15:00+05:30,1309.15,1311.0,1307.95,1308.85,384069
184,2024-11-07T10:30:00+05:30,1308.85,1309.9,1306.0,1306.95,433719
185,2024-11-07T10:45:00+05:30,1306.95,1309.4,1306.4,1309.05,290114
186,2024-11-07T11:00:00+05:30,1309.05,1309.7,1306.5,1307.9,262235
187,2024-11-07T11:15:00+05:30,1307.95,1308.05,1302.6,1304.35,340997
188,2024-11-07T11:30:00+05:30,1304.35,1305.2,1303.3,1304.1,186374
189,2024-11-07T11:45:00+05:30,1304.1,1304.75,1303.15,1303.6,182952
190,2024-11-07T12:00:00+05:30,1303.6,1305.95,1303.4,1305.5,211422
191,2024-11-07T12:15:00+05:30,1305.5,1306.4,1304.5,1305.8,188695
192,2024-11-07T12:30:00+05:30,1305.45,1307.65,1305.3,1306.5,232596
193,2024-11-07T12:45:00+05:30,1306.4,1306.55,1305.1,1305.25,179237
194,2024-11-07T13:00:00+05:30,1305.4,1305.95,1304.35,1304.95,244729
195,2024-11-07T13:15:00+05:30,1304.95,1306.0,1304.1,1305.0,290267
196,2024-11-07T13:30:00+05:30,1305.0,1308.55,1304.3,1307.05,368141
197,2024-11-07T13:45:00+05:30,1306.8,1313.0,1306.65,1309.7,438874
198,2024-11-07T14:00:00+05:30,1309.7,1309.85,1307.35,1309.2,221273
199,2024-11-07T14:15:00+05:30,1309.2,1309.2,1305.85,1307.85,326476
200,2024-11-07T14:30:00+05:30,1307.85,1307.9,1305.95,1306.85,332416
201,2024-11-07T14:45:00+05:30,1306.4,1307.5,1305.25,1306.3,365775
202,2024-11-07T15:00:00+05:30,1306.25,1308.2,1305.0,1305.25,532302
203,2024-11-07T15:15:00+05:30,1305.0,1305.9,1304.15,1305.0,879094
204,2024-11-08T09:15:00+05:30,1297.65,1301.65,1278.65,1286.4,2318651
205,2024-11-08T09:30:00+05:30,1286.4,1291.25,1284.25,1290.65,903711
206,2024-11-08T09:45:00+05:30,1290.85,1294.7,1288.25,1291.4,2089447
207,2024-11-08T10:00:00+05:30,1291.5,1293.95,1289.0,1292.35,309660
208,2024-11-08T10:15:00+05:30,1292.8,1295.45,1290.7,1291.75,420216
209,2024-11-08T10:30:00+05:30,1292.1,1292.35,1288.7,1289.2,315309
210,2024-11-08T10:45:00+05:30,1289.2,1289.8,1285.0,1286.1,329399
211,2024-11-08T11:00:00+05:30,1286.2,1286.2,1283.0,1285.35,466504
212,2024-11-08T11:15:00+05:30,1285.35,1285.6,1282.5,1282.85,274871
213,2024-11-08T11:30:00+05:30,1282.85,1283.05,1280.95,1281.7,449930
214,2024-11-08T11:45:00+05:30,1281.7,1283.15,1280.0,1281.6,602307
215,2024-11-08T12:00:00+05:30,1281.6,1283.4,1281.0,1283.0,311592
216,2024-11-08T12:15:00+05:30,1283.05,1283.25,1282.15,1282.95,287686
217,2024-11-08T12:30:00+05:30,1282.95,1285.5,1282.45,1285.0,358310
218,2024-11-08T12:45:00+05:30,1285.0,1285.55,1284.5,1285.05,242705
219,2024-11-08T13:00:00+05:30,1285.0,1286.1,1284.85,1285.6,243712
220,2024-11-08T13:15:00+05:30,1285.5,1286.1,1282.5,1285.6,475508
221,2024-11-08T13:30:00+05:30,1285.55,1285.65,1282.0,1284.05,508173
222,2024-11-08T13:45:00+05:30,1284.05,1284.4,1280.3,1281.4,481668
223,2024-11-08T14:00:00+05:30,1281.4,1282.45,1280.0,1280.6,587450
224,2024-11-08T14:15:00+05:30,1280.3,1283.5,1279.0,1282.05,684486
225,2024-11-08T14:30:00+05:30,1282.05,1282.55,1279.0,1281.55,738350
226,2024-11-08T14:45:00+05:30,1281.6,1284.9,1275.0,1281.65,4044385
227,2024-11-08T15:00:00+05:30,1281.65,1286.5,1281.65,1285.9,1224409
228,2024-11-08T15:15:00+05:30,1285.9,1286.2,1277.55,1280.2,1036637
229,2024-11-11T09:15:00+05:30,1278.9,1281.0,1267.0,1273.1,1117388
230,2024-11-11T09:30:00+05:30,1273.0,1276.65,1272.5,1276.25,451561
231,2024-11-11T09:45:00+05:30,1276.1,1277.2,1273.5,1274.5,333932
232,2024-11-11T10:00:00+05:30,1274.5,1274.95,1272.1,1273.0,183745
233,2024-11-11T10:15:00+05:30,1273.0,1278.85,1270.15,1278.15,368022
234,2024-11-11T10:30:00+05:30,1278.5,1281.65,1276.0,1279.45,362939
235,2024-11-11T10:45:00+05:30,1279.0,1283.0,1278.4,1283.0,214444
236,2024-11-11T11:00:00+05:30,1282.9,1285.05,1281.4,1284.5,332985
237,2024-11-11T11:15:00+05:30,1284.5,1286.0,1282.0,1283.05,241581
238,2024-11-11T11:30:00+05:30,1283.0,1285.95,1282.0,1285.6,211984
239,2024-11-11T11:45:00+05:30,1285.6,1285.9,1278.5,1278.7,287054
240,2024-11-11T12:00:00+05:30,1278.65,1280.35,1275.95,1277.2,262319
241,2024-11-11T12:15:00+05:30,1277.25,1278.8,1275.15,1277.85,299656
242,2024-11-11T12:30:00+05:30,1277.85,1279.5,1277.5,1278.45,170875
243,2024-11-11T12:45:00+05:30,1278.45,1279.85,1275.25,1275.95,252064
244,2024-11-11T13:00:00+05:30,1275.95,1276.8,1273.95,1275.3,335779
245,2024-11-11T13:15:00+05:30,1275.3,1276.9,1273.5,1274.7,342261
246,2024-11-11T13:30:00+05:30,1274.6,1276.65,1272.0,1272.85,176341
247,2024-11-11T13:45:00+05:30,1273.0,1275.8,1271.55,1275.5,291156
248,2024-11-11T14:00:00+05:30,1275.6,1276.75,1271.5,1272.1,301043
249,2024-11-11T14:15:00+05:30,1272.25,1274.5,1269.55,1274.25,503869
250,2024-11-11T14:30:00+05:30,1274.25,1278.0,1273.25,1276.35,285758
251,2024-11-11T14:45:00+05:30,1276.25,1279.0,1275.75,1276.5,345863
252,2024-11-11T15:00:00+05:30,1276.5,1276.7,1271.55,1271.95,542304
253,2024-11-11T15:15:00+05:30,1272.25,1273.9,1271.1,1273.4,738739
254,2024-11-12T09:15:00+05:30,1275.9,1282.7,1275.0,1279.5,1008023
255,2024-11-12T09:30:00+05:30,1279.5,1281.75,1276.1,1276.3,393972
256,2024-11-12T09:45:00+05:30,1276.1,1279.45,1273.0,1279.0,462741
257,2024-11-12T10:00:00+05:30,1279.0,1279.5,1274.1,1274.2,298005
258,2024-11-12T10:15:00+05:30,1274.2,1279.3,1274.0,1279.3,304007
259,2024-11-12T10:30:00+05:30,1279.3,1283.35,1277.8,1281.6,439364
260,2024-11-12T10:45:00+05:30,1281.5,1288.0,1279.1,1286.2,481036
261,2024-11-12T11:00:00+05:30,1286.0,1289.3,1283.15,1284.1,374856
262,2024-11-12T11:15:00+05:30,1284.1,1285.4,1281.9,1283.45,221762
263,2024-11-12T11:30:00+05:30,1283.4,1286.8,1282.5,1282.6,224697
264,2024-11-12T11:45:00+05:30,1282.65,1285.1,1282.0,1283.65,116731
265,2024-11-12T12:00:00+05:30,1283.7,1283.95,1279.05,1280.7,255775
266,2024-11-12T12:15:00+05:30,1280.7,1282.55,1280.15,1280.25,182565
267,2024-11-12T12:30:00+05:30,1280.2,1282.45,1277.9,1278.05,398579
268,2024-11-12T12:45:00+05:30,1278.0,1278.15,1273.3,1276.0,357776
269,2024-11-12T13:00:00+05:30,1275.95,1277.8,1274.55,1276.4,269638
270,2024-11-12T13:15:00+05:30,1276.4,1276.5,1271.55,1274.95,346078
271,2024-11-12T13:30:00+05:30,1274.85,1275.25,1272.15,1273.8,300571
272,2024-11-12T13:45:00+05:30,1273.75,1276.75,1273.0,1275.5,183608
273,2024-11-12T14:00:00+05:30,1275.5,1278.55,1275.0,1277.4,241489
274,2024-11-12T14:15:00+05:30,1277.4,1280.35,1276.1,1278.45,271085
275,2024-11-12T14:30:00+05:30,1278.75,1282.5,1277.6,1277.9,363462
276,2024-11-12T14:45:00+05:30,1277.95,1279.55,1276.0,1276.05,270514
277,2024-11-12T15:00:00+05:30,1276.05,1279.15,1272.95,1273.35,1428569
278,2024-11-12T15:15:00+05:30,1273.35,1274.35,1267.5,1269.5,1371200
279,2024-11-13T09:15:00+05:30,1270.25,1275.45,1264.7,1264.9,1595551
280,2024-11-13T09:30:00+05:30,1264.75,1267.95,1258.0,1258.2,710792
281,2024-11-13T09:45:00+05:30,1258.25,1260.55,1254.0,1258.95,712960
282,2024-11-13T10:00:00+05:30,1258.95,1261.4,1257.0,1257.3,346996
283,2024-11-13T10:15:00+05:30,1257.25,1260.6,1255.25,1259.85,338715
284,2024-11-13T10:30:00+05:30,1259.9,1260.9,1256.2,1256.75,515870
285,2024-11-13T10:45:00+05:30,1256.9,1262.8,1256.5,1262.15,402057
286,2024-11-13T11:00:00+05:30,1262.1,1263.8,1258.65,1260.7,412109
287,2024-11-13T11:15:00+05:30,1260.85,1263.5,1259.7,1261.1,517631
288,2024-11-13T11:30:00+05:30,1261.15,1265.15,1261.1,1263.3,697751
289,2024-11-13T11:45:00+05:30,1263.3,1266.05,1263.1,1265.05,517539
290,2024-11-13T12:00:00+05:30,1265.05,1265.35,1262.35,1263.05,240030
291,2024-11-13T12:15:00+05:30,1263.1,1264.15,1261.1,1261.5,239309
292,2024-11-13T12:30:00+05:30,1261.5,1263.5,1260.05,1260.35,285846
293,2024-11-13T12:45:00+05:30,1260.35,1260.85,1256.4,1257.35,443198
294,2024-11-13T13:00:00+05:30,1257.35,1258.5,1255.65,1257.3,381125
295,2024-11-13T13:15:00+05:30,1257.3,1258.0,1253.15,1253.5,539575
296,2024-11-13T13:30:00+05:30,1253.35,1256.6,1251.5,1256.3,474733
297,2024-11-13T13:45:00+05:30,1255.9,1258.45,1255.0,1256.2,377729
298,2024-11-13T14:00:00+05:30,1256.2,1258.0,1254.05,1254.75,447055
299,2024-11-13T14:15:00+05:30,1254.85,1254.95,1251.55,1252.3,359743
300,2024-11-13T14:30:00+05:30,1252.3,1252.6,1250.25,1251.0,528279
301,2024-11-13T14:45:00+05:30,1251.0,1252.5,1249.5,1250.35,654777
302,2024-11-13T15:00:00+05:30,1250.25,1252.5,1249.65,1252.2,1253388
303,2024-11-13T15:15:00+05:30,1252.1,1255.95,1251.0,1252.7,1448144
304,2024-11-14T09:15:00+05:30,1253.9,1262.9,1251.1,1259.65,1475963
305,2024-11-14T09:30:00+05:30,1259.35,1262.0,1253.45,1257.9,493757
306,2024-11-14T09:45:00+05:30,1257.8,1259.45,1254.6,1258.9,330720
307,2024-11-14T10:00:00+05:30,1258.7,1263.75,1258.0,1259.75,396894
308,2024-11-14T10:15:00+05:30,1259.7,1260.0,1254.65,1255.05,357607
309,2024-11-14T10:30:00+05:30,1254.6,1258.95,1254.6,1257.0,311931
310,2024-11-14T10:45:00+05:30,1257.0,1258.35,1254.05,1257.3,415290
311,2024-11-14T11:00:00+05:30,1257.3,1258.0,1253.65,1254.05,368914
312,2024-11-14T11:15:00+05:30,1254.05,1262.9,1254.0,1261.6,489329
313,2024-11-14T11:30:00+05:30,1261.6,1267.9,1260.3,1264.9,511463
314,2024-11-14T11:45:00+05:30,1265.0,1266.0,1262.25,1265.2,319689
315,2024-11-14T12:00:00+05:30,1265.2,1266.7,1262.3,1265.8,282125
316,2024-11-14T12:15:00+05:30,1265.8,1266.6,1263.5,1266.2,279148
317,2024-11-14T12:30:00+05:30,1266.2,1269.0,1263.0,1264.4,430438
318,2024-11-14T12:45:00+05:30,1264.4,1267.7,1264.3,1265.75,252615
319,2024-11-14T13:00:00+05:30,1265.75,1268.0,1265.3,1267.25,223275
320,2024-11-14T13:15:00+05:30,1267.2,1269.4,1266.05,1268.55,269378
321,2024-11-14T13:30:00+05:30,1268.55,1270.5,1266.85,1268.0,701042
322,2024-11-14T13:45:00+05:30,1268.0,1269.45,1266.6,1267.45,314558
323,2024-11-14T14:00:00+05:30,1267.45,1270.4,1267.1,1269.7,239279
324,2024-11-14T14:15:00+05:30,1269.7,1271.7,1267.85,1271.2,382159
325,2024-11-14T14:30:00+05:30,1271.35,1272.6,1269.0,1271.4,452743
326,2024-11-14T14:45:00+05:30,1271.4,1271.5,1269.0,1269.4,454003
327,2024-11-14T15:00:00+05:30,1269.4,1270.0,1266.05,1267.95,1421963
328,2024-11-14T15:15:00+05:30,1267.95,1269.0,1266.2,1266.9,1342982
329,2024-11-18T09:15:00+05:30,1267.7,1272.9,1263.0,1263.25,1320160
330,2024-11-18T09:30:00+05:30,1263.0,1263.15,1250.1,1250.5,860919
331,2024-11-18T09:45:00+05:30,1250.5,1254.35,1246.8,1247.6,722963
332,2024-11-18T10:00:00+05:30,1247.6,1253.55,1245.3,1251.2,515030
333,2024-11-18T10:15:00+05:30,1251.35,1252.4,1248.2,1248.55,378019
334,2024-11-18T10:30:00+05:30,1248.5,1249.8,1243.9,1245.75,518561
335,2024-11-18T10:45:00+05:30,1245.75,1249.8,1244.0,1249.4,331702
336,2024-11-18T11:00:00+05:30,1249.3,1249.8,1247.5,1248.4,244277
337,2024-11-18T11:15:00+05:30,1248.4,1255.3,1248.0,1253.9,393787
338,2024-11-18T11:30:00+05:30,1253.95,1254.45,1251.8,1254.25,308261
339,2024-11-18T11:45:00+05:30,1254.25,1255.85,1253.25,1255.5,370535
340,2024-11-18T12:00:00+05:30,1255.5,1259.9,1255.05,1258.25,442568
341,2024-11-18T12:15:00+05:30,1258.3,1266.0,1257.7,1266.0,385842
342,2024-11-18T12:30:00+05:30,1266.0,1267.05,1263.5,1266.4,393976
343,2024-11-18T12:45:00+05:30,1266.5,1270.0,1262.35,1263.55,502370
344,2024-11-18T13:00:00+05:30,1263.7,1265.55,1261.95,1263.05,281894
345,2024-11-18T13:15:00+05:30,1263.05,1263.05,1259.0,1260.0,352252
346,2024-11-18T13:30:00+05:30,1260.0,1264.8,1258.1,1260.65,316588
347,2024-11-18T13:45:00+05:30,1260.55,1264.5,1260.15,1262.95,221858
348,2024-11-18T14:00:00+05:30,1262.8,1263.95,1260.65,1262.95,254398
349,2024-11-18T14:15:00+05:30,1262.95,1262.95,1257.5,1258.5,394927
350,2024-11-18T14:30:00+05:30,1258.6,1258.9,1255.6,1257.65,408726
351,2024-11-18T14:45:00+05:30,1257.65,1261.3,1256.8,1259.7,478356
352,2024-11-18T15:00:00+05:30,1259.7,1262.95,1258.15,1260.0,1440398
353,2024-11-18T15:15:00+05:30,1260.0,1262.7,1258.0,1259.15,1211823
354,2024-11-19T09:15:00+05:30,1261.0,1278.25,1261.0,1277.05,1797195
355,2024-11-19T09:30:00+05:30,1277.1,1281.5,1275.85,1278.45,808426
356,2024-11-19T09:45:00+05:30,1278.4,1279.8,1274.3,1276.5,505911
357,2024-11-19T10:00:00+05:30,1276.5,1280.0,1275.05,1275.4,357842
358,2024-11-19T10:15:00+05:30,1275.1,1279.0,1274.3,1278.15,439004
359,2024-11-19T10:30:00+05:30,1278.15,1280.65,1275.55,1276.05,458451
360,2024-11-19T10:45:00+05:30,1276.05,1276.85,1274.1,1274.55,465013
361,2024-11-19T11:00:00+05:30,1274.55,1278.95,1274.55,1276.8,438612
362,2024-11-19T11:15:00+05:30,1276.8,1279.8,1275.6,1278.6,372819
363,2024-11-19T11:30:00+05:30,1278.6,1280.0,1277.4,1277.95,276124
364,2024-11-19T11:45:00+05:30,1277.95,1278.85,1276.0,1276.45,355602
365,2024-11-19T12:00:00+05:30,1276.7,1277.35,1275.0,1276.5,328306
366,2024-11-19T12:15:00+05:30,1276.5,1278.4,1275.5,1276.25,298814
367,2024-11-19T12:30:00+05:30,1276.25,1276.3,1270.0,1272.2,533938
368,2024-11-19T12:45:00+05:30,1272.2,1272.9,1271.05,1272.05,226377
369,2024-11-19T13:00:00+05:30,1272.05,1273.2,1270.75,1271.75,402277
370,2024-11-19T13:15:00+05:30,1271.75,1273.75,1270.4,1271.2,222209
371,2024-11-19T13:30:00+05:30,1271.2,1274.0,1271.0,1271.55,188937
372,2024-11-19T13:45:00+05:30,1271.5,1272.6,1271.05,1271.95,195745
373,2024-11-19T14:00:00+05:30,1271.85,1272.0,1264.0,1264.5,620528
374,2024-11-19T14:15:00+05:30,1264.5,1266.3,1262.1,1263.5,368578
375,2024-11-19T14:30:00+05:30,1263.5,1264.9,1261.35,1262.45,382614
376,2024-11-19T14:45:00+05:30,1262.45,1264.8,1248.2,1250.4,920015
377,2024-11-19T15:00:00+05:30,1250.4,1250.4,1238.4,1239.0,1592418
378,2024-11-19T15:15:00+05:30,1239.1,1242.0,1235.15,1237.4,1496554
379,2024-11-21T09:15:00+05:30,1241.7,1243.95,1224.0,1224.5,3343734
380,2024-11-21T09:30:00+05:30,1224.5,1226.6,1220.1,1224.95,1005558
381,2024-11-21T09:45:00+05:30,1224.8,1231.4,1224.1,1229.3,662561
382,2024-11-21T10:00:00+05:30,1229.3,1233.95,1227.1,1228.1,511665
383,2024-11-21T10:15:00+05:30,1228.1,1231.8,1227.1,1228.45,416405
384,2024-11-21T10:30:00+05:30,1228.45,1229.4,1223.2,1225.8,784423
385,2024-11-21T10:45:00+05:30,1225.8,1228.4,1225.15,1226.4,356848
386,2024-11-21T11:00:00+05:30,1226.2,1228.0,1224.9,1225.05,456935
387,2024-11-21T11:15:00+05:30,1225.05,1226.7,1221.75,1222.7,693180
388,2024-11-21T11:30:00+05:30,1222.7,1224.3,1222.0,1223.6,368500
389,2024-11-21T11:45:00+05:30,1223.55,1226.3,1223.0,1225.05,336924
390,2024-11-21T12:00:00+05:30,1225.0,1226.5,1222.6,1223.25,307995
391,2024-11-21T12:15:00+05:30,1223.2,1223.7,1221.1,1221.65,353584
392,2024-11-21T12:30:00+05:30,1221.65,1224.4,1221.4,1222.4,394161
393,2024-11-21T12:45:00+05:30,1222.35,1225.25,1222.0,1224.25,1032713
394,2024-11-21T13:00:00+05:30,1224.05,1225.8,1223.0,1223.85,403993
395,2024-11-21T13:15:00+05:30,1223.85,1225.0,1222.3,1224.35,361493
396,2024-11-21T13:30:00+05:30,1224.35,1224.75,1220.8,1223.8,594414
397,2024-11-21T13:45:00+05:30,1223.75,1223.8,1220.0,1220.3,839893
398,2024-11-21T14:00:00+05:30,1220.3,1221.0,1218.1,1219.3,616801
399,2024-11-21T14:15:00+05:30,1219.4,1220.5,1219.15,1219.65,548233
400,2024-11-21T14:30:00+05:30,1219.6,1221.3,1217.25,1221.2,722363
401,2024-11-21T14:45:00+05:30,1221.2,1223.7,1219.5,1223.5,843096
402,2024-11-21T15:00:00+05:30,1223.5,1225.2,1222.0,1223.9,1797835
403,2024-11-21T15:15:00+05:30,1223.8,1224.2,1220.0,1220.45,1358740
404,2024-11-22T09:15:00+05:30,1229.95,1232.1,1222.45,1231.15,1506126
405,2024-11-22T09:30:00+05:30,1230.75,1232.6,1225.95,1230.0,1117245
406,2024-11-22T09:45:00+05:30,1230.0,1232.0,1223.25,1231.4,1481132
407,2024-11-22T10:00:00+05:30,1231.4,1240.0,1230.9,1238.5,818901
408,2024-11-22T10:15:00+05:30,1238.55,1242.2,1234.9,1237.0,684467
409,2024-11-22T10:30:00+05:30,1236.8,1237.6,1233.05,1233.95,253496
410,2024-11-22T10:45:00+05:30,1234.3,1234.95,1229.65,1233.4,544275
411,2024-11-22T11:00:00+05:30,1233.4,1234.0,1232.0,1233.5,271669
412,2024-11-22T11:15:00+05:30,1233.4,1234.35,1231.55,1233.45,246123
413,2024-11-22T11:30:00+05:30,1233.45,1237.65,1232.05,1236.2,346114
414,2024-11-22T11:45:00+05:30,1236.2,1238.0,1235.15,1236.6,227997
415,2024-11-22T12:00:00+05:30,1236.85,1241.35,1236.3,1239.85,478881
416,2024-11-22T12:15:00+05:30,1240.45,1241.0,1237.6,1239.85,299535
417,2024-11-22T12:30:00+05:30,1240.05,1243.0,1239.15,1241.65,390609
418,2024-11-22T12:45:00+05:30,1241.95,1243.75,1240.0,1242.25,399297
419,2024-11-22T13:00:00+05:30,1242.2,1245.5,1241.8,1243.3,370793
420,2024-11-22T13:15:00+05:30,1243.3,1248.25,1242.65,1244.55,793373
421,2024-11-22T13:30:00+05:30,1244.25,1247.3,1243.2,1246.8,417192
422,2024-11-22T13:45:00+05:30,1246.75,1252.4,1246.3,1252.35,782851
423,2024-11-22T14:00:00+05:30,1252.35,1257.9,1251.3,1255.0,1002882
424,2024-11-22T14:15:00+05:30,1255.05,1263.65,1254.4,1258.75,1367326
425,2024-11-22T14:30:00+05:30,1258.6,1260.7,1255.05,1260.65,1107285
426,2024-11-22T14:45:00+05:30,1260.55,1267.0,1259.3,1264.7,1391732
427,2024-11-22T15:00:00+05:30,1264.7,1268.85,1261.8,1267.5,2025148
428,2024-11-22T15:15:00+05:30,1267.65,1267.65,1261.5,1264.0,1972563
429,2024-11-25T09:15:00+05:30,1290.15,1301.4,1285.0,1299.45,3255593
430,2024-11-25T09:30:00+05:30,1299.5,1302.0,1297.45,1300.3,1041893
431,2024-11-25T09:45:00+05:30,1300.25,1302.85,1290.2,1291.1,1011035
432,2024-11-25T10:00:00+05:30,1291.2,1294.9,1290.2,1290.65,456586
433,2024-11-25T10:15:00+05:30,1290.65,1297.1,1290.05,1297.05,491535
434,2024-11-25T10:30:00+05:30,1297.05,1299.35,1296.75,1299.3,492058
435,2024-11-25T10:45:00+05:30,1298.8,1300.6,1298.0,1300.0,571915
436,2024-11-25T11:00:00+05:30,1300.3,1304.45,1300.0,1300.85,728840
437,2024-11-25T11:15:00+05:30,1301.0,1302.2,1298.9,1300.5,475738
438,2024-11-25T11:30:00+05:30,1300.5,1300.9,1297.55,1297.8,485787
439,2024-11-25T11:45:00+05:30,1297.75,1298.0,1292.55,1293.95,654747
440,2024-11-25T12:00:00+05:30,1293.95,1298.15,1293.6,1297.35,341110
441,2024-11-25T12:15:00+05:30,1297.3,1298.4,1293.0,1296.15,449996
442,2024-11-25T12:30:00+05:30,1296.15,1297.65,1295.0,1296.8,328586
443,2024-11-25T12:45:00+05:30,1296.8,1297.35,1283.5,1286.25,692624
444,2024-11-25T13:00:00+05:30,1286.25,1290.9,1284.1,1289.1,434647
445,2024-11-25T13:15:00+05:30,1289.1,1293.3,1288.6,1292.4,415574
446,2024-11-25T13:30:00+05:30,1292.35,1293.05,1285.85,1286.0,373570
447,2024-11-25T13:45:00+05:30,1285.95,1289.4,1285.15,1289.25,289264
448,2024-11-25T14:00:00+05:30,1289.2,1291.75,1287.95,1289.95,295824
449,2024-11-25T14:15:00+05:30,1289.8,1291.65,1288.65,1289.45,306851
450,2024-11-25T14:30:00+05:30,1289.45,1293.55,1287.0,1293.3,470795
451,2024-11-25T14:45:00+05:30,1293.3,1294.3,1290.45,1291.55,396875
452,2024-11-25T15:00:00+05:30,1291.6,1293.9,1282.45,1287.25,7729585
453,2024-11-25T15:15:00+05:30,1287.25,1292.0,1285.0,1290.95,6213844
454,2024-11-26T09:15:00+05:30,1294.1,1294.1,1287.2,1290.95,1255423
455,2024-11-26T09:30:00+05:30,1290.95,1291.4,1285.35,1285.95,479894
456,2024-11-26T09:45:00+05:30,1285.9,1288.95,1284.2,1285.05,372979
457,2024-11-26T10:00:00+05:30,1285.2,1290.95,1285.05,1288.9,282003
458,2024-11-26T10:15:00+05:30,1288.9,1289.95,1285.0,1289.4,252577
459,2024-11-26T10:30:00+05:30,1289.4,1290.0,1287.05,1289.5,201745
460,2024-11-26T10:45:00+05:30,1289.3,1297.65,1289.0,1296.0,551417
461,2024-11-26T11:00:00+05:30,1295.9,1296.0,1292.2,1293.1,290952
462,2024-11-26T11:15:00+05:30,1293.1,1293.3,1291.0,1292.1,174996
463,2024-11-26T11:30:00+05:30,1292.1,1294.95,1291.5,1293.75,161607
464,2024-11-26T11:45:00+05:30,1293.75,1295.4,1292.05,1292.45,190140
465,2024-11-26T12:00:00+05:30,1292.45,1294.3,1291.8,1293.0,231611
466,2024-11-26T12:15:00+05:30,1292.7,1293.35,1288.5,1289.6,264145
467,2024-11-26T12:30:00+05:30,1289.65,1290.85,1288.5,1290.4,187292
468,2024-11-26T12:45:00+05:30,1290.0,1292.0,1289.7,1291.0,156628
469,2024-11-26T13:00:00+05:30,1290.9,1291.95,1289.25,1290.2,194398
470,2024-11-26T13:15:00+05:30,1290.05,1291.9,1289.0,1289.05,155236
471,2024-11-26T13:30:00+05:30,1289.05,1290.0,1286.05,1289.95,324619
472,2024-11-26T13:45:00+05:30,1289.7,1291.9,1288.7,1291.85,172290
473,2024-11-26T14:00:00+05:30,1291.7,1292.3,1289.25,1291.25,306674
474,2024-11-26T14:15:00+05:30,1291.2,1293.0,1290.55,1290.9,262975
475,2024-11-26T14:30:00+05:30,1291.3,1295.9,1290.1,1295.35,350107
476,2024-11-26T14:45:00+05:30,1295.35,1297.85,1295.0,1297.0,481637
477,2024-11-26T15:00:00+05:30,1297.0,1297.2,1292.7,1296.55,869126
478,2024-11-26T15:15:00+05:30,1296.55,1296.8,1294.85,1295.6,997763
479,2024-11-27T09:15:00+05:30,1293.0,1293.45,1286.1,1289.75,966586
480,2024-11-27T09:30:00+05:30,1289.75,1291.3,1286.0,1286.75,487531
481,2024-11-27T09:45:00+05:30,1286.75,1292.75,1286.1,1291.8,778158
482,2024-11-27T10:00:00+05:30,1291.75,1294.0,1289.65,1291.5,303402
483,2024-11-27T10:15:00+05:30,1291.5,1292.0,1290.3,1291.35,168954
484,2024-11-27T10:30:00+05:30,1291.3,1291.9,1289.1,1289.8,195355
485,2024-11-27T10:45:00+05:30,1289.8,1292.8,1289.5,1292.75,194961
486,2024-11-27T11:00:00+05:30,1292.55,1295.6,1292.05,1294.2,257560
487,2024-11-27T11:15:00+05:30,1294.25,1294.3,1293.0,1294.3,162355
488,2024-11-27T11:30:00+05:30,1294.25,1295.35,1292.2,1292.5,280047
489,2024-11-27T11:45:00+05:30,1292.4,1292.65,1288.55,1290.7,483555
490,2024-11-27T12:00:00+05:30,1290.7,1292.55,1289.0,1291.2,246776
491,2024-11-27T12:15:00+05:30,1291.2,1294.5,1291.0,1293.7,205874
492,2024-11-27T12:30:00+05:30,1293.6,1298.9,1293.1,1297.7,448677
493,2024-11-27T12:45:00+05:30,1297.7,1298.25,1294.65,1297.9,274201
494,2024-11-27T13:00:00+05:30,1298.0,1301.0,1297.5,1299.95,390738
495,2024-11-27T13:15:00+05:30,1299.9,1303.85,1299.5,1301.65,476813
496,2024-11-27T13:30:00+05:30,1301.85,1301.85,1298.35,1299.8,251762
497,2024-11-27T13:45:00+05:30,1299.8,1301.9,1295.0,1298.35,446709
498,2024-11-27T14:00:00+05:30,1298.35,1299.25,1295.1,1296.1,303232
499,2024-11-27T14:15:00+05:30,1295.9,1298.7,1295.0,1298.05,375025
500,2024-11-27T14:30:00+05:30,1298.25,1298.6,1295.2,1296.1,329508
501,2024-11-27T14:45:00+05:30,1296.1,1296.45,1294.5,1294.85,326865
502,2024-11-27T15:00:00+05:30,1294.8,1294.8,1291.3,1293.6,498994
503,2024-11-27T15:15:00+05:30,1293.6,1294.25,1292.5,1293.4,569661
504,2024-11-28T09:15:00+05:30,1289.9,1293.2,1286.55,1290.3,947666
505,2024-11-28T09:30:00+05:30,1290.2,1292.4,1289.5,1292.2,416316
506,2024-11-28T09:45:00+05:30,1292.05,1292.45,1290.3,1291.55,370739
507,2024-11-28T10:00:00+05:30,1291.35,1295.6,1291.25,1292.4,470118
508,2024-11-28T10:15:00+05:30,1292.7,1296.6,1292.0,1295.05,380990
509,2024-11-28T10:30:00+05:30,1295.05,1295.5,1283.4,1285.85,1345275
510,2024-11-28T10:45:00+05:30,1285.85,1287.9,1283.1,1287.6,360730
511,2024-11-28T11:00:00+05:30,1287.6,1287.85,1283.5,1284.45,263747
512,2024-11-28T11:15:00+05:30,1284.4,1284.9,1282.05,1282.9,325880
513,2024-11-28T11:30:00+05:30,1282.9,1283.7,1281.0,1282.7,334176
514,2024-11-28T11:45:00+05:30,1282.7,1288.7,1282.1,1285.0,369631
515,2024-11-28T12:00:00+05:30,1284.85,1286.75,1283.5,1285.9,233340
516,2024-11-28T12:15:00+05:30,1285.9,1286.7,1284.25,1286.3,226144
517,2024-11-28T12:30:00+05:30,1286.25,1286.35,1281.35,1283.1,452247
518,2024-11-28T12:45:00+05:30,1283.0,1283.3,1278.0,1278.5,589949
519,2024-11-28T13:00:00+05:30,1278.5,1280.4,1278.0,1279.75,353634
520,2024-11-28T13:15:00+05:30,1279.6,1280.25,1278.85,1279.35,350684
521,2024-11-28T13:30:00+05:30,1279.35,1279.55,1275.1,1277.5,411499
522,2024-11-28T13:45:00+05:30,1277.5,1280.5,1274.7,1280.0,430726
523,2024-11-28T14:00:00+05:30,1279.7,1283.9,1273.5,1276.85,822938
524,2024-11-28T14:15:00+05:30,1277.0,1278.45,1273.4,1277.2,617163
525,2024-11-28T14:30:00+05:30,1277.2,1279.9,1273.25,1273.75,721033
526,2024-11-28T14:45:00+05:30,1274.35,1274.6,1272.05,1273.0,772565
527,2024-11-28T15:00:00+05:30,1272.9,1272.95,1269.2,1269.7,1635504
528,2024-11-28T15:15:00+05:30,1269.7,1273.9,1269.05,1272.75,1588466
529,2024-11-29T09:15:00+05:30,1280.05,1281.95,1275.25,1281.45,946390
530,2024-11-29T09:30:00+05:30,1281.45,1283.0,1278.25,1278.85,412126
531,2024-11-29T09:45:00+05:30,1278.85,1283.75,1278.5,1283.75,266980
532,2024-11-29T10:00:00+05:30,1283.6,1284.6,1279.5,1279.8,383935
533,2024-11-29T10:15:00+05:30,1279.8,1284.95,1279.0,1283.1,303856
534,2024-11-29T10:30:00+05:30,1283.05,1293.0,1282.75,1289.05,652888
535,2024-11-29T10:45:00+05:30,1289.05,1298.75,1288.9,1297.85,861835
536,2024-11-29T11:00:00+05:30,1297.65,1299.5,1296.05,1297.1,540843
537,2024-11-29T11:15:00+05:30,1297.1,1298.75,1295.2,1298.1,280678
538,2024-11-29T11:30:00+05:30,1298.1,1298.9,1294.2,1294.9,261948
539,2024-11-29T11:45:00+05:30,1294.8,1295.6,1292.05,1292.9,236069
540,2024-11-29T12:00:00+05:30,1292.8,1295.9,1292.0,1295.45,176475
541,2024-11-29T12:15:00+05:30,1295.45,1296.15,1292.25,1293.45,198298
542,2024-11-29T12:30:00+05:30,1293.45,1293.5,1291.05,1291.2,298632
543,2024-11-29T12:45:00+05:30,1291.15,1293.8,1290.4,1292.95,213573
544,2024-11-29T13:00:00+05:30,1292.95,1294.5,1291.1,1294.15,202574
545,2024-11-29T13:15:00+05:30,1294.15,1298.8,1293.5,1296.5,442576
546,2024-11-29T13:30:00+05:30,1296.45,1298.35,1294.8,1295.4,439836
547,2024-11-29T13:45:00+05:30,1295.05,1295.7,1292.25,1292.85,284286
548,2024-11-29T14:00:00+05:30,1292.6,1293.45,1290.15,1290.7,337231
549,2024-11-29T14:15:00+05:30,1290.7,1293.5,1289.75,1292.2,463992
550,2024-11-29T14:30:00+05:30,1292.5,1295.75,1291.35,1293.7,669713
551,2024-11-29T14:45:00+05:30,1293.65,1294.8,1291.0,1293.1,430653
552,2024-11-29T15:00:00+05:30,1293.1,1294.8,1290.4,1292.55,1970925
553,2024-11-29T15:15:00+05:30,1292.55,1293.7,1289.75,1291.5,1703242
554,2024-12-02T09:15:00+05:30,1289.0,1291.4,1277.05,1278.8,1149774
555,2024-12-02T09:30:00+05:30,1278.8,1285.5,1278.65,1285.2,520358
556,2024-12-02T09:45:00+05:30,1285.1,1287.0,1282.45,1286.0,446808
557,2024-12-02T10:00:00+05:30,1285.85,1288.75,1283.8,1286.7,250104
558,2024-12-02T10:15:00+05:30,1286.75,1295.6,1286.5,1293.95,538856
559,2024-12-02T10:30:00+05:30,1293.95,1294.7,1290.0,1292.65,234907
560,2024-12-02T10:45:00+05:30,1292.75,1296.0,1291.55,1292.0,231708
561,2024-12-02T11:00:00+05:30,1291.65,1294.15,1291.25,1293.3,150215
562,2024-12-02T11:15:00+05:30,1293.3,1297.45,1292.6,1295.25,302558
563,2024-12-02T11:30:00+05:30,1295.45,1297.5,1292.85,1296.2,233761
564,2024-12-02T11:45:00+05:30,1296.2,1297.0,1293.6,1297.0,158834
565,2024-12-02T12:00:00+05:30,1296.9,1297.8,1293.1,1293.15,151274
566,2024-12-02T12:15:00+05:30,1293.1,1297.95,1292.65,1297.55,218071
567,2024-12-02T12:30:00+05:30,1297.45,1301.0,1295.5,1300.4,445338
568,2024-12-02T12:45:00+05:30,1300.4,1302.5,1298.4,1300.1,345341
569,2024-12-02T13:00:00+05:30,1300.1,1300.6,1298.5,1299.65,221818
570,2024-12-02T13:15:00+05:30,1299.65,1304.2,1299.05,1300.35,430768
571,2024-12-02T13:30:00+05:30,1300.35,1307.0,1300.0,1306.35,516677
572,2024-12-02T13:45:00+05:30,1306.35,1307.0,1303.2,1307.0,287225
573,2024-12-02T14:00:00+05:30,1307.0,1309.6,1306.65,1308.55,460255
574,2024-12-02T14:15:00+05:30,1308.55,1309.45,1306.05,1308.3,347183
575,2024-12-02T14:30:00+05:30,1308.2,1310.45,1308.2,1310.3,587760
576,2024-12-02T14:45:00+05:30,1310.1,1311.0,1306.25,1307.65,386125
577,2024-12-02T15:00:00+05:30,1307.65,1310.2,1307.0,1308.15,1046287
578,2024-12-02T15:15:00+05:30,1308.05,1311.35,1306.55,1310.6,1205445
579,2024-12-03T09:15:00+05:30,1317.0,1317.0,1309.0,1309.7,1448803
580,2024-12-03T09:30:00+05:30,1309.95,1314.9,1307.0,1314.15,635283
581,2024-12-03T09:45:00+05:30,1314.15,1318.0,1313.1,1317.9,947303
582,2024-12-03T10:00:00+05:30,1317.95,1319.0,1315.95,1316.05,594676
583,2024-12-03T10:15:00+05:30,1316.15,1320.9,1315.75,1320.4,630775
584,2024-12-03T10:30:00+05:30,1320.5,1323.8,1320.35,1322.6,684876
585,2024-12-03T10:45:00+05:30,1322.5,1324.45,1320.85,1322.45,951027
586,2024-12-03T11:00:00+05:30,1322.45,1323.45,1320.2,1320.95,458508
587,2024-12-03T11:15:00+05:30,1320.95,1323.45,1320.45,1322.35,282994
588,2024-12-03T11:30:00+05:30,1322.35,1326.8,1322.2,1324.1,670140
589,2024-12-03T11:45:00+05:30,1324.1,1325.9,1322.0,1325.55,541294
590,2024-12-03T12:00:00+05:30,1325.45,1325.8,1322.15,1323.95,478500
591,2024-12-03T12:15:00+05:30,1324.15,1324.9,1319.2,1320.0,531494
592,2024-12-03T12:30:00+05:30,1319.95,1324.75,1319.7,1324.45,326514
593,2024-12-03T12:45:00+05:30,1324.4,1325.0,1323.55,1324.7,275805
594,2024-12-03T13:00:00+05:30,1324.65,1324.8,1323.0,1323.15,220236
595,2024-12-03T13:15:00+05:30,1323.1,1323.9,1321.5,1321.75,260982
596,2024-12-03T13:30:00+05:30,1321.7,1325.35,1321.25,1323.5,374017
597,2024-12-03T13:45:00+05:30,1323.4,1325.5,1323.2,1324.45,707747
598,2024-12-03T14:00:00+05:30,1324.6,1325.0,1321.5,1322.0,532942
599,2024-12-03T14:15:00+05:30,1322.0,1322.75,1319.7,1320.1,670356
600,2024-12-03T14:30:00+05:30,1320.15,1321.85,1319.35,1321.75,875339
601,2024-12-03T14:45:00+05:30,1321.75,1323.0,1321.2,1322.6,499071
602,2024-12-03T15:00:00+05:30,1322.55,1324.25,1321.15,1324.15,1375554
603,2024-12-03T15:15:00+05:30,1324.15,1325.15,1321.4,1325.05,1690767
604,2024-12-04T09:15:00+05:30,1326.5,1328.4,1315.45,1319.0,771287
605,2024-12-04T09:30:00+05:30,1319.0,1319.05,1315.1,1317.0,573141
606,2024-12-04T09:45:00+05:30,1317.0,1318.85,1313.4,1317.7,427787
607,2024-12-04T10:00:00+05:30,1317.5,1319.0,1315.95,1317.75,237351
608,2024-12-04T10:15:00+05:30,1317.75,1318.0,1312.65,1314.6,317057
609,2024-12-04T10:30:00+05:30,1314.45,1315.9,1313.1,1313.25,188718
610,2024-12-04T10:45:00+05:30,1313.25,1316.0,1311.3,1313.4,4891466
611,2024-12-04T11:00:00+05:30,1313.4,1314.0,1311.3,1312.05,985070
612,2024-12-04T11:15:00+05:30,1312.0,1313.95,1311.75,1313.8,178717
613,2024-12-04T11:30:00+05:30,1313.7,1315.5,1313.45,1314.05,193805
614,2024-12-04T11:45:00+05:30,1314.15,1314.2,1305.5,1309.45,611690
615,2024-12-04T12:00:00+05:30,1309.45,1312.35,1305.8,1310.4,4024256
616,2024-12-04T12:15:00+05:30,1310.4,1313.0,1310.0,1312.7,264755
617,2024-12-04T12:30:00+05:30,1312.7,1312.75,1308.25,1308.9,211065
618,2024-12-04T12:45:00+05:30,1308.95,1312.0,1308.6,1311.1,253156
619,2024-12-04T13:00:00+05:30,1311.05,1311.7,1309.1,1309.4,345646
620,2024-12-04T13:15:00+05:30,1309.3,1310.0,1308.0,1309.55,310538
621,2024-12-04T13:30:00+05:30,1309.55,1313.65,1309.1,1311.4,434187
622,2024-12-04T13:45:00+05:30,1311.2,1313.5,1311.0,1312.95,260361
623,2024-12-04T14:00:00+05:30,1313.05,1313.25,1311.05,1311.4,221191
624,2024-12-04T14:15:00+05:30,1311.45,1311.7,1306.25,1307.95,477081
625,2024-12-04T14:30:00+05:30,1307.95,1307.95,1305.1,1306.65,524718
626,2024-12-04T14:45:00+05:30,1306.65,1306.7,1304.05,1306.0,613867
627,2024-12-04T15:00:00+05:30,1306.0,1310.8,1304.7,1307.9,1074459
628,2024-12-04T15:15:00+05:30,1307.85,1310.8,1306.0,1309.5,1070780
629,2024-12-05T09:15:00+05:30,1314.0,1320.45,1306.8,1313.5,1147919
630,2024-12-05T09:30:00+05:30,1313.45,1315.95,1310.4,1313.1,363261
631,2024-12-05T09:45:00+05:30,1313.1,1314.0,1307.05,1311.35,430046
632,2024-12-05T10:00:00+05:30,1311.35,1312.9,1307.6,1307.95,223776
633,2024-12-05T10:15:00+05:30,1307.9,1311.5,1306.15,1310.95,365479
634,2024-12-05T10:30:00+05:30,1310.95,1312.9,1309.5,1312.2,209555
635,2024-12-05T10:45:00+05:30,1312.2,1314.95,1306.3,1309.65,452434
636,2024-12-05T11:00:00+05:30,1309.5,1311.85,1308.4,1310.6,266633
637,2024-12-05T11:15:00+05:30,1310.7,1311.35,1308.55,1309.9,183588
638,2024-12-05T11:30:00+05:30,1309.9,1310.0,1307.1,1309.3,131400
639,2024-12-05T11:45:00+05:30,1309.75,1311.95,1309.0,1311.95,193307
640,2024-12-05T12:00:00+05:30,1311.6,1322.9,1311.35,1321.55,1248566
641,2024-12-05T12:15:00+05:30,1321.7,1324.75,1320.1,1321.85,833051
642,2024-12-05T12:30:00+05:30,1321.85,1322.8,1318.65,1320.5,316025
643,2024-12-05T12:45:00+05:30,1320.5,1321.0,1318.0,1319.4,211628
644,2024-12-05T13:00:00+05:30,1319.5,1321.85,1318.05,1321.25,235183
645,2024-12-05T13:15:00+05:30,1321.25,1322.45,1316.45,1317.0,422891
646,2024-12-05T13:30:00+05:30,1317.0,1322.95,1316.95,1320.95,575070
647,2024-12-05T13:45:00+05:30,1320.95,1323.0,1319.45,1322.55,302347
648,2024-12-05T14:00:00+05:30,1322.35,1325.65,1320.0,1323.35,746404
649,2024-12-05T14:15:00+05:30,1323.35,1328.0,1323.05,1327.95,1058797
650,2024-12-05T14:30:00+05:30,1327.9,1329.9,1324.2,1327.9,1482285
651,2024-12-05T14:45:00+05:30,1327.9,1329.95,1312.2,1314.25,2103144
652,2024-12-05T15:00:00+05:30,1314.25,1326.0,1313.3,1323.45,2020220
653,2024-12-05T15:15:00+05:30,1323.35,1325.55,1320.05,1320.9,1149723
654,2024-12-06T09:15:00+05:30,1323.9,1323.9,1315.65,1317.3,569275
655,2024-12-06T09:30:00+05:30,1317.0,1319.5,1315.05,1319.2,266257
656,2024-12-06T09:45:00+05:30,1319.1,1319.35,1315.05,1316.1,249130
657,2024-12-06T10:00:00+05:30,1316.35,1319.5,1314.25,1315.75,373204
658,2024-12-06T10:15:00+05:30,1316.1,1317.4,1314.15,1315.45,337085
659,2024-12-06T10:30:00+05:30,1315.45,1317.1,1314.2,1317.0,202676
660,2024-12-06T10:45:00+05:30,1317.0,1319.35,1315.65,1317.85,281031
661,2024-12-06T11:00:00+05:30,1317.85,1320.7,1317.1,1317.4,230475
662,2024-12-06T11:15:00+05:30,1317.4,1318.3,1316.05,1316.35,316598
663,2024-12-06T11:30:00+05:30,1316.4,1317.3,1314.0,1315.5,349713
664,2024-12-06T11:45:00+05:30,1315.5,1317.45,1315.05,1316.7,258545
665,2024-12-06T12:00:00+05:30,1316.7,1317.2,1315.1,1316.1,219340
666,2024-12-06T12:15:00+05:30,1316.05,1316.8,1315.0,1316.5,143021
667,2024-12-06T12:30:00+05:30,1316.5,1318.2,1316.0,1317.65,127455
668,2024-12-06T12:45:00+05:30,1317.65,1318.2,1315.5,1315.95,164921
669,2024-12-06T13:00:00+05:30,1315.95,1316.4,1315.1,1315.6,200255
670,2024-12-06T13:15:00+05:30,1315.7,1315.9,1313.1,1313.35,321620
671,2024-12-06T13:30:00+05:30,1313.35,1314.25,1311.0,1312.75,353095
672,2024-12-06T13:45:00+05:30,1312.75,1313.35,1311.0,1312.0,181847
673,2024-12-06T14:00:00+05:30,1312.0,1314.0,1311.5,1312.85,241254
674,2024-12-06T14:15:00+05:30,1313.2,1313.45,1310.55,1311.75,282338
675,2024-12-06T14:30:00+05:30,1311.75,1313.5,1310.0,1313.5,330202
676,2024-12-06T14:45:00+05:30,1313.35,1314.9,1311.7,1311.8,476725
677,2024-12-06T15:00:00+05:30,1311.8,1313.8,1310.0,1312.0,1335753
678,2024-12-06T15:15:00+05:30,1312.15,1312.9,1310.7,1311.6,1114770
679,2024-12-09T09:15:00+05:30,1303.2,1315.0,1303.0,1311.05,1582122
680,2024-12-09T09:30:00+05:30,1311.05,1313.75,1309.2,1312.0,705943
681,2024-12-09T09:45:00+05:30,1312.0,1314.75,1309.15,1309.25,620445
682,2024-12-09T10:00:00+05:30,1309.75,1310.1,1307.0,1307.1,470096
683,2024-12-09T10:15:00+05:30,1307.15,1310.2,1307.0,1309.3,502389
684,2024-12-09T10:30:00+05:30,1309.3,1309.9,1308.1,1308.2,413015
685,2024-12-09T10:45:00+05:30,1308.2,1310.95,1307.7,1308.2,571027
686,2024-12-09T11:00:00+05:30,1308.2,1309.85,1306.4,1307.95,520420
687,2024-12-09T11:15:00+05:30,1307.95,1309.65,1306.25,1309.55,489167
688,2024-12-09T11:30:00+05:30,1309.55,1310.05,1308.05,1309.6,400054
689,2024-12-09T11:45:00+05:30,1309.6,1310.05,1307.6,1309.2,305042
690,2024-12-09T12:00:00+05:30,1309.2,1310.0,1308.05,1309.65,319271
691,2024-12-09T12:15:00+05:30,1309.5,1311.65,1308.15,1308.3,345222
692,2024-12-09T12:30:00+05:30,1308.3,1308.45,1305.2,1305.65,338855
693,2024-12-09T12:45:00+05:30,1305.55,1306.8,1305.0,1305.4,254027
694,2024-12-09T13:00:00+05:30,1305.5,1305.75,1304.35,1305.35,414022
695,2024-12-09T13:15:00+05:30,1305.35,1305.7,1303.5,1303.6,310920
696,2024-12-09T13:30:00+05:30,1303.6,1304.6,1301.6,1302.4,448467
697,2024-12-09T13:45:00+05:30,1302.4,1302.55,1301.05,1301.25,450652
698,2024-12-09T14:00:00+05:30,1301.3,1301.5,1298.35,1299.0,637805
699,2024-12-09T14:15:00+05:30,1299.0,1299.0,1297.0,1297.55,443090
700,2024-12-09T14:30:00+05:30,1297.5,1298.85,1296.05,1297.75,487189
701,2024-12-09T14:45:00+05:30,1297.75,1300.9,1295.0,1295.75,540703
702,2024-12-09T15:00:00+05:30,1295.7,1296.1,1293.5,1293.55,1427474
703,2024-12-09T15:15:00+05:30,1293.55,1296.95,1293.1,1296.4,1442707
704,2024-12-10T09:15:00+05:30,1290.0,1294.9,1286.0,1288.5,1789798
705,2024-12-10T09:30:00+05:30,1288.5,1291.9,1288.05,1290.6,706010
706,2024-12-10T09:45:00+05:30,1290.45,1291.3,1288.65,1290.75,529142
707,2024-12-10T10:00:00+05:30,1290.9,1291.55,1288.15,1288.5,486173
708,2024-12-10T10:15:00+05:30,1288.5,1290.35,1287.35,1288.5,500285
709,2024-12-10T10:30:00+05:30,1288.5,1288.55,1286.0,1286.0,484162
710,2024-12-10T10:45:00+05:30,1286.0,1288.55,1285.6,1288.4,520937
711,2024-12-10T11:00:00+05:30,1288.2,1289.5,1287.55,1289.45,413885
712,2024-12-10T11:15:00+05:30,1289.45,1290.6,1289.0,1290.05,402467
713,2024-12-10T11:30:00+05:30,1290.05,1293.45,1290.0,1292.85,378194
714,2024-12-10T11:45:00+05:30,1292.8,1293.0,1288.5,1288.65,352040
715,2024-12-10T12:00:00+05:30,1288.65,1291.8,1288.2,1288.4,449862
716,2024-12-10T12:15:00+05:30,1288.45,1288.45,1285.0,1285.6,589246
717,2024-12-10T12:30:00+05:30,1285.55,1285.6,1281.7,1283.25,726597
718,2024-12-10T12:45:00+05:30,1283.25,1284.85,1282.4,1284.4,465954
719,2024-12-10T13:00:00+05:30,1284.45,1284.6,1282.0,1282.15,355310
720,2024-12-10T13:15:00+05:30,1282.2,1283.45,1280.7,1282.2,507411
721,2024-12-10T13:30:00+05:30,1282.15,1285.95,1281.0,1281.15,525059
722,2024-12-10T13:45:00+05:30,1281.15,1282.05,1280.2,1281.6,369470
723,2024-12-10T14:00:00+05:30,1281.5,1282.5,1280.7,1282.0,347055
724,2024-12-10T14:15:00+05:30,1282.0,1283.3,1281.05,1283.3,446059
725,2024-12-10T14:30:00+05:30,1283.2,1283.3,1281.0,1281.5,426465
726,2024-12-10T14:45:00+05:30,1281.45,1282.75,1281.15,1282.4,548852
727,2024-12-10T15:00:00+05:30,1282.5,1287.6,1282.4,1284.8,1891009
728,2024-12-10T15:15:00+05:30,1284.8,1286.25,1284.0,1285.95,1430219
729,2024-12-11T09:15:00+05:30,1285.05,1290.0,1285.05,1288.5,624857
730,2024-12-11T09:30:00+05:30,1288.4,1289.5,1284.3,1285.2,438452
731,2024-12-11T09:45:00+05:30,1285.2,1286.4,1283.3,1286.05,431667
732,2024-12-11T10:00:00+05:30,1285.95,1286.3,1283.0,1285.05,316014
733,2024-12-11T10:15:00+05:30,1285.0,1286.3,1281.0,1283.6,408934
734,2024-12-11T10:30:00+05:30,1283.6,1285.3,1281.55,1284.25,480722
735,2024-12-11T10:45:00+05:30,1284.25,1285.65,1283.25,1283.6,283414
736,2024-12-11T11:00:00+05:30,1283.6,1284.65,1282.25,1282.45,238434
737,2024-12-11T11:15:00+05:30,1282.25,1285.4,1281.75,1284.9,462706
738,2024-12-11T11:30:00+05:30,1284.7,1287.0,1283.0,1286.25,499067
739,2024-12-11T11:45:00+05:30,1286.4,1286.7,1285.0,1286.0,264487
740,2024-12-11T12:00:00+05:30,1286.0,1288.0,1283.8,1284.0,719932
741,2024-12-11T12:15:00+05:30,1283.95,1284.7,1282.6,1283.15,260398
742,2024-12-11T12:30:00+05:30,1283.15,1284.35,1282.0,1283.25,256136
743,2024-12-11T12:45:00+05:30,1283.15,1284.0,1281.6,1282.75,412569
744,2024-12-11T13:00:00+05:30,1282.9,1284.0,1282.1,1283.2,189350
745,2024-12-11T13:15:00+05:30,1283.2,1283.8,1281.9,1283.65,375396
746,2024-12-11T13:30:00+05:30,1283.5,1285.0,1279.7,1280.95,584560
747,2024-12-11T13:45:00+05:30,1281.15,1284.5,1280.9,1281.7,367649
748,2024-12-11T14:00:00+05:30,1281.65,1282.1,1279.15,1280.05,333079
749,2024-12-11T14:15:00+05:30,1280.2,1280.4,1278.7,1279.2,336203
750,2024-12-11T14:30:00+05:30,1279.05,1280.45,1276.85,1277.4,398473
751,2024-12-11T14:45:00+05:30,1277.4,1278.5,1276.05,1278.15,517709
752,2024-12-11T15:00:00+05:30,1278.15,1279.3,1277.6,1278.25,1139022
753,2024-12-11T15:15:00+05:30,1278.25,1279.25,1276.9,1279.0,1296632
754,2024-12-12T09:15:00+05:30,1271.9,1277.55,1271.75,1277.3,1330667
755,2024-12-12T09:30:00+05:30,1277.5,1278.2,1273.5,1274.3,397323
756,2024-12-12T09:45:00+05:30,1274.35,1275.0,1272.5,1274.4,350417
757,2024-12-12T10:00:00+05:30,1274.15,1274.35,1271.0,1271.05,433304
758,2024-12-12T10:15:00+05:30,1271.05,1273.0,1270.0,1270.65,473518
759,2024-12-12T10:30:00+05:30,1270.6,1271.4,1268.2,1268.55,546040
760,2024-12-12T10:45:00+05:30,1268.5,1270.55,1268.1,1268.15,493255
761,2024-12-12T11:00:00+05:30,1268.4,1269.75,1266.55,1269.25,674328
762,2024-12-12T11:15:00+05:30,1269.25,1270.0,1268.0,1268.15,390017
763,2024-12-12T11:30:00+05:30,1268.15,1269.4,1267.5,1268.85,389728
764,2024-12-12T11:45:00+05:30,1268.85,1269.0,1266.6,1267.45,348040
765,2024-12-12T12:00:00+05:30,1267.4,1267.45,1262.55,1263.0,512523
766,2024-12-12T12:15:00+05:30,1263.0,1264.4,1261.1,1262.8,327126
767,2024-12-12T12:30:00+05:30,1262.5,1266.0,1262.5,1264.7,398486
768,2024-12-12T12:45:00+05:30,1264.6,1265.65,1263.1,1263.55,319745
769,2024-12-12T13:00:00+05:30,1263.55,1270.0,1261.3,1265.7,3719974
770,2024-12-12T13:15:00+05:30,1265.25,1269.45,1262.2,1262.4,545109
771,2024-12-12T13:30:00+05:30,1262.4,1265.9,1261.25,1265.6,1827230
772,2024-12-12T13:45:00+05:30,1265.4,1268.1,1264.0,1264.65,528923
773,2024-12-12T14:00:00+05:30,1264.65,1266.8,1264.35,1265.85,401509
774,2024-12-12T14:15:00+05:30,1265.85,1266.8,1263.1,1264.6,492962
775,2024-12-12T14:30:00+05:30,1264.6,1264.9,1262.4,1263.0,414764
776,2024-12-12T14:45:00+05:30,1263.05,1263.7,1260.85,1262.95,1162649
777,2024-12-12T15:00:00+05:30,1262.95,1264.7,1261.75,1263.75,2454044
778,2024-12-12T15:15:00+05:30,1263.85,1264.0,1260.6,1261.3,1555293
779,2024-12-13T09:15:00+05:30,1260.65,1264.9,1253.0,1254.25,1602128
780,2024-12-13T09:30:00+05:30,1254.3,1255.65,1251.0,1252.35,875678
781,2024-12-13T09:45:00+05:30,1252.4,1252.5,1247.0,1247.75,883003
782,2024-12-13T10:00:00+05:30,1247.7,1248.0,1245.45,1246.15,425513
783,2024-12-13T10:15:00+05:30,1246.05,1246.15,1240.2,1243.15,3173981
784,2024-12-13T10:30:00+05:30,1243.1,1243.35,1239.6,1242.2,903714
785,2024-12-13T10:45:00+05:30,1242.15,1247.65,1239.7,1245.65,684136
786,2024-12-13T11:00:00+05:30,1245.65,1248.65,1244.0,1246.05,761732
787,2024-12-13T11:15:00+05:30,1245.95,1249.55,1245.0,1246.6,827941
788,2024-12-13T11:30:00+05:30,1246.45,1249.4,1245.0,1247.45,1695851
789,2024-12-13T11:45:00+05:30,1247.4,1253.2,1246.5,1252.9,1209715
790,2024-12-13T12:00:00+05:30,1252.7,1256.45,1249.35,1255.1,2241015
791,2024-12-13T12:15:00+05:30,1255.55,1263.05,1255.1,1259.6,1089914
792,2024-12-13T12:30:00+05:30,1259.5,1259.6,1254.0,1255.65,460425
793,2024-12-13T12:45:00+05:30,1255.6,1263.85,1254.1,1262.7,536983
794,2024-12-13T13:00:00+05:30,1262.65,1267.0,1260.4,1261.95,1034094
795,2024-12-13T13:15:00+05:30,1261.8,1267.4,1259.45,1267.4,843960
796,2024-12-13T13:30:00+05:30,1267.25,1272.6,1266.0,1270.85,1248565
797,2024-12-13T13:45:00+05:30,1270.95,1273.95,1268.45,1270.6,1289838
798,2024-12-13T14:00:00+05:30,1270.6,1274.0,1270.55,1272.55,876327
799,2024-12-13T14:15:00+05:30,1272.5,1273.9,1271.0,1273.2,570368
800,2024-12-13T14:30:00+05:30,1273.0,1274.0,1270.15,1270.9,1003370
801,2024-12-13T14:45:00+05:30,1270.85,1271.6,1269.3,1269.9,1248229
802,2024-12-13T15:00:00+05:30,1269.9,1275.0,1268.75,1272.75,1607674
803,2024-12-13T15:15:00+05:30,1272.75,1275.2,1271.75,1274.45,1332592
804,2024-12-16T09:15:00+05:30,1275.15,1281.0,1275.05,1278.55,936853
805,2024-12-16T09:30:00+05:30,1278.5,1280.0,1276.1,1277.9,464259
806,2024-12-16T09:45:00+05:30,1277.9,1278.9,1276.3,1276.3,322128
807,2024-12-16T10:00:00+05:30,1276.6,1277.0,1275.0,1276.25,229742
808,2024-12-16T10:15:00+05:30,1276.25,1276.25,1271.5,1272.0,313690
809,2024-12-16T10:30:00+05:30,1272.0,1273.95,1271.3,1273.1,302471
810,2024-12-16T10:45:00+05:30,1273.1,1275.35,1271.05,1271.3,294202
811,2024-12-16T11:00:00+05:30,1271.4,1272.75,1269.6,1270.55,393255
812,2024-12-16T11:15:00+05:30,1270.5,1272.25,1268.65,1271.2,423179
813,2024-12-16T11:30:00+05:30,1271.2,1272.4,1270.0,1270.3,305592
814,2024-12-16T11:45:00+05:30,1270.05,1273.3,1270.0,1271.1,386290
815,2024-12-16T12:00:00+05:30,1271.25,1271.5,1270.0,1270.0,266231
816,2024-12-16T12:15:00+05:30,1270.05,1272.45,1269.2,1271.05,475983
817,2024-12-16T12:30:00+05:30,1271.0,1271.95,1269.5,1271.5,344014
818,2024-12-16T12:45:00+05:30,1271.5,1272.0,1270.4,1271.9,128654
819,2024-12-16T13:00:00+05:30,1271.95,1272.65,1270.5,1271.45,355042
820,2024-12-16T13:15:00+05:30,1271.45,1271.5,1269.9,1269.9,625694
821,2024-12-16T13:30:00+05:30,1270.05,1270.25,1267.5,1269.65,279277
822,2024-12-16T13:45:00+05:30,1269.75,1269.95,1268.0,1268.8,223581
823,2024-12-16T14:00:00+05:30,1268.8,1269.95,1268.25,1268.9,188206
824,2024-12-16T14:15:00+05:30,1268.95,1269.0,1266.55,1267.45,208671
825,2024-12-16T14:30:00+05:30,1267.5,1269.7,1266.9,1268.5,265922
826,2024-12-16T14:45:00+05:30,1268.5,1270.0,1267.55,1269.1,353663
827,2024-12-16T15:00:00+05:30,1269.1,1269.95,1267.3,1268.75,658731
828,2024-12-16T15:15:00+05:30,1268.75,1268.95,1266.8,1268.4,657327
829,2024-12-17T09:15:00+05:30,1262.0,1263.9,1253.45,1257.2,1237333
830,2024-12-17T09:30:00+05:30,1257.2,1257.5,1254.0,1254.45,549938
831,2024-12-17T09:45:00+05:30,1254.45,1254.5,1251.35,1252.85,770477
832,2024-12-17T10:00:00+05:30,1252.8,1253.9,1251.5,1253.4,423547
833,2024-12-17T10:15:00+05:30,1253.4,1254.0,1249.0,1250.85,733519
834,2024-12-17T10:30:00+05:30,1250.85,1251.0,1248.0,1251.0,2788153
835,2024-12-17T10:45:00+05:30,1251.0,1253.9,1250.65,1253.4,630475
836,2024-12-17T11:00:00+05:30,1253.4,1253.8,1250.55,1251.0,308583
837,2024-12-17T11:15:00+05:30,1251.05,1253.0,1250.05,1250.25,356774
838,2024-12-17T11:30:00+05:30,1250.65,1250.95,1248.55,1249.3,546277
839,2024-12-17T11:45:00+05:30,1249.3,1250.4,1248.95,1249.35,396069
840,2024-12-17T12:00:00+05:30,1249.35,1250.0,1248.45,1248.6,427908
841,2024-12-17T12:15:00+05:30,1248.95,1249.5,1247.0,1249.3,576268
842,2024-12-17T12:30:00+05:30,1249.1,1251.9,1247.85,1248.15,453227
843,2024-12-17T12:45:00+05:30,1248.1,1250.1,1246.5,1249.95,407622
844,2024-12-17T13:00:00+05:30,1249.95,1250.4,1247.0,1248.1,468901
845,2024-12-17T13:15:00+05:30,1248.1,1249.3,1246.35,1246.7,427743
846,2024-12-17T13:30:00+05:30,1246.5,1248.0,1245.6,1246.85,394647
847,2024-12-17T13:45:00+05:30,1246.85,1247.95,1245.05,1246.7,466793
848,2024-12-17T14:00:00+05:30,1246.7,1247.25,1245.05,1245.35,498488
849,2024-12-17T14:15:00+05:30,1245.35,1246.3,1244.0,1244.7,607176
850,2024-12-17T14:30:00+05:30,1244.7,1246.25,1243.4,1245.65,595037
851,2024-12-17T14:45:00+05:30,1245.65,1246.0,1242.8,1244.0,726348
852,2024-12-17T15:00:00+05:30,1243.95,1247.0,1243.45,1245.95,1365133
853,2024-12-17T15:15:00+05:30,1245.9,1246.05,1243.95,1244.7,1147375
854,2024-12-18T09:15:00+05:30,1240.65,1252.55,1240.65,1252.3,1167081
855,2024-12-18T09:30:00+05:30,1252.3,1258.3,1251.5,1257.9,967666
856,2024-12-18T09:45:00+05:30,1257.9,1258.5,1251.0,1251.6,733037
857,2024-12-18T10:00:00+05:30,1251.6,1253.75,1250.0,1253.25,464324
858,2024-12-18T10:15:00+05:30,1253.25,1255.95,1251.8,1254.5,441648
859,2024-12-18T10:30:00+05:30,1254.5,1259.85,1254.25,1258.85,452401
860,2024-12-18T10:45:00+05:30,1258.9,1259.95,1253.2,1254.35,564874
861,2024-12-18T11:00:00+05:30,1254.45,1255.9,1253.1,1253.45,278602
862,2024-12-18T11:15:00+05:30,1253.45,1255.85,1251.9,1254.95,278298
863,2024-12-18T11:30:00+05:30,1254.9,1256.5,1254.0,1254.95,254568
864,2024-12-18T11:45:00+05:30,1254.9,1255.75,1253.1,1253.1,235593
865,2024-12-18T12:00:00+05:30,1253.1,1254.15,1251.2,1252.05,311613
866,2024-12-18T12:15:00+05:30,1252.05,1252.75,1247.25,1249.05,504754
867,2024-12-18T12:30:00+05:30,1249.05,1249.5,1245.85,1246.8,450515
868,2024-12-18T12:45:00+05:30,1246.8,1249.6,1245.55,1249.3,357022
869,2024-12-18T13:00:00+05:30,1249.55,1253.0,1248.9,1252.05,385637
870,2024-12-18T13:15:00+05:30,1252.05,1254.35,1251.75,1252.7,381409
871,2024-12-18T13:30:00+05:30,1252.7,1253.5,1251.3,1251.85,335412
872,2024-12-18T13:45:00+05:30,1251.55,1254.3,1251.25,1253.7,426531
873,2024-12-18T14:00:00+05:30,1253.65,1254.9,1252.9,1254.45,283286
874,2024-12-18T14:15:00+05:30,1254.4,1257.8,1253.8,1254.8,416782
875,2024-12-18T14:30:00+05:30,1254.8,1255.9,1254.0,1255.0,432413
876,2024-12-18T14:45:00+05:30,1255.0,1255.6,1253.6,1254.1,405853
877,2024-12-18T15:00:00+05:30,1254.45,1254.5,1252.0,1253.4,944748
878,2024-12-18T15:15:00+05:30,1253.35,1254.85,1252.0,1254.35,1041536
879,2024-12-19T09:15:00+05:30,1239.0,1244.4,1234.35,1235.9,1607376
880,2024-12-19T09:30:00+05:30,1235.9,1242.9,1234.4,1241.05,516097
881,2024-12-19T09:45:00+05:30,1241.05,1243.2,1239.0,1240.5,508353
882,2024-12-19T10:00:00+05:30,1240.85,1244.9,1238.25,1240.0,1497568
883,2024-12-19T10:15:00+05:30,1240.25,1241.8,1238.5,1239.5,305233
884,2024-12-19T10:30:00+05:30,1239.5,1241.85,1238.9,1241.35,219784
885,2024-12-19T10:45:00+05:30,1241.2,1241.55,1238.0,1238.5,184326
886,2024-12-19T11:00:00+05:30,1238.5,1238.95,1236.2,1237.7,394999
887,2024-12-19T11:15:00+05:30,1237.7,1239.5,1237.15,1238.15,274247
888,2024-12-19T11:30:00+05:30,1238.15,1238.35,1235.5,1237.45,378797
889,2024-12-19T11:45:00+05:30,1237.45,1238.1,1235.8,1237.75,399262
890,2024-12-19T12:00:00+05:30,1237.7,1239.05,1236.2,1238.8,420177
891,2024-12-19T12:15:00+05:30,1238.65,1240.0,1237.35,1238.1,392786
892,2024-12-19T12:30:00+05:30,1238.1,1238.35,1235.5,1235.75,319269
893,2024-12-19T12:45:00+05:30,1235.75,1236.0,1233.05,1233.95,747356
894,2024-12-19T13:00:00+05:30,1233.75,1235.0,1233.2,1234.15,443201
895,2024-12-19T13:15:00+05:30,1234.15,1234.2,1231.0,1231.6,410173
896,2024-12-19T13:30:00+05:30,1231.8,1232.35,1230.85,1231.55,310187
897,2024-12-19T13:45:00+05:30,1231.55,1232.45,1230.1,1231.6,371792
898,2024-12-19T14:00:00+05:30,1231.65,1233.15,1231.3,1231.35,337568
899,2024-12-19T14:15:00+05:30,1231.75,1231.85,1229.5,1231.25,661388
900,2024-12-19T14:30:00+05:30,1231.35,1233.0,1231.0,1231.5,529258
901,2024-12-19T14:45:00+05:30,1231.55,1233.55,1230.4,1230.9,545483
902,2024-12-19T15:00:00+05:30,1230.95,1232.7,1229.95,1230.2,1125044
903,2024-12-19T15:15:00+05:30,1230.25,1230.55,1229.0,1230.5,1249048
904,2024-12-20T09:15:00+05:30,1224.0,1232.85,1223.25,1230.4,874185
905,2024-12-20T09:30:00+05:30,1230.35,1239.5,1230.1,1237.5,541318
906,2024-12-20T09:45:00+05:30,1237.5,1237.6,1225.05,1226.15,763118
907,2024-12-20T10:00:00+05:30,1226.1,1228.0,1222.3,1224.7,480946
908,2024-12-20T10:15:00+05:30,1224.7,1230.0,1223.1,1228.4,400128
909,2024-12-20T10:30:00+05:30,1228.4,1234.9,1228.4,1233.15,442056
910,2024-12-20T10:45:00+05:30,1232.8,1237.0,1232.2,1234.4,289480
911,2024-12-20T11:00:00+05:30,1234.1,1235.3,1233.0,1234.0,148208
912,2024-12-20T11:15:00+05:30,1234.05,1235.0,1231.05,1233.0,391515
913,2024-12-20T11:30:00+05:30,1233.0,1234.0,1232.05,1233.4,221920
914,2024-12-20T11:45:00+05:30,1233.4,1235.0,1233.0,1234.55,173747
915,2024-12-20T12:00:00+05:30,1234.6,1235.3,1229.45,1230.0,355334
916,2024-12-20T12:15:00+05:30,1230.0,1230.0,1226.7,1228.0,441103
917,2024-12-20T12:30:00+05:30,1228.0,1228.75,1224.5,1225.0,470088
918,2024-12-20T12:45:00+05:30,1225.0,1225.75,1220.5,1221.45,558384
919,2024-12-20T13:00:00+05:30,1221.2,1222.0,1218.55,1219.8,580319
920,2024-12-20T13:15:00+05:30,1219.8,1220.65,1217.6,1220.1,597724
921,2024-12-20T13:30:00+05:30,1220.0,1221.0,1216.8,1217.35,540743
922,2024-12-20T13:45:00+05:30,1217.35,1217.75,1214.95,1216.1,570357
923,2024-12-20T14:00:00+05:30,1216.1,1216.1,1209.6,1211.15,1082793
924,2024-12-20T14:15:00+05:30,1211.15,1216.7,1210.1,1216.0,481069
925,2024-12-20T14:30:00+05:30,1216.0,1216.2,1212.5,1214.25,579040
926,2024-12-20T14:45:00+05:30,1214.25,1214.4,1212.0,1212.15,609194
927,2024-12-20T15:00:00+05:30,1212.05,1212.1,1202.3,1203.05,4614761
928,2024-12-20T15:15:00+05:30,1203.05,1207.0,1201.5,1206.0,3935936
929,2024-12-23T09:15:00+05:30,1215.0,1223.2,1213.6,1217.5,1522887
930,2024-12-23T09:30:00+05:30,1217.5,1220.65,1214.0,1219.55,402364
931,2024-12-23T09:45:00+05:30,1219.55,1221.0,1214.45,1215.8,288527
932,2024-12-23T10:00:00+05:30,1215.65,1219.85,1214.0,1218.2,317093
933,2024-12-23T10:15:00+05:30,1218.2,1219.85,1216.2,1219.15,562647
934,2024-12-23T10:30:00+05:30,1219.0,1221.4,1218.6,1219.3,426294
935,2024-12-23T10:45:00+05:30,1219.2,1223.0,1218.6,1222.3,339860
936,2024-12-23T11:00:00+05:30,1222.15,1224.5,1221.95,1223.85,315402
937,2024-12-23T11:15:00+05:30,1223.7,1226.35,1223.7,1225.85,373400
938,2024-12-23T11:30:00+05:30,1225.65,1227.2,1224.7,1225.9,274907
939,2024-12-23T11:45:00+05:30,1225.9,1226.9,1222.45,1223.15,239000
940,2024-12-23T12:00:00+05:30,1223.15,1224.5,1218.75,1220.05,385743
941,2024-12-23T12:15:00+05:30,1220.0,1220.8,1217.7,1218.1,318556
942,2024-12-23T12:30:00+05:30,1218.1,1219.1,1215.2,1218.75,380153
943,2024-12-23T12:45:00+05:30,1218.8,1219.6,1214.5,1215.3,344115
944,2024-12-23T13:00:00+05:30,1215.25,1218.0,1214.25,1215.0,252690
945,2024-12-23T13:15:00+05:30,1215.0,1216.5,1214.2,1214.95,264306
946,2024-12-23T13:30:00+05:30,1214.7,1218.05,1213.2,1217.9,309838
947,2024-12-23T13:45:00+05:30,1217.85,1218.7,1214.6,1215.5,186914
948,2024-12-23T14:00:00+05:30,1215.4,1219.0,1213.8,1218.7,222275
949,2024-12-23T14:15:00+05:30,1218.85,1222.0,1218.1,1221.35,307995
950,2024-12-23T14:30:00+05:30,1221.3,1224.5,1220.9,1221.75,289322
951,2024-12-23T14:45:00+05:30,1221.45,1222.3,1220.4,1221.5,187344
952,2024-12-23T15:00:00+05:30,1221.25,1223.0,1220.5,1222.95,643159
953,2024-12-23T15:15:00+05:30,1222.9,1223.9,1221.8,1223.85,812199
954,2024-12-24T09:15:00+05:30,1222.3,1227.5,1221.35,1226.0,600980
955,2024-12-24T09:30:00+05:30,1226.35,1228.0,1223.0,1227.9,309195
956,2024-12-24T09:45:00+05:30,1227.65,1229.05,1225.85,1228.65,290746
957,2024-12-24T10:00:00+05:30,1228.65,1229.2,1227.0,1227.25,186199
958,2024-12-24T10:15:00+05:30,1227.25,1231.0,1226.9,1230.85,305460
959,2024-12-24T10:30:00+05:30,1230.85,1233.55,1230.0,1230.45,679924
960,2024-12-24T10:45:00+05:30,1230.4,1232.1,1229.35,1230.2,161716
961,2024-12-24T11:00:00+05:30,1230.2,1232.5,1230.0,1230.6,135705
962,2024-12-24T11:15:00+05:30,1230.6,1232.6,1230.3,1232.45,157640
963,2024-12-24T11:30:00+05:30,1232.45,1232.9,1230.4,1231.3,212081
964,2024-12-24T11:45:00+05:30,1231.3,1232.0,1229.15,1229.55,200043
965,2024-12-24T12:00:00+05:30,1229.5,1229.8,1227.1,1227.65,162913
966,2024-12-24T12:15:00+05:30,1227.6,1227.95,1225.65,1227.3,228042
967,2024-12-24T12:30:00+05:30,1227.25,1229.0,1226.25,1227.95,198407
968,2024-12-24T12:45:00+05:30,1228.3,1229.9,1227.35,1228.0,185953
969,2024-12-24T13:00:00+05:30,1228.0,1229.7,1227.85,1229.0,192925
970,2024-12-24T13:15:00+05:30,1229.0,1230.6,1228.5,1229.1,246239
971,2024-12-24T13:30:00+05:30,1229.1,1229.75,1226.85,1227.4,210311
972,2024-12-24T13:45:00+05:30,1227.35,1227.55,1223.55,1224.6,342473
973,2024-12-24T14:00:00+05:30,1224.65,1225.95,1223.05,1225.4,188922
974,2024-12-24T14:15:00+05:30,1225.25,1225.65,1222.1,1224.35,235825
975,2024-12-24T14:30:00+05:30,1224.0,1224.75,1222.05,1223.25,188379
976,2024-12-24T14:45:00+05:30,1223.25,1225.3,1221.65,1223.3,318288
977,2024-12-24T15:00:00+05:30,1223.3,1223.4,1221.0,1221.85,320460
978,2024-12-24T15:15:00+05:30,1221.85,1224.5,1221.5,1224.2,413766
979,2024-12-26T09:15:00+05:30,1224.25,1227.7,1222.75,1224.8,660970
980,2024-12-26T09:30:00+05:30,1224.8,1225.6,1222.1,1223.8,319269
981,2024-12-26T09:45:00+05:30,1223.8,1224.9,1223.0,1223.5,144584
982,2024-12-26T10:00:00+05:30,1223.45,1223.8,1221.2,1221.5,203493
983,2024-12-26T10:15:00+05:30,1221.95,1222.6,1220.55,1220.8,147116
984,2024-12-26T10:30:00+05:30,1220.8,1221.85,1219.55,1221.5,230555
985,2024-12-26T10:45:00+05:30,1221.5,1221.8,1218.75,1220.85,216559
986,2024-12-26T11:00:00+05:30,1220.8,1222.8,1220.45,1222.45,149198
987,2024-12-26T11:15:00+05:30,1222.45,1222.6,1219.45,1221.85,213910
988,2024-12-26T11:30:00+05:30,1222.0,1222.9,1221.6,1222.7,190644
989,2024-12-26T11:45:00+05:30,1222.7,1223.6,1222.05,1223.5,175926
990,2024-12-26T12:00:00+05:30,1223.5,1224.0,1220.85,1220.85,238192
991,2024-12-26T12:15:00+05:30,1221.3,1224.4,1220.8,1224.35,267502
992,2024-12-26T12:30:00+05:30,1224.35,1224.9,1223.15,1224.5,221350
993,2024-12-26T12:45:00+05:30,1224.5,1224.95,1223.15,1223.9,141628
994,2024-12-26T13:00:00+05:30,1223.95,1224.2,1223.0,1223.6,204898
995,2024-12-26T13:15:00+05:30,1224.0,1224.15,1222.15,1222.65,121483
996,2024-12-26T13:30:00+05:30,1222.65,1223.1,1219.0,1222.15,663948
997,2024-12-26T13:45:00+05:30,1222.5,1223.4,1220.55,1220.8,195664
998,2024-12-26T14:00:00+05:30,1220.8,1221.5,1219.1,1219.4,222819
999,2024-12-26T14:15:00+05:30,1219.4,1220.2,1218.1,1219.0,283177
1000,2024-12-26T14:30:00+05:30,1219.0,1219.35,1215.0,1217.15,532196
1001,2024-12-26T14:45:00+05:30,1217.2,1219.85,1216.9,1218.9,784848
1002,2024-12-26T15:00:00+05:30,1218.9,1219.0,1216.5,1217.1,1333023
1003,2024-12-26T15:15:00+05:30,1217.1,1218.65,1214.25,1217.0,2103893
1004,2024-12-27T09:15:00+05:30,1218.7,1221.8,1217.0,1221.15,534163
1005,2024-12-27T09:30:00+05:30,1221.15,1222.0,1219.15,1221.85,235721
1006,2024-12-27T09:45:00+05:30,1221.75,1224.8,1221.6,1223.5,421331
1007,2024-12-27T10:00:00+05:30,1223.5,1225.0,1222.55,1223.4,241113
1008,2024-12-27T10:15:00+05:30,1223.7,1225.9,1222.1,1225.9,344368
1009,2024-12-27T10:30:00+05:30,1225.65,1227.9,1224.5,1225.5,344491
1010,2024-12-27T10:45:00+05:30,1225.5,1225.75,1223.65,1224.65,187359
1011,2024-12-27T11:00:00+05:30,1224.65,1225.0,1223.6,1224.0,75116
1012,2024-12-27T11:15:00+05:30,1224.0,1224.95,1222.4,1224.9,208851
1013,2024-12-27T11:30:00+05:30,1224.95,1225.95,1224.05,1225.9,291727
1014,2024-12-27T11:45:00+05:30,1225.95,1227.0,1225.55,1226.2,174398
1015,2024-12-27T12:00:00+05:30,1226.1,1226.8,1225.0,1225.4,166410
1016,2024-12-27T12:15:00+05:30,1225.35,1225.9,1224.15,1225.55,145482
1017,2024-12-27T12:30:00+05:30,1225.55,1226.15,1224.4,1225.75,208519
1018,2024-12-27T12:45:00+05:30,1225.6,1226.5,1225.0,1225.15,185749
1019,2024-12-27T13:00:00+05:30,1225.15,1226.45,1224.7,1225.05,227304
1020,2024-12-27T13:15:00+05:30,1225.0,1225.0,1223.2,1224.05,315566
1021,2024-12-27T13:30:00+05:30,1224.05,1224.6,1223.05,1223.55,226786
1022,2024-12-27T13:45:00+05:30,1223.5,1225.95,1223.4,1225.8,205936
1023,2024-12-27T14:00:00+05:30,1225.75,1225.95,1223.9,1224.25,201619
1024,2024-12-27T14:15:00+05:30,1224.25,1224.65,1222.5,1223.3,296979
1025,2024-12-27T14:30:00+05:30,1223.3,1223.5,1221.45,1222.25,226915
1026,2024-12-27T14:45:00+05:30,1222.0,1222.35,1218.65,1220.25,418649
1027,2024-12-27T15:00:00+05:30,1220.25,1223.1,1219.9,1221.05,593404
1028,2024-12-27T15:15:00+05:30,1221.05,1222.45,1220.0,1221.5,494940
1029,2024-12-30T09:15:00+05:30,1217.0,1220.5,1214.15,1216.9,738517
1030,2024-12-30T09:30:00+05:30,1216.9,1219.0,1215.95,1217.85,322461
1031,2024-12-30T09:45:00+05:30,1217.85,1220.75,1216.5,1216.95,341955
1032,2024-12-30T10:00:00+05:30,1216.95,1218.95,1216.1,1218.95,174432
1033,2024-12-30T10:15:00+05:30,1218.95,1219.6,1217.5,1219.6,125075
1034,2024-12-30T10:30:00+05:30,1219.6,1220.4,1218.0,1219.8,141166
1035,2024-12-30T10:45:00+05:30,1219.8,1221.7,1218.35,1218.5,282205
1036,2024-12-30T11:00:00+05:30,1218.35,1220.4,1217.2,1220.25,198422
1037,2024-12-30T11:15:00+05:30,1219.9,1221.5,1219.6,1221.2,122466
1038,2024-12-30T11:30:00+05:30,1221.2,1223.0,1221.1,1221.6,212035
1039,2024-12-30T11:45:00+05:30,1221.6,1223.2,1219.5,1220.05,291285
1040,2024-12-30T12:00:00+05:30,1220.0,1220.65,1218.5,1219.15,179301
1041,2024-12-30T12:15:00+05:30,1219.15,1219.9,1216.0,1216.55,189120
1042,2024-12-30T12:30:00+05:30,1216.55,1217.2,1215.25,1216.2,212659
1043,2024-12-30T12:45:00+05:30,1216.2,1217.65,1215.05,1215.9,207193
1044,2024-12-30T13:00:00+05:30,1215.95,1216.0,1214.3,1215.0,292229
1045,2024-12-30T13:15:00+05:30,1215.0,1215.95,1213.05,1213.7,232200
1046,2024-12-30T13:30:00+05:30,1213.95,1214.95,1212.3,1214.15,641211
1047,2024-12-30T13:45:00+05:30,1214.15,1214.4,1210.85,1212.25,419359
1048,2024-12-30T14:00:00+05:30,1212.25,1212.25,1210.0,1210.8,263065
1049,2024-12-30T14:15:00+05:30,1210.45,1211.6,1209.3,1209.9,264266
1050,2024-12-30T14:30:00+05:30,1209.9,1213.7,1209.9,1213.6,292678
1051,2024-12-30T14:45:00+05:30,1213.6,1213.6,1210.8,1212.5,280041
1052,2024-12-30T15:00:00+05:30,1212.55,1214.25,1208.75,1209.15,1001917
1053,2024-12-30T15:15:00+05:30,1209.2,1212.0,1208.1,1211.5,1296504
1054,2024-12-31T09:15:00+05:30,1207.8,1212.4,1206.6,1208.7,570225
1055,2024-12-31T09:30:00+05:30,1208.7,1213.9,1208.25,1210.55,233497
1056,2024-12-31T09:45:00+05:30,1210.55,1211.35,1208.0,1210.0,199291
1057,2024-12-31T10:00:00+05:30,1210.0,1211.1,1206.15,1206.95,202367
1058,2024-12-31T10:15:00+05:30,1207.0,1211.75,1207.0,1208.5,272054
1059,2024-12-31T10:30:00+05:30,1208.5,1211.0,1208.4,1210.4,125124
1060,2024-12-31T10:45:00+05:30,1210.4,1215.7,1209.4,1214.0,379691
1061,2024-12-31T11:00:00+05:30,1214.1,1216.95,1212.55,1216.45,222209
1062,2024-12-31T11:15:00+05:30,1216.4,1216.5,1213.15,1214.4,189052
1063,2024-12-31T11:30:00+05:30,1214.4,1214.95,1212.0,1214.85,155931
1064,2024-12-31T11:45:00+05:30,1214.75,1215.4,1211.4,1212.95,172436
1065,2024-12-31T12:00:00+05:30,1212.95,1213.95,1211.05,1211.75,135437
1066,2024-12-31T12:15:00+05:30,1211.75,1214.35,1211.0,1213.2,155970
1067,2024-12-31T12:30:00+05:30,1213.2,1213.5,1210.95,1212.0,158044
1068,2024-12-31T12:45:00+05:30,1211.95,1212.2,1210.05,1210.5,170663
1069,2024-12-31T13:00:00+05:30,1210.6,1212.0,1210.2,1211.4,122873
1070,2024-12-31T13:15:00+05:30,1211.4,1213.3,1210.9,1213.1,191984
1071,2024-12-31T13:30:00+05:30,1213.0,1216.7,1212.7,1215.0,226384
1072,2024-12-31T13:45:00+05:30,1215.1,1216.0,1214.05,1214.9,168733
1073,2024-12-31T14:00:00+05:30,1214.9,1219.1,1214.15,1217.55,417729
1074,2024-12-31T14:15:00+05:30,1217.75,1217.95,1213.3,1214.6,261674
1075,2024-12-31T14:30:00+05:30,1214.7,1215.7,1212.9,1214.8,267752
1076,2024-12-31T14:45:00+05:30,1214.7,1215.75,1214.0,1215.7,188691
1077,2024-12-31T15:00:00+05:30,1215.65,1216.45,1214.5,1215.5,431640
1078,2024-12-31T15:15:00+05:30,1215.5,1216.95,1214.0,1216.4,681663
1079,2025-01-01T09:15:00+05:30,1214.85,1217.0,1213.5,1216.3,273690
1080,2025-01-01T09:30:00+05:30,1216.3,1217.9,1215.05,1216.2,144949
1081,2025-01-01T09:45:00+05:30,1216.1,1216.4,1211.6,1213.0,179289
1082,2025-01-01T10:00:00+05:30,1212.75,1216.0,1212.1,1215.1,110797
1083,2025-01-01T10:15:00+05:30,1215.5,1216.9,1214.2,1216.4,196810
1084,2025-01-01T10:30:00+05:30,1216.0,1218.5,1215.8,1217.55,336409
1085,2025-01-01T10:45:00+05:30,1217.55,1221.0,1216.65,1220.4,248759
1086,2025-01-01T11:00:00+05:30,1220.3,1220.8,1219.25,1220.35,116282
1087,2025-01-01T11:15:00+05:30,1220.35,1222.55,1218.45,1219.9,189944
1088,2025-01-01T11:30:00+05:30,1219.75,1220.5,1217.05,1219.6,130453
1089,2025-01-01T11:45:00+05:30,1219.6,1220.5,1216.5,1217.8,102400
1090,2025-01-01T12:00:00+05:30,1217.8,1220.75,1217.45,1220.3,208129
1091,2025-01-01T12:15:00+05:30,1220.2,1225.4,1220.0,1223.9,581730
1092,2025-01-01T12:30:00+05:30,1223.9,1226.3,1223.1,1223.95,352450
1093,2025-01-01T12:45:00+05:30,1223.95,1225.95,1222.2,1222.6,279346
1094,2025-01-01T13:00:00+05:30,1222.6,1223.7,1221.0,1222.15,133649
1095,2025-01-01T13:15:00+05:30,1222.1,1223.7,1221.15,1221.55,90519
1096,2025-01-01T13:30:00+05:30,1221.4,1223.35,1221.0,1222.95,80565
1097,2025-01-01T13:45:00+05:30,1222.9,1223.9,1221.7,1222.85,186436
1098,2025-01-01T14:00:00+05:30,1223.05,1225.95,1222.95,1224.15,593570
1099,2025-01-01T14:15:00+05:30,1224.15,1224.3,1222.15,1223.65,182173
1100,2025-01-01T14:30:00+05:30,1223.65,1225.95,1223.05,1223.35,196726
1101,2025-01-01T14:45:00+05:30,1223.6,1223.65,1220.3,1220.9,256469
1102,2025-01-01T15:00:00+05:30,1221.0,1221.95,1219.65,1221.3,344818
1103,2025-01-01T15:15:00+05:30,1221.45,1223.0,1220.7,1222.75,350885
1104,2025-01-02T09:15:00+05:30,1221.65,1228.55,1221.6,1223.8,639409
1105,2025-01-02T09:30:00+05:30,1223.85,1225.9,1222.9,1224.95,222207
1106,2025-01-02T09:45:00+05:30,1225.0,1226.7,1223.0,1224.8,326738
1107,2025-01-02T10:00:00+05:30,1224.8,1225.25,1221.5,1221.65,261532
1108,2025-01-02T10:15:00+05:30,1221.65,1223.15,1220.0,1222.85,292815
1109,2025-01-02T10:30:00+05:30,1222.8,1224.5,1221.35,1223.45,168973
1110,2025-01-02T10:45:00+05:30,1223.45,1226.0,1223.15,1225.0,352640
1111,2025-01-02T11:00:00+05:30,1225.25,1226.65,1223.55,1225.5,377709
1112,2025-01-02T11:15:00+05:30,1225.6,1227.45,1224.65,1226.45,473855
1113,2025-01-02T11:30:00+05:30,1226.6,1229.0,1225.3,1228.05,410028
1114,2025-01-02T11:45:00+05:30,1228.1,1230.5,1227.3,1227.65,538485
1115,2025-01-02T12:00:00+05:30,1227.65,1230.0,1227.65,1228.85,249286
1116,2025-01-02T12:15:00+05:30,1228.8,1231.3,1227.35,1230.5,324878
1117,2025-01-02T12:30:00+05:30,1230.5,1233.1,1230.05,1231.35,803349
1118,2025-01-02T12:45:00+05:30,1231.45,1233.75,1230.5,1231.6,590734
1119,2025-01-02T13:00:00+05:30,1231.6,1235.0,1230.7,1232.55,758590
1120,2025-01-02T13:15:00+05:30,1232.55,1238.05,1232.3,1236.8,1614972
1121,2025-01-02T13:30:00+05:30,1236.4,1242.6,1235.05,1240.5,1289490
1122,2025-01-02T13:45:00+05:30,1240.5,1241.0,1237.5,1238.0,672497
1123,2025-01-02T14:00:00+05:30,1238.0,1240.1,1236.9,1237.1,771215
1124,2025-01-02T14:15:00+05:30,1237.1,1239.6,1236.55,1237.65,967403
1125,2025-01-02T14:30:00+05:30,1237.75,1240.45,1237.05,1240.4,748266
1126,2025-01-02T14:45:00+05:30,1240.4,1244.45,1240.0,1242.8,531099
1127,2025-01-02T15:00:00+05:30,1243.0,1243.7,1240.15,1241.5,1104159
1128,2025-01-02T15:15:00+05:30,1241.45,1242.5,1240.0,1240.55,972730
1129,2025-01-03T09:15:00+05:30,1243.15,1247.8,1235.5,1236.0,788401
1130,2025-01-03T09:30:00+05:30,1235.9,1241.85,1235.8,1240.1,1239771
1131,2025-01-03T09:45:00+05:30,1240.15,1241.25,1237.25,1237.75,318205
1132,2025-01-03T10:00:00+05:30,1237.6,1243.0,1237.3,1239.4,460147
1133,2025-01-03T10:15:00+05:30,1239.45,1243.4,1239.05,1242.35,327118
1134,2025-01-03T10:30:00+05:30,1242.3,1243.9,1240.0,1243.6,546950
1135,2025-01-03T10:45:00+05:30,1243.6,1245.45,1242.4,1243.4,439300
1136,2025-01-03T11:00:00+05:30,1243.15,1247.9,1242.6,1247.3,427656
1137,2025-01-03T11:15:00+05:30,1247.3,1252.7,1247.0,1250.0,900870
1138,2025-01-03T11:30:00+05:30,1249.85,1255.7,1249.5,1255.35,1129868
1139,2025-01-03T11:45:00+05:30,1255.2,1258.0,1254.3,1258.0,553780
1140,2025-01-03T12:00:00+05:30,1258.0,1259.7,1254.5,1257.1,433424
1141,2025-01-03T12:15:00+05:30,1257.1,1261.2,1255.95,1259.0,1080279
1142,2025-01-03T12:30:00+05:30,1259.05,1259.3,1255.15,1256.4,240008
1143,2025-01-03T12:45:00+05:30,1256.25,1257.75,1255.0,1257.3,278284
1144,2025-01-03T13:00:00+05:30,1257.3,1259.65,1256.4,1259.1,303342
1145,2025-01-03T13:15:00+05:30,1259.05,1261.8,1258.4,1260.85,504435
1146,2025-01-03T13:30:00+05:30,1260.8,1262.05,1259.3,1260.95,432882
1147,2025-01-03T13:45:00+05:30,1260.95,1261.0,1255.55,1256.45,378756
1148,2025-01-03T14:00:00+05:30,1256.45,1257.55,1253.75,1254.05,529346
1149,2025-01-03T14:15:00+05:30,1254.2,1254.95,1252.15,1253.2,422368
1150,2025-01-03T14:30:00+05:30,1253.45,1254.15,1251.0,1253.3,430800
1151,2025-01-03T14:45:00+05:30,1253.1,1255.25,1252.5,1253.45,530815
1152,2025-01-03T15:00:00+05:30,1253.15,1253.65,1248.75,1250.7,1254250
1153,2025-01-03T15:15:00+05:30,1250.65,1252.7,1249.1,1249.85,1356825
1154,2025-01-06T09:15:00+05:30,1253.95,1260.85,1248.0,1260.0,786404
1155,2025-01-06T09:30:00+05:30,1260.05,1262.0,1249.2,1249.5,569828
1156,2025-01-06T09:45:00+05:30,1249.5,1251.95,1245.0,1249.3,1304963
1157,2025-01-06T10:00:00+05:30,1249.4,1253.65,1248.25,1252.0,655005
1158,2025-01-06T10:15:00+05:30,1252.0,1253.65,1249.1,1249.65,864414
1159,2025-01-06T10:30:00+05:30,1250.0,1251.25,1245.3,1245.55,377746
1160,2025-01-06T10:45:00+05:30,1245.8,1245.85,1239.05,1240.5,634836
1161,2025-01-06T11:00:00+05:30,1240.6,1241.0,1231.6,1234.4,1007174
1162,2025-01-06T11:15:00+05:30,1234.4,1239.95,1231.35,1239.15,734123
1163,2025-01-06T11:30:00+05:30,1239.5,1240.2,1233.2,1233.2,377372
1164,2025-01-06T11:45:00+05:30,1233.15,1235.05,1223.75,1225.55,730859
1165,2025-01-06T12:00:00+05:30,1225.5,1231.65,1224.35,1230.75,554974
1166,2025-01-06T12:15:00+05:30,1230.95,1233.75,1229.5,1230.35,303176
1167,2025-01-06T12:30:00+05:30,1230.3,1236.0,1229.6,1233.3,244534
1168,2025-01-06T12:45:00+05:30,1233.3,1236.0,1231.9,1235.9,203785
1169,2025-01-06T13:00:00+05:30,1235.9,1236.95,1229.35,1230.65,274342
1170,2025-01-06T13:15:00+05:30,1230.35,1231.9,1228.25,1229.2,636707
1171,2025-01-06T13:30:00+05:30,1228.8,1230.3,1224.85,1228.8,426325
1172,2025-01-06T13:45:00+05:30,1228.3,1229.15,1225.25,1226.8,259382
1173,2025-01-06T14:00:00+05:30,1226.55,1228.35,1225.4,1225.65,274328
1174,2025-01-06T14:15:00+05:30,1225.5,1228.5,1225.05,1225.7,487119
1175,2025-01-06T14:30:00+05:30,1225.2,1226.1,1220.0,1220.4,721215
1176,2025-01-06T14:45:00+05:30,1220.4,1221.8,1218.4,1220.45,402713
1177,2025-01-06T15:00:00+05:30,1220.0,1221.15,1215.15,1215.6,884504
1178,2025-01-06T15:15:00+05:30,1215.6,1220.0,1215.0,1216.25,1018568
1179,2025-01-07T09:15:00+05:30,1222.05,1229.95,1221.25,1229.25,1189449
1180,2025-01-07T09:30:00+05:30,1229.4,1236.4,1228.5,1235.15,422849
1181,2025-01-07T09:45:00+05:30,1235.4,1235.7,1229.8,1231.6,386104
1182,2025-01-07T10:00:00+05:30,1231.65,1237.7,1230.8,1237.7,345594
1183,2025-01-07T10:15:00+05:30,1237.7,1241.2,1236.45,1241.15,370691
1184,2025-01-07T10:30:00+05:30,1240.95,1243.0,1239.5,1239.85,292323
1185,2025-01-07T10:45:00+05:30,1239.9,1241.7,1237.5,1238.8,161099
1186,2025-01-07T11:00:00+05:30,1239.0,1239.95,1238.0,1239.9,112115
1187,2025-01-07T11:15:00+05:30,1239.9,1240.75,1238.9,1239.8,119288
1188,2025-01-07T11:30:00+05:30,1239.65,1241.85,1239.1,1240.85,131296
1189,2025-01-07T11:45:00+05:30,1240.9,1242.2,1240.1,1240.2,136443
1190,2025-01-07T12:00:00+05:30,1240.2,1240.2,1238.0,1239.7,181828
1191,2025-01-07T12:15:00+05:30,1239.65,1240.1,1237.55,1238.2,218673
1192,2025-01-07T12:30:00+05:30,1238.3,1241.0,1238.05,1240.85,232366
1193,2025-01-07T12:45:00+05:30,1240.85,1241.95,1240.05,1240.75,204196
1194,2025-01-07T13:00:00+05:30,1240.85,1241.95,1240.1,1240.65,251075
1195,2025-01-07T13:15:00+05:30,1240.6,1241.25,1239.55,1240.15,221161
1196,2025-01-07T13:30:00+05:30,1240.2,1243.75,1239.85,1240.9,293894
1197,2025-01-07T13:45:00+05:30,1240.9,1241.8,1237.55,1238.0,306647
1198,2025-01-07T14:00:00+05:30,1238.25,1240.0,1237.15,1238.1,340775
1199,2025-01-07T14:15:00+05:30,1238.1,1239.0,1236.7,1238.3,315475
1200,2025-01-07T14:30:00+05:30,1238.2,1238.5,1236.5,1237.35,403900
1201,2025-01-07T14:45:00+05:30,1237.3,1240.4,1236.95,1239.1,497558
1202,2025-01-07T15:00:00+05:30,1239.4,1243.5,1238.05,1240.8,1688053
1203,2025-01-07T15:15:00+05:30,1240.8,1244.5,1238.2,1239.95,1210066
1204,2025-01-08T09:15:00+05:30,1248.85,1256.7,1245.35,1255.25,2265382
1205,2025-01-08T09:30:00+05:30,1255.45,1261.8,1254.0,1256.65,967716
1206,2025-01-08T09:45:00+05:30,1256.65,1260.35,1254.5,1259.3,733666
1207,2025-01-08T10:00:00+05:30,1259.2,1268.8,1258.9,1268.8,1144753
1208,2025-01-08T10:15:00+05:30,1268.7,1269.95,1264.85,1268.65,1037348
1209,2025-01-08T10:30:00+05:30,1268.5,1269.0,1258.2,1259.0,1493577
1210,2025-01-08T10:45:00+05:30,1259.15,1265.75,1259.0,1264.25,582024
1211,2025-01-08T11:00:00+05:30,1264.2,1265.95,1261.5,1264.25,389597
1212,2025-01-08T11:15:00+05:30,1264.3,1265.9,1261.1,1261.25,288863
1213,2025-01-08T11:30:00+05:30,1261.3,1264.85,1261.05,1263.95,281109
1214,2025-01-08T11:45:00+05:30,1263.9,1265.65,1263.2,1265.1,444585
1215,2025-01-08T12:00:00+05:30,1265.0,1265.15,1259.4,1259.7,489222
1216,2025-01-08T12:15:00+05:30,1259.85,1262.6,1259.0,1261.25,362471
1217,2025-01-08T12:30:00+05:30,1261.25,1263.15,1259.2,1262.5,418748
1218,2025-01-08T12:45:00+05:30,1262.5,1270.0,1261.05,1269.65,1088641
1219,2025-01-08T13:00:00+05:30,1269.7,1271.05,1266.2,1266.95,1144770
1220,2025-01-08T13:15:00+05:30,1266.9,1268.6,1264.55,1265.7,443271
1221,2025-01-08T13:30:00+05:30,1265.7,1268.0,1264.85,1267.9,385631
1222,2025-01-08T13:45:00+05:30,1267.85,1270.0,1266.55,1268.7,628262
1223,2025-01-08T14:00:00+05:30,1268.75,1269.35,1266.9,1269.3,473568
1224,2025-01-08T14:15:00+05:30,1269.3,1269.9,1265.65,1265.85,740061
1225,2025-01-08T14:30:00+05:30,1265.85,1267.0,1264.1,1266.8,528612
1226,2025-01-08T14:45:00+05:30,1266.75,1268.45,1266.05,1266.55,466049
1227,2025-01-08T15:00:00+05:30,1266.5,1267.25,1265.0,1266.65,948816
1228,2025-01-08T15:15:00+05:30,1266.65,1266.9,1261.1,1261.35,1405661
1229,2025-01-09T09:15:00+05:30,1267.55,1269.75,1259.6,1262.7,1110194
1230,2025-01-09T09:30:00+05:30,1262.7,1268.45,1261.05,1264.6,735521
1231,2025-01-09T09:45:00+05:30,1264.6,1266.55,1262.1,1265.55,353302
1232,2025-01-09T10:00:00+05:30,1265.6,1266.7,1263.05,1265.25,286509
1233,2025-01-09T10:15:00+05:30,1265.3,1267.0,1262.4,1262.65,687766
1234,2025-01-09T10:30:00+05:30,1262.65,1262.95,1255.4,1255.5,602510
1235,2025-01-09T10:45:00+05:30,1255.45,1255.95,1250.0,1252.45,868524
1236,2025-01-09T11:00:00+05:30,1252.45,1257.8,1251.15,1257.25,363758
1237,2025-01-09T11:15:00+05:30,1257.3,1260.2,1256.35,1260.0,300104
1238,2025-01-09T11:30:00+05:30,1260.0,1261.0,1259.15,1259.5,258812
1239,2025-01-09T11:45:00+05:30,1259.5,1262.05,1258.0,1261.9,383392
1240,2025-01-09T12:00:00+05:30,1261.85,1263.35,1260.45,1261.2,316111
1241,2025-01-09T12:15:00+05:30,1261.15,1263.55,1258.75,1259.1,374063
1242,2025-01-09T12:30:00+05:30,1259.15,1259.25,1256.45,1257.75,263053
1243,2025-01-09T12:45:00+05:30,1257.8,1258.15,1252.7,1254.05,358648
1244,2025-01-09T13:00:00+05:30,1254.05,1256.15,1252.1,1255.45,293075
1245,2025-01-09T13:15:00+05:30,1255.45,1256.3,1253.55,1254.15,225577
1246,2025-01-09T13:30:00+05:30,1254.15,1254.7,1251.4,1252.45,278118
1247,2025-01-09T13:45:00+05:30,1252.5,1253.9,1248.05,1249.8,432647
1248,2025-01-09T14:00:00+05:30,1249.8,1252.25,1248.85,1251.65,323618
1249,2025-01-09T14:15:00+05:30,1251.55,1251.8,1250.0,1250.2,312735
1250,2025-01-09T14:30:00+05:30,1250.25,1251.95,1249.4,1251.65,484369
1251,2025-01-09T14:45:00+05:30,1251.85,1253.55,1250.3,1252.65,531405
1252,2025-01-09T15:00:00+05:30,1252.6,1255.05,1252.15,1254.4,1310868
1253,2025-01-09T15:15:00+05:30,1254.35,1257.75,1253.25,1256.8,1151310
1254,2025-01-10T09:15:00+05:30,1253.3,1256.75,1246.5,1246.9,756074
1255,2025-01-10T09:30:00+05:30,1246.85,1247.35,1236.0,1241.1,430815
1256,2025-01-10T09:45:00+05:30,1241.0,1242.95,1239.3,1240.25,340996
1257,2025-01-10T10:00:00+05:30,1240.25,1244.4,1239.05,1243.0,278371
1258,2025-01-10T10:15:00+05:30,1243.25,1244.5,1240.5,1242.85,207675
1259,2025-01-10T10:30:00+05:30,1242.8,1246.9,1242.3,1246.4,245561
1260,2025-01-10T10:45:00+05:30,1246.25,1250.0,1245.6,1248.35,245409
1261,2025-01-10T11:00:00+05:30,1248.35,1252.95,1248.2,1252.95,186700
1262,2025-01-10T11:15:00+05:30,1252.8,1254.8,1249.3,1252.0,249092
1263,2025-01-10T11:30:00+05:30,1251.75,1253.45,1248.15,1248.65,217644
1264,2025-01-10T11:45:00+05:30,1248.65,1249.9,1247.05,1248.6,164739
1265,2025-01-10T12:00:00+05:30,1248.6,1250.25,1245.05,1247.8,213935
1266,2025-01-10T12:15:00+05:30,1247.6,1249.6,1246.15,1246.35,183873
1267,2025-01-10T12:30:00+05:30,1246.35,1249.5,1245.5,1249.2,180500
1268,2025-01-10T12:45:00+05:30,1249.25,1250.55,1248.9,1249.25,183446
1269,2025-01-10T13:00:00+05:30,1249.15,1250.4,1247.75,1250.05,228504
1270,2025-01-10T13:15:00+05:30,1250.0,1252.0,1249.25,1250.2,322494
1271,2025-01-10T13:30:00+05:30,1250.2,1251.6,1249.35,1250.8,201963
1272,2025-01-10T13:45:00+05:30,1250.8,1252.45,1250.15,1251.45,202461
1273,2025-01-10T14:00:00+05:30,1251.5,1252.4,1243.0,1243.25,416324
1274,2025-01-10T14:15:00+05:30,1243.25,1243.75,1239.65,1241.3,425678
1275,2025-01-10T14:30:00+05:30,1241.35,1242.25,1239.2,1241.95,411846
1276,2025-01-10T14:45:00+05:30,1241.95,1243.95,1239.8,1239.9,301979
1277,2025-01-10T15:00:00+05:30,1239.85,1242.5,1239.3,1241.2,644423
1278,2025-01-10T15:15:00+05:30,1241.2,1245.6,1241.05,1245.55,838901
1279,2025-01-13T09:15:00+05:30,1231.0,1235.0,1226.4,1234.0,1132986
1280,2025-01-13T09:30:00+05:30,1233.65,1234.1,1229.25,1232.55,401689
1281,2025-01-13T09:45:00+05:30,1232.55,1237.5,1231.0,1237.05,390154
1282,2025-01-13T10:00:00+05:30,1237.0,1239.0,1235.6,1238.25,812886
1283,2025-01-13T10:15:00+05:30,1238.25,1240.5,1236.1,1240.0,361449
1284,2025-01-13T10:30:00+05:30,1240.0,1241.4,1236.2,1237.75,333307
1285,2025-01-13T10:45:00+05:30,1237.55,1239.95,1237.0,1239.15,213226
1286,2025-01-13T11:00:00+05:30,1239.15,1240.0,1237.55,1238.05,341525
1287,2025-01-13T11:15:00+05:30,1238.3,1240.5,1236.1,1236.85,274780
1288,2025-01-13T11:30:00+05:30,1236.85,1237.6,1235.7,1237.25,164973
1289,2025-01-13T11:45:00+05:30,1237.5,1239.95,1236.95,1239.0,179500
1290,2025-01-13T12:00:00+05:30,1239.0,1240.65,1238.6,1238.95,295088
1291,2025-01-13T12:15:00+05:30,1238.95,1239.2,1236.15,1237.5,271868
1292,2025-01-13T12:30:00+05:30,1237.5,1240.9,1236.1,1240.55,326428
1293,2025-01-13T12:45:00+05:30,1240.45,1240.65,1238.75,1239.0,540445
1294,2025-01-13T13:00:00+05:30,1239.05,1242.8,1238.9,1241.6,384916
1295,2025-01-13T13:15:00+05:30,1241.2,1245.25,1241.1,1243.8,426803
1296,2025-01-13T13:30:00+05:30,1243.8,1244.1,1241.05,1241.7,559574
1297,2025-01-13T13:45:00+05:30,1241.7,1242.45,1238.15,1238.15,760652
1298,2025-01-13T14:00:00+05:30,1238.25,1240.8,1238.05,1240.5,398215
1299,2025-01-13T14:15:00+05:30,1240.5,1241.9,1238.8,1239.65,534258
1300,2025-01-13T14:30:00+05:30,1239.6,1240.1,1233.5,1238.5,1115181
1301,2025-01-13T14:45:00+05:30,1238.45,1242.5,1238.0,1241.95,708845
1302,2025-01-13T15:00:00+05:30,1241.9,1242.5,1236.75,1237.55,1291846
1303,2025-01-13T15:15:00+05:30,1237.55,1245.0,1237.3,1240.75,1429558
1304,2025-01-14T09:15:00+05:30,1244.1,1253.35,1244.1,1248.25,982878
1305,2025-01-14T09:30:00+05:30,1248.4,1250.25,1241.05,1244.35,490901
1306,2025-01-14T09:45:00+05:30,1244.35,1246.1,1237.35,1239.8,503065
1307,2025-01-14T10:00:00+05:30,1239.8,1240.05,1237.2,1238.55,598055
1308,2025-01-14T10:15:00+05:30,1238.5,1238.55,1235.1,1237.6,422030
1309,2025-01-14T10:30:00+05:30,1238.0,1238.75,1233.6,1235.35,443153
1310,2025-01-14T10:45:00+05:30,1235.35,1235.45,1232.0,1234.75,669564
1311,2025-01-14T11:00:00+05:30,1234.75,1236.4,1233.05,1235.35,843055
1312,2025-01-14T11:15:00+05:30,1235.45,1236.5,1234.0,1235.05,388464
1313,2025-01-14T11:30:00+05:30,1235.05,1235.15,1229.1,1230.7,458845
1314,2025-01-14T11:45:00+05:30,1230.7,1230.85,1228.65,1229.6,343822
1315,2025-01-14T12:00:00+05:30,1229.2,1229.85,1227.25,1228.95,448809
1316,2025-01-14T12:15:00+05:30,1228.95,1229.45,1228.05,1228.95,264861
1317,2025-01-14T12:30:00+05:30,1229.0,1232.95,1228.95,1232.75,227388
1318,2025-01-14T12:45:00+05:30,1232.75,1234.0,1230.1,1230.75,358500
1319,2025-01-14T13:00:00+05:30,1231.05,1231.6,1228.25,1231.1,360649
1320,2025-01-14T13:15:00+05:30,1231.15,1231.2,1228.55,1230.55,242392
1321,2025-01-14T13:30:00+05:30,1230.6,1232.45,1230.3,1231.7,246001
1322,2025-01-14T13:45:00+05:30,1231.65,1233.9,1231.05,1233.65,241448
1323,2025-01-14T14:00:00+05:30,1233.65,1234.8,1231.0,1231.3,379242
1324,2025-01-14T14:15:00+05:30,1231.3,1231.95,1229.5,1231.65,481040
1325,2025-01-14T14:30:00+05:30,1231.65,1234.75,1231.15,1233.8,505882
1326,2025-01-14T14:45:00+05:30,1233.8,1239.6,1233.4,1237.3,741296
1327,2025-01-14T15:00:00+05:30,1237.35,1240.0,1236.4,1238.55,1216649
1328,2025-01-14T15:15:00+05:30,1238.55,1239.9,1237.1,1239.0,1147997
1329,2025-01-15T09:15:00+05:30,1244.9,1254.0,1241.85,1253.0,922107
1330,2025-01-15T09:30:00+05:30,1253.0,1255.1,1249.05,1251.75,369234
1331,2025-01-15T09:45:00+05:30,1252.05,1253.95,1250.85,1251.9,178943
1332,2025-01-15T10:00:00+05:30,1251.9,1252.25,1247.5,1249.0,364728
1333,2025-01-15T10:15:00+05:30,1248.7,1249.8,1247.0,1249.5,244409
1334,2025-01-15T10:30:00+05:30,1249.5,1250.45,1246.2,1246.4,283957
1335,2025-01-15T10:45:00+05:30,1246.5,1249.7,1244.4,1245.5,341693
1336,2025-01-15T11:00:00+05:30,1245.5,1247.25,1244.1,1246.2,543887
1337,2025-01-15T11:15:00+05:30,1246.1,1248.4,1245.65,1247.1,166108
1338,2025-01-15T11:30:00+05:30,1247.05,1247.55,1244.55,1245.05,251614
1339,2025-01-15T11:45:00+05:30,1245.05,1246.0,1243.45,1244.95,182334
1340,2025-01-15T12:00:00+05:30,1244.8,1246.45,1242.35,1243.15,216548
1341,2025-01-15T12:15:00+05:30,1243.0,1244.45,1242.1,1244.15,225164
1342,2025-01-15T12:30:00+05:30,1244.15,1251.0,1244.05,1250.15,259751
1343,2025-01-15T12:45:00+05:30,1250.15,1257.0,1250.15,1254.3,443190
1344,2025-01-15T13:00:00+05:30,1254.3,1256.6,1252.65,1254.1,320507
1345,2025-01-15T13:15:00+05:30,1254.1,1254.15,1251.0,1251.5,315192
1346,2025-01-15T13:30:00+05:30,1251.4,1253.9,1250.2,1252.7,300465
1347,2025-01-15T13:45:00+05:30,1252.7,1252.95,1250.0,1250.9,232903
1348,2025-01-15T14:00:00+05:30,1250.95,1253.4,1250.55,1251.95,203506
1349,2025-01-15T14:15:00+05:30,1251.95,1253.3,1249.45,1250.0,309811
1350,2025-01-15T14:30:00+05:30,1249.9,1254.5,1248.35,1254.5,465424
1351,2025-01-15T14:45:00+05:30,1254.3,1254.85,1251.5,1252.25,471953
1352,2025-01-15T15:00:00+05:30,1252.45,1254.0,1251.0,1252.05,820119
1353,2025-01-15T15:15:00+05:30,1252.0,1253.15,1251.1,1252.0,1053682
1354,2025-01-16T09:15:00+05:30,1259.0,1260.0,1251.3,1257.5,1100951
1355,2025-01-16T09:30:00+05:30,1257.5,1257.85,1254.05,1255.6,378300
1356,2025-01-16T09:45:00+05:30,1255.8,1256.5,1253.6,1254.4,345892
1357,2025-01-16T10:00:00+05:30,1254.6,1256.5,1252.05,1256.15,341930
1358,2025-01-16T10:15:00+05:30,1256.2,1260.0,1256.1,1257.85,569192
1359,2025-01-16T10:30:00+05:30,1257.8,1261.9,1256.9,1261.45,404920
1360,2025-01-16T10:45:00+05:30,1261.3,1261.55,1258.6,1260.65,372972
1361,2025-01-16T11:00:00+05:30,1260.4,1263.95,1260.2,1263.0,394598
1362,2025-01-16T11:15:00+05:30,1263.0,1264.35,1262.0,1263.65,382493
1363,2025-01-16T11:30:00+05:30,1263.7,1263.7,1261.0,1261.9,230073
1364,2025-01-16T11:45:00+05:30,1262.0,1263.15,1261.0,1262.9,168194
1365,2025-01-16T12:00:00+05:30,1263.05,1264.25,1262.2,1263.05,222710
1366,2025-01-16T12:15:00+05:30,1263.1,1263.45,1261.35,1261.4,224631
1367,2025-01-16T12:30:00+05:30,1261.4,1263.9,1260.9,1263.55,227928
1368,2025-01-16T12:45:00+05:30,1263.75,1264.5,1262.7,1264.15,216624
1369,2025-01-16T13:00:00+05:30,1264.1,1264.25,1258.55,1260.6,376564
1370,2025-01-16T13:15:00+05:30,1260.4,1264.0,1260.1,1263.25,307244
1371,2025-01-16T13:30:00+05:30,1263.2,1264.9,1262.95,1264.25,297386
1372,2025-01-16T13:45:00+05:30,1264.25,1266.9,1263.9,1266.25,460444
1373,2025-01-16T14:00:00+05:30,1266.25,1267.65,1264.1,1264.3,449970
1374,2025-01-16T14:15:00+05:30,1264.6,1266.5,1263.15,1264.6,706153
1375,2025-01-16T14:30:00+05:30,1264.5,1265.85,1264.05,1265.35,489729
1376,2025-01-16T14:45:00+05:30,1265.3,1266.7,1264.05,1265.6,610280
1377,2025-01-16T15:00:00+05:30,1265.75,1267.0,1264.3,1265.1,2548521
1378,2025-01-16T15:15:00+05:30,1265.1,1275.0,1265.0,1275.0,2160698
1379,2025-01-17T09:15:00+05:30,1322.25,1326.0,1292.65,1295.65,6925565
1380,2025-01-17T09:30:00+05:30,1295.75,1300.9,1290.65,1293.45,1659403
1381,2025-01-17T09:45:00+05:30,1293.65,1299.7,1293.15,1295.8,792961
1382,2025-01-17T10:00:00+05:30,1295.8,1296.85,1287.6,1288.55,702674
1383,2025-01-17T10:15:00+05:30,1288.95,1294.0,1285.55,1292.8,859076
1384,2025-01-17T10:30:00+05:30,1292.95,1294.75,1288.8,1289.3,794923
1385,2025-01-17T10:45:00+05:30,1289.45,1290.55,1285.0,1286.0,863324
1386,2025-01-17T11:00:00+05:30,1285.9,1290.95,1285.0,1290.7,628801
1387,2025-01-17T11:15:00+05:30,1290.65,1293.95,1289.5,1293.45,700697
1388,2025-01-17T11:30:00+05:30,1293.5,1294.4,1291.25,1292.35,402501
1389,2025-01-17T11:45:00+05:30,1292.35,1295.25,1290.9,1294.9,566283
1390,2025-01-17T12:00:00+05:30,1294.95,1303.9,1294.7,1303.5,1392165
1391,2025-01-17T12:15:00+05:30,1303.45,1304.9,1300.0,1302.25,1484308
1392,2025-01-17T12:30:00+05:30,1302.3,1305.95,1302.05,1304.4,875137
1393,2025-01-17T12:45:00+05:30,1304.4,1304.8,1301.8,1304.5,414874
1394,2025-01-17T13:00:00+05:30,1304.45,1305.5,1300.3,1300.65,489108
1395,2025-01-17T13:15:00+05:30,1300.8,1301.3,1296.05,1297.95,528144
1396,2025-01-17T13:30:00+05:30,1297.8,1303.95,1297.6,1301.9,548448
1397,2025-01-17T13:45:00+05:30,1301.9,1304.85,1301.35,1304.25,415901
1398,2025-01-17T14:00:00+05:30,1304.2,1305.0,1303.6,1304.9,905199
1399,2025-01-17T14:15:00+05:30,1304.85,1305.0,1302.65,1304.25,598676
1400,2025-01-17T14:30:00+05:30,1304.3,1305.45,1303.25,1303.4,545021
1401,2025-01-17T14:45:00+05:30,1303.5,1304.85,1301.7,1304.75,613460
1402,2025-01-17T15:00:00+05:30,1304.5,1304.9,1301.0,1302.35,1369698
1403,2025-01-17T15:15:00+05:30,1302.35,1303.2,1297.85,1300.0,2325479
1404,2025-01-20T09:15:00+05:30,1315.85,1315.85,1304.45,1308.35,2758886
1405,2025-01-20T09:30:00+05:30,1308.25,1310.0,1306.0,1309.85,512422
1406,2025-01-20T09:45:00+05:30,1309.55,1313.55,1309.2,1313.1,659438
1407,2025-01-20T10:00:00+05:30,1313.25,1313.3,1310.5,1313.0,408671
1408,2025-01-20T10:15:00+05:30,1312.95,1313.9,1310.95,1311.7,458329
1409,2025-01-20T10:30:00+05:30,1311.55,1313.0,1310.85,1312.05,448991
1410,2025-01-20T10:45:00+05:30,1312.05,1312.3,1308.35,1310.0,611698
1411,2025-01-20T11:00:00+05:30,1309.8,1311.0,1307.45,1308.95,462011
1412,2025-01-20T11:15:00+05:30,1308.95,1310.4,1307.05,1308.85,338349
1413,2025-01-20T11:30:00+05:30,1308.85,1309.8,1306.55,1306.95,352383
1414,2025-01-20T11:45:00+05:30,1306.95,1308.15,1306.1,1306.65,278520
1415,2025-01-20T12:00:00+05:30,1307.0,1307.35,1302.4,1302.9,480833
1416,2025-01-20T12:15:00+05:30,1302.9,1304.5,1301.3,1301.95,399312
1417,2025-01-20T12:30:00+05:30,1301.7,1303.5,1300.25,1303.05,355044
1418,2025-01-20T12:45:00+05:30,1303.15,1304.25,1302.15,1302.4,287306
1419,2025-01-20T13:00:00+05:30,1302.4,1303.3,1300.9,1302.35,413061
1420,2025-01-20T13:15:00+05:30,1302.25,1305.75,1302.0,1303.2,407946
1421,2025-01-20T13:30:00+05:30,1303.2,1306.1,1302.6,1305.75,414075
1422,2025-01-20T13:45:00+05:30,1305.75,1306.95,1304.6,1305.4,396582
1423,2025-01-20T14:00:00+05:30,1305.35,1306.7,1304.35,1306.5,300922
1424,2025-01-20T14:15:00+05:30,1306.5,1306.7,1304.3,1304.95,353518
1425,2025-01-20T14:30:00+05:30,1304.95,1306.95,1303.25,1306.45,455723
1426,2025-01-20T14:45:00+05:30,1306.45,1306.95,1305.15,1306.0,500515
1427,2025-01-20T15:00:00+05:30,1306.0,1306.55,1305.35,1305.65,815593
1428,2025-01-20T15:15:00+05:30,1305.6,1305.85,1302.95,1304.0,909904
1429,2025-01-21T09:15:00+05:30,1310.5,1313.0,1302.1,1303.25,484265
1430,2025-01-21T09:30:00+05:30,1303.55,1304.2,1296.15,1296.35,436739
1431,2025-01-21T09:45:00+05:30,1296.7,1297.0,1290.5,1291.55,417424
1432,2025-01-21T10:00:00+05:30,1291.6,1291.95,1286.0,1286.9,516751
1433,2025-01-21T10:15:00+05:30,1286.95,1287.35,1277.55,1280.95,656594
1434,2025-01-21T10:30:00+05:30,1280.95,1284.95,1280.2,1281.5,417785
1435,2025-01-21T10:45:00+05:30,1281.35,1287.05,1280.25,1284.85,470948
1436,2025-01-21T11:00:00+05:30,1284.5,1285.95,1283.0,1285.95,195412
1437,2025-01-21T11:15:00+05:30,1285.6,1286.05,1282.8,1282.95,155069
1438,2025-01-21T11:30:00+05:30,1282.8,1288.0,1282.8,1287.5,254448
1439,2025-01-21T11:45:00+05:30,1287.5,1299.0,1287.45,1296.95,1857825
1440,2025-01-21T12:00:00+05:30,1296.95,1297.75,1290.0,1290.15,372485
1441,2025-01-21T12:15:00+05:30,1290.0,1291.05,1279.9,1281.55,682747
1442,2025-01-21T12:30:00+05:30,1281.55,1283.65,1280.0,1281.9,255585
1443,2025-01-21T12:45:00+05:30,1282.0,1288.75,1280.95,1286.2,373745
1444,2025-01-21T13:00:00+05:30,1286.35,1291.0,1285.5,1291.0,538816
1445,2025-01-21T13:15:00+05:30,1291.0,1292.6,1282.0,1292.45,515116
1446,2025-01-21T13:30:00+05:30,1292.4,1293.0,1287.2,1290.1,420702
1447,2025-01-21T13:45:00+05:30,1290.0,1290.4,1284.15,1287.3,291845
1448,2025-01-21T14:00:00+05:30,1287.5,1289.25,1286.2,1286.7,248202
1449,2025-01-21T14:15:00+05:30,1286.65,1287.5,1282.1,1284.35,404368
1450,2025-01-21T14:30:00+05:30,1284.2,1285.6,1270.2,1274.35,1072262
1451,2025-01-21T14:45:00+05:30,1274.15,1275.65,1271.7,1274.3,835538
1452,2025-01-21T15:00:00+05:30,1274.3,1274.35,1270.5,1272.25,1423979
1453,2025-01-21T15:15:00+05:30,1272.2,1278.4,1272.2,1277.6,1218641
1454,2025-01-22T09:15:00+05:30,1278.3,1282.7,1273.05,1280.05,1059301
1455,2025-01-22T09:30:00+05:30,1280.05,1282.9,1277.6,1278.1,591554
1456,2025-01-22T09:45:00+05:30,1278.0,1281.7,1276.1,1280.65,495556
1457,2025-01-22T10:00:00+05:30,1280.5,1281.4,1278.3,1279.25,232388
1458,2025-01-22T10:15:00+05:30,1279.25,1281.25,1279.25,1280.25,195816
1459,2025-01-22T10:30:00+05:30,1280.35,1281.3,1277.55,1278.95,272278
1460,2025-01-22T10:45:00+05:30,1278.95,1280.95,1276.5,1277.1,309088
1461,2025-01-22T11:00:00+05:30,1277.15,1277.2,1275.0,1275.7,199955
1462,2025-01-22T11:15:00+05:30,1275.7,1276.55,1274.3,1275.45,201500
1463,2025-01-22T11:30:00+05:30,1275.45,1276.0,1273.4,1274.55,194671
1464,2025-01-22T11:45:00+05:30,1274.55,1274.95,1270.55,1270.65,325195
1465,2025-01-22T12:00:00+05:30,1270.7,1271.45,1269.2,1270.7,259703
1466,2025-01-22T12:15:00+05:30,1271.15,1273.45,1268.7,1271.15,346400
1467,2025-01-22T12:30:00+05:30,1271.2,1272.8,1270.4,1271.95,324155
1468,2025-01-22T12:45:00+05:30,1271.95,1272.0,1270.35,1271.0,671952
1469,2025-01-22T13:00:00+05:30,1271.15,1273.25,1270.5,1273.1,206404
1470,2025-01-22T13:15:00+05:30,1273.25,1273.25,1271.05,1271.2,133845
1471,2025-01-22T13:30:00+05:30,1271.5,1273.45,1270.6,1270.95,202080
1472,2025-01-22T13:45:00+05:30,1271.0,1274.8,1270.95,1273.3,278702
1473,2025-01-22T14:00:00+05:30,1273.0,1276.0,1271.0,1274.3,267632
1474,2025-01-22T14:15:00+05:30,1274.3,1279.1,1273.8,1277.45,411256
1475,2025-01-22T14:30:00+05:30,1277.3,1277.75,1275.6,1276.1,302984
1476,2025-01-22T14:45:00+05:30,1276.05,1277.6,1273.65,1276.75,540311
1477,2025-01-22T15:00:00+05:30,1276.6,1277.2,1275.0,1275.9,1048217
1478,2025-01-22T15:15:00+05:30,1275.9,1279.85,1275.85,1278.0,1093544
1479,2025-01-23T09:15:00+05:30,1270.75,1277.35,1270.75,1272.15,459595
1480,2025-01-23T09:30:00+05:30,1272.5,1274.7,1271.45,1273.55,360991
1481,2025-01-23T09:45:00+05:30,1273.15,1274.6,1271.55,1272.95,204636
1482,2025-01-23T10:00:00+05:30,1272.95,1273.55,1271.4,1271.9,191560
1483,2025-01-23T10:15:00+05:30,1272.25,1273.5,1271.4,1273.4,165297
1484,2025-01-23T10:30:00+05:30,1273.4,1273.8,1272.15,1273.3,148775
1485,2025-01-23T10:45:00+05:30,1273.2,1273.7,1272.0,1272.85,123943
1486,2025-01-23T11:00:00+05:30,1272.85,1274.3,1272.05,1273.55,159305
1487,2025-01-23T11:15:00+05:30,1273.55,1274.15,1272.25,1273.25,112350
1488,2025-01-23T11:30:00+05:30,1273.5,1274.2,1270.2,1270.5,182808
1489,2025-01-23T11:45:00+05:30,1270.45,1270.9,1267.05,1268.55,1445649
1490,2025-01-23T12:00:00+05:30,1268.5,1268.7,1266.5,1267.75,185874
1491,2025-01-23T12:15:00+05:30,1267.75,1269.25,1266.15,1268.55,208707
1492,2025-01-23T12:30:00+05:30,1268.55,1269.8,1267.6,1267.75,186780
1493,2025-01-23T12:45:00+05:30,1267.75,1267.8,1264.05,1264.05,319810
1494,2025-01-23T13:00:00+05:30,1264.05,1265.9,1264.05,1264.9,195494
1495,2025-01-23T13:15:00+05:30,1264.6,1266.05,1264.25,1264.75,339377
1496,2025-01-23T13:30:00+05:30,1264.65,1264.9,1263.35,1264.0,275527
1497,2025-01-23T13:45:00+05:30,1263.85,1264.3,1262.0,1262.75,354535
1498,2025-01-23T14:00:00+05:30,1262.75,1264.45,1262.45,1263.25,401277
1499,2025-01-23T14:15:00+05:30,1263.25,1264.25,1261.6,1262.45,310062
1500,2025-01-23T14:30:00+05:30,1262.45,1264.95,1262.2,1264.6,377292
1501,2025-01-23T14:45:00+05:30,1264.6,1265.4,1261.85,1263.35,401328
1502,2025-01-23T15:00:00+05:30,1263.35,1264.1,1262.65,1263.7,833621
1503,2025-01-23T15:15:00+05:30,1263.6,1265.5,1261.85,1264.9,708363
1504,2025-01-24T09:15:00+05:30,1266.0,1273.0,1266.0,1269.45,614344
1505,2025-01-24T09:30:00+05:30,1269.4,1270.25,1265.15,1267.1,259105
1506,2025-01-24T09:45:00+05:30,1267.15,1269.1,1260.9,1261.0,717601
1507,2025-01-24T10:00:00+05:30,1261.0,1261.15,1257.35,1257.5,369194
1508,2025-01-24T10:15:00+05:30,1257.95,1260.0,1255.1,1258.9,374296
1509,2025-01-24T10:30:00+05:30,1258.8,1260.0,1256.85,1258.0,295869
1510,2025-01-24T10:45:00+05:30,1257.8,1259.2,1257.15,1259.0,205469
1511,2025-01-24T11:00:00+05:30,1259.0,1260.8,1258.1,1260.15,409347
1512,2025-01-24T11:15:00+05:30,1260.15,1260.45,1256.15,1258.0,274750
1513,2025-01-24T11:30:00+05:30,1258.0,1258.6,1255.0,1257.35,398658
1514,2025-01-24T11:45:00+05:30,1257.2,1258.95,1255.55,1256.65,532536
1515,2025-01-24T12:00:00+05:30,1256.75,1258.05,1255.75,1257.45,441836
1516,2025-01-24T12:15:00+05:30,1257.6,1259.9,1257.35,1258.55,169111
1517,2025-01-24T12:30:00+05:30,1258.55,1258.8,1252.1,1252.5,419566
1518,2025-01-24T12:45:00+05:30,1252.4,1255.25,1251.6,1253.8,239558
1519,2025-01-24T13:00:00+05:30,1253.4,1255.7,1251.2,1254.45,219010
1520,2025-01-24T13:15:00+05:30,1254.45,1255.35,1252.65,1254.65,164848
1521,2025-01-24T13:30:00+05:30,1254.95,1255.15,1251.1,1252.0,281491
1522,2025-01-24T13:45:00+05:30,1252.0,1252.7,1251.0,1251.6,201985
1523,2025-01-24T14:00:00+05:30,1251.1,1254.9,1250.1,1250.7,190430
1524,2025-01-24T14:15:00+05:30,1250.55,1252.15,1250.1,1251.1,203276
1525,2025-01-24T14:30:00+05:30,1251.1,1253.7,1247.65,1248.85,516565
1526,2025-01-24T14:45:00+05:30,1248.9,1249.3,1243.9,1246.1,4933347
1527,2025-01-24T15:00:00+05:30,1246.1,1248.55,1245.45,1245.75,667725
1528,2025-01-24T15:15:00+05:30,1245.7,1246.7,1243.5,1244.45,1108265
1529,2025-01-27T09:15:00+05:30,1239.1,1240.45,1234.0,1237.75,593088
1530,2025-01-27T09:30:00+05:30,1237.9,1239.4,1231.65,1232.0,531163
1531,2025-01-27T09:45:00+05:30,1232.1,1233.15,1228.0,1228.0,450070
1532,2025-01-27T10:00:00+05:30,1228.05,1230.5,1228.0,1229.8,357395
1533,2025-01-27T10:15:00+05:30,1229.8,1230.0,1222.0,1222.4,669405
1534,2025-01-27T10:30:00+05:30,1222.4,1223.7,1220.2,1222.4,350083
1535,2025-01-27T10:45:00+05:30,1222.4,1224.35,1220.0,1220.5,342649
1536,2025-01-27T11:00:00+05:30,1220.25,1222.65,1220.0,1221.85,453241
1537,2025-01-27T11:15:00+05:30,1221.85,1225.8,1221.05,1225.75,473922
1538,2025-01-27T11:30:00+05:30,1225.8,1227.25,1225.0,1227.2,329905
1539,2025-01-27T11:45:00+05:30,1227.1,1230.95,1226.5,1230.8,384677
1540,2025-01-27T12:00:00+05:30,1230.8,1232.0,1227.25,1229.0,362366
1541,2025-01-27T12:15:00+05:30,1229.0,1232.9,1228.0,1232.9,268328
1542,2025-01-27T12:30:00+05:30,1232.85,1233.5,1230.4,1232.15,392562
1543,2025-01-27T12:45:00+05:30,1232.1,1232.6,1228.65,1230.8,374449
1544,2025-01-27T13:00:00+05:30,1230.5,1231.9,1228.0,1231.75,324627
1545,2025-01-27T13:15:00+05:30,1231.85,1232.25,1229.05,1229.7,195463
1546,2025-01-27T13:30:00+05:30,1229.7,1233.0,1229.4,1232.85,196822
1547,2025-01-27T13:45:00+05:30,1232.85,1235.0,1230.9,1234.5,197702
1548,2025-01-27T14:00:00+05:30,1234.35,1235.5,1233.0,1233.7,285284
1549,2025-01-27T14:15:00+05:30,1233.7,1235.9,1232.75,1233.4,287830
1550,2025-01-27T14:30:00+05:30,1233.4,1233.4,1227.1,1227.9,435465
1551,2025-01-27T14:45:00+05:30,1227.9,1231.0,1225.0,1230.0,420180
1552,2025-01-27T15:00:00+05:30,1230.15,1231.65,1228.5,1228.9,400000
1553,2025-01-27T15:15:00+05:30,1228.9,1230.4,1227.75,1229.0,389633
1554,2025-01-28T09:15:00+05:30,1236.0,1237.8,1222.6,1223.95,993078
1555,2025-01-28T09:30:00+05:30,1223.95,1225.0,1220.45,1221.3,605693
1556,2025-01-28T09:45:00+05:30,1220.8,1224.5,1219.2,1224.0,595102
1557,2025-01-28T10:00:00+05:30,1224.45,1225.7,1219.05,1221.15,489032
1558,2025-01-28T10:15:00+05:30,1221.15,1223.65,1218.5,1223.15,228722
1559,2025-01-28T10:30:00+05:30,1223.25,1226.9,1222.35,1225.55,286542
1560,2025-01-28T10:45:00+05:30,1225.55,1228.95,1225.25,1225.65,266753
1561,2025-01-28T11:00:00+05:30,1225.9,1231.95,1225.0,1231.25,419916
1562,2025-01-28T11:15:00+05:30,1231.2,1232.8,1229.15,1232.0,456030
1563,2025-01-28T11:30:00+05:30,1232.0,1237.5,1231.8,1236.65,315773
1564,2025-01-28T11:45:00+05:30,1236.55,1237.35,1233.95,1235.75,247865
1565,2025-01-28T12:00:00+05:30,1236.15,1239.2,1235.45,1236.75,290991
1566,2025-01-28T12:15:00+05:30,1236.65,1237.75,1233.55,1234.3,394412
1567,2025-01-28T12:30:00+05:30,1234.15,1237.6,1233.55,1237.2,489398
1568,2025-01-28T12:45:00+05:30,1237.2,1244.0,1237.0,1241.2,513956
1569,2025-01-28T13:00:00+05:30,1241.25,1241.95,1239.0,1241.0,225709
1570,2025-01-28T13:15:00+05:30,1241.3,1242.6,1238.25,1238.4,222996
1571,2025-01-28T13:30:00+05:30,1238.65,1242.5,1237.7,1241.5,249909
1572,2025-01-28T13:45:00+05:30,1241.3,1243.55,1241.2,1243.0,193606
1573,2025-01-28T14:00:00+05:30,1243.05,1244.75,1239.0,1239.3,279608
1574,2025-01-28T14:15:00+05:30,1239.3,1243.45,1238.85,1242.8,210953
1575,2025-01-28T14:30:00+05:30,1242.75,1243.05,1239.8,1241.0,212295
1576,2025-01-28T14:45:00+05:30,1241.0,1241.4,1233.4,1237.65,974645
1577,2025-01-28T15:00:00+05:30,1237.6,1237.8,1230.15,1235.4,863012
1578,2025-01-28T15:15:00+05:30,1235.45,1235.9,1233.75,1235.0,488190
1579,2025-01-29T09:15:00+05:30,1235.7,1239.0,1229.0,1230.4,654065
1580,2025-01-29T09:30:00+05:30,1230.4,1236.2,1228.05,1235.0,286440
1581,2025-01-29T09:45:00+05:30,1235.0,1236.1,1233.25,1234.45,184501
1582,2025-01-29T10:00:00+05:30,1234.7,1239.6,1233.55,1237.0,317570
1583,2025-01-29T10:15:00+05:30,1237.0,1239.0,1234.15,1238.0,164863
1584,2025-01-29T10:30:00+05:30,1238.1,1238.4,1235.05,1235.2,138806
1585,2025-01-29T10:45:00+05:30,1235.05,1237.4,1234.25,1237.3,84105
1586,2025-01-29T11:00:00+05:30,1237.3,1238.8,1236.2,1237.3,154886
1587,2025-01-29T11:15:00+05:30,1237.5,1238.35,1231.35,1238.0,600586
1588,2025-01-29T11:30:00+05:30,1238.0,1241.0,1237.4,1238.75,213862
1589,2025-01-29T11:45:00+05:30,1238.75,1240.5,1238.25,1239.5,117810
1590,2025-01-29T12:00:00+05:30,1239.65,1241.4,1237.9,1240.5,312720
1591,2025-01-29T12:15:00+05:30,1240.45,1242.75,1240.1,1241.2,225314
1592,2025-01-29T12:30:00+05:30,1241.15,1241.9,1239.25,1240.35,161412
1593,2025-01-29T12:45:00+05:30,1240.3,1241.0,1238.5,1239.95,156680
1594,2025-01-29T13:00:00+05:30,1239.6,1240.15,1236.3,1238.9,202557
1595,2025-01-29T13:15:00+05:30,1238.65,1241.5,1238.6,1241.1,153333
1596,2025-01-29T13:30:00+05:30,1240.95,1241.1,1237.55,1238.2,119686
1597,2025-01-29T13:45:00+05:30,1238.2,1239.0,1237.05,1237.9,128856
1598,2025-01-29T14:00:00+05:30,1237.9,1239.4,1237.2,1238.8,117557
1599,2025-01-29T14:15:00+05:30,1238.35,1239.2,1233.3,1235.2,196830
1600,2025-01-29T14:30:00+05:30,1235.6,1236.25,1233.15,1235.95,161007
1601,2025-01-29T14:45:00+05:30,1235.95,1236.5,1234.05,1234.8,183169
1602,2025-01-29T15:00:00+05:30,1234.8,1238.25,1233.9,1235.1,413326
1603,2025-01-29T15:15:00+05:30,1235.0,1239.0,1234.45,1237.25,426788
1604,2025-01-30T09:15:00+05:30,1235.55,1239.0,1232.4,1235.0,333186
1605,2025-01-30T09:30:00+05:30,1234.9,1236.85,1234.05,1236.15,155618
1606,2025-01-30T09:45:00+05:30,1236.15,1240.65,1235.8,1240.1,204154
1607,2025-01-30T10:00:00+05:30,1240.05,1241.9,1239.4,1240.4,207689
1608,2025-01-30T10:15:00+05:30,1240.4,1245.9,1240.05,1244.6,265530
1609,2025-01-30T10:30:00+05:30,1244.95,1245.75,1242.05,1244.45,346167
1610,2025-01-30T10:45:00+05:30,1244.4,1245.4,1242.0,1242.45,143240
1611,2025-01-30T11:00:00+05:30,1242.5,1247.35,1242.15,1246.85,281681
1612,2025-01-30T11:15:00+05:30,1246.85,1249.35,1245.55,1247.0,293093
1613,2025-01-30T11:30:00+05:30,1247.0,1249.0,1244.75,1248.0,165165
1614,2025-01-30T11:45:00+05:30,1248.0,1255.05,1247.8,1252.25,619998
1615,2025-01-30T12:00:00+05:30,1252.45,1254.45,1251.05,1253.0,163046
1616,2025-01-30T12:15:00+05:30,1253.15,1255.95,1251.35,1254.45,257363
1617,2025-01-30T12:30:00+05:30,1254.45,1257.0,1254.05,1255.8,330363
1618,2025-01-30T12:45:00+05:30,1256.15,1256.35,1250.3,1251.8,292814
1619,2025-01-30T13:00:00+05:30,1251.8,1255.0,1251.2,1254.3,172476
1620,2025-01-30T13:15:00+05:30,1254.4,1254.95,1253.0,1253.35,177638
1621,2025-01-30T13:30:00+05:30,1253.2,1254.0,1249.1,1249.7,178082
1622,2025-01-30T13:45:00+05:30,1249.6,1250.3,1245.3,1247.0,365448
1623,2025-01-30T14:00:00+05:30,1247.0,1249.0,1245.05,1247.55,462587
1624,2025-01-30T14:15:00+05:30,1247.55,1250.2,1246.15,1247.25,379164
1625,2025-01-30T14:30:00+05:30,1247.0,1251.0,1246.5,1250.95,442685
1626,2025-01-30T14:45:00+05:30,1250.7,1252.0,1247.65,1250.4,427763
1627,2025-01-30T15:00:00+05:30,1250.5,1254.9,1249.45,1252.45,1493704
1628,2025-01-30T15:15:00+05:30,1252.45,1255.0,1252.0,1253.15,1081789
1629,2025-01-31T09:15:00+05:30,1255.55,1257.85,1249.0,1257.55,296757
1630,2025-01-31T09:30:00+05:30,1257.15,1258.55,1254.3,1258.15,178413
1631,2025-01-31T09:45:00+05:30,1258.0,1259.95,1256.0,1257.0,262161
1632,2025-01-31T10:00:00+05:30,1257.0,1257.8,1251.75,1253.65,224702
1633,2025-01-31T10:15:00+05:30,1253.5,1257.0,1252.85,1256.5,172591
1634,2025-01-31T10:30:00+05:30,1256.6,1258.05,1255.7,1256.6,150935
1635,2025-01-31T10:45:00+05:30,1256.35,1258.0,1254.0,1258.0,186380
1636,2025-01-31T11:00:00+05:30,1257.85,1259.8,1257.7,1258.95,145961
1637,2025-01-31T11:15:00+05:30,1258.7,1262.9,1258.6,1260.05,297433
1638,2025-01-31T11:30:00+05:30,1260.05,1261.15,1258.0,1260.55,177232
1639,2025-01-31T11:45:00+05:30,1260.9,1261.8,1260.7,1261.8,107932
1640,2025-01-31T12:00:00+05:30,1261.8,1262.7,1259.55,1261.3,134671
1641,2025-01-31T12:15:00+05:30,1261.3,1261.75,1259.55,1261.2,131972
1642,2025-01-31T12:30:00+05:30,1261.2,1263.95,1260.2,1262.25,141807
1643,2025-01-31T12:45:00+05:30,1262.25,1262.4,1261.0,1261.75,116699
1644,2025-01-31T13:00:00+05:30,1261.75,1262.9,1261.0,1262.85,112617
1645,2025-01-31T13:15:00+05:30,1262.9,1264.8,1262.45,1264.15,216848
1646,2025-01-31T13:30:00+05:30,1264.15,1264.8,1262.6,1264.8,230050
1647,2025-01-31T13:45:00+05:30,1264.8,1266.35,1261.05,1261.3,329804
1648,2025-01-31T14:00:00+05:30,1261.3,1261.5,1257.65,1258.8,240581
1649,2025-01-31T14:15:00+05:30,1258.75,1259.85,1257.4,1258.2,160711
1650,2025-01-31T14:30:00+05:30,1258.2,1261.0,1257.5,1260.55,166074
1651,2025-01-31T14:45:00+05:30,1260.55,1262.0,1260.0,1261.8,202692
1652,2025-01-31T15:00:00+05:30,1261.8,1266.2,1261.25,1265.7,1019932
1653,2025-01-31T15:15:00+05:30,1265.7,1267.0,1263.9,1266.0,1144002
1654,2025-02-01T09:15:00+05:30,1265.2,1270.55,1262.3,1263.8,327687
1655,2025-02-01T09:30:00+05:30,1263.8,1269.0,1263.3,1267.7,205972
1656,2025-02-01T09:45:00+05:30,1267.45,1269.45,1262.45,1263.7,248628
1657,2025-02-01T10:00:00+05:30,1263.65,1265.0,1262.15,1264.2,138053
1658,2025-02-01T10:15:00+05:30,1264.25,1266.75,1263.6,1266.45,103627
1659,2025-02-01T10:30:00+05:30,1266.0,1267.4,1264.65,1266.55,99959
1660,2025-02-01T10:45:00+05:30,1266.6,1267.95,1264.15,1265.35,141624
1661,2025-02-01T11:00:00+05:30,1265.5,1266.4,1260.0,1265.75,167647
1662,2025-02-01T11:15:00+05:30,1265.75,1266.0,1263.25,1264.65,56619
1663,2025-02-01T11:30:00+05:30,1264.85,1268.2,1264.55,1267.9,151495
1664,2025-02-01T11:45:00+05:30,1267.65,1267.95,1254.6,1260.45,266623
1665,2025-02-01T12:00:00+05:30,1260.35,1266.0,1258.0,1263.0,182381
1666,2025-02-01T12:15:00+05:30,1262.85,1264.15,1255.95,1256.95,162570
1667,2025-02-01T12:30:00+05:30,1256.6,1257.05,1241.0,1251.15,434170
1668,2025-02-01T12:45:00+05:30,1251.45,1251.95,1248.0,1249.45,122856
1669,2025-02-01T13:00:00+05:30,1249.45,1251.95,1246.65,1249.0,146483
1670,2025-02-01T13:15:00+05:30,1248.5,1253.2,1244.7,1251.9,217680
1671,2025-02-01T13:30:00+05:30,1251.8,1252.5,1250.0,1251.4,85835
1672,2025-02-01T13:45:00+05:30,1251.4,1254.4,1251.1,1253.85,119729
1673,2025-02-01T14:00:00+05:30,1253.5,1256.5,1251.2,1256.0,299920
1674,2025-02-01T14:15:00+05:30,1256.0,1259.55,1255.0,1258.7,495523
1675,2025-02-01T14:30:00+05:30,1258.95,1260.0,1256.1,1259.8,464404
1676,2025-02-01T14:45:00+05:30,1259.8,1263.0,1259.1,1263.0,461296
1677,2025-02-01T15:00:00+05:30,1263.0,1265.4,1262.45,1265.15,865209
1678,2025-02-01T15:15:00+05:30,1265.0,1265.6,1262.85,1264.0,1136585
1679,2025-02-03T09:15:00+05:30,1252.6,1253.95,1246.05,1250.85,1087757
1680,2025-02-03T09:30:00+05:30,1250.8,1251.95,1241.25,1241.5,523512
1681,2025-02-03T09:45:00+05:30,1241.5,1242.35,1237.55,1239.85,464305
1682,2025-02-03T10:00:00+05:30,1239.4,1242.85,1238.5,1240.6,328583
1683,2025-02-03T10:15:00+05:30,1240.65,1243.65,1238.35,1243.5,414880
1684,2025-02-03T10:30:00+05:30,1243.6,1250.8,1242.25,1250.05,430183
1685,2025-02-03T10:45:00+05:30,1250.05,1250.45,1247.35,1250.4,278924
1686,2025-02-03T11:00:00+05:30,1250.4,1252.7,1249.1,1252.65,222244
1687,2025-02-03T11:15:00+05:30,1252.65,1256.0,1250.2,1250.7,278284
1688,2025-02-03T11:30:00+05:30,1250.8,1251.4,1246.2,1247.7,345026
1689,2025-02-03T11:45:00+05:30,1247.75,1248.9,1246.0,1247.95,194968
1690,2025-02-03T12:00:00+05:30,1247.75,1249.7,1247.15,1247.9,186750
1691,2025-02-03T12:15:00+05:30,1247.45,1248.0,1245.2,1247.7,216443
1692,2025-02-03T12:30:00+05:30,1247.7,1249.25,1246.2,1247.25,228417
1693,2025-02-03T12:45:00+05:30,1247.25,1247.3,1245.0,1246.6,230780
1694,2025-02-03T13:00:00+05:30,1246.6,1251.85,1246.25,1250.1,339597
1695,2025-02-03T13:15:00+05:30,1250.3,1251.1,1248.75,1250.35,339133
1696,2025-02-03T13:30:00+05:30,1250.35,1252.0,1249.55,1251.0,233293
1697,2025-02-03T13:45:00+05:30,1251.0,1251.0,1247.0,1248.1,320555
1698,2025-02-03T14:00:00+05:30,1248.15,1249.75,1247.8,1248.95,209811
1699,2025-02-03T14:15:00+05:30,1248.95,1249.55,1247.75,1248.6,213181
1700,2025-02-03T14:30:00+05:30,1248.65,1249.35,1247.0,1247.0,245253
1701,2025-02-03T14:45:00+05:30,1247.25,1247.3,1243.2,1245.85,362598
1702,2025-02-03T15:00:00+05:30,1245.95,1246.45,1244.3,1245.75,645458
1703,2025-02-03T15:15:00+05:30,1245.8,1248.0,1244.75,1247.0,820631
1704,2025-02-04T09:15:00+05:30,1248.05,1254.9,1246.6,1254.2,984531
1705,2025-02-04T09:30:00+05:30,1253.9,1258.9,1251.55,1258.35,472010
1706,2025-02-04T09:45:00+05:30,1258.3,1260.9,1257.35,1258.05,441047
1707,2025-02-04T10:00:00+05:30,1258.1,1262.4,1258.05,1259.15,382560
1708,2025-02-04T10:15:00+05:30,1259.15,1260.25,1256.4,1258.2,213445
1709,2025-02-04T10:30:00+05:30,1258.15,1259.5,1253.0,1256.25,475923
1710,2025-02-04T10:45:00+05:30,1256.15,1257.05,1254.8,1256.55,288071
1711,2025-02-04T11:00:00+05:30,1256.45,1258.0,1256.0,1257.15,208411
1712,2025-02-04T11:15:00+05:30,1257.15,1262.0,1256.1,1261.3,448922
1713,2025-02-04T11:30:00+05:30,1261.35,1265.9,1261.0,1265.0,443224
1714,2025-02-04T11:45:00+05:30,1265.0,1269.0,1264.1,1265.9,463548
1715,2025-02-04T12:00:00+05:30,1265.95,1267.95,1265.15,1266.75,195957
1716,2025-02-04T12:15:00+05:30,1266.75,1268.0,1266.05,1267.3,271735
1717,2025-02-04T12:30:00+05:30,1267.25,1271.95,1266.45,1270.3,589545
1718,2025-02-04T12:45:00+05:30,1270.25,1274.8,1269.2,1274.45,610569
1719,2025-02-04T13:00:00+05:30,1274.45,1277.55,1272.8,1276.2,587091
1720,2025-02-04T13:15:00+05:30,1276.3,1278.6,1275.55,1277.65,418731
1721,2025-02-04T13:30:00+05:30,1277.75,1279.7,1276.75,1278.15,676819
1722,2025-02-04T13:45:00+05:30,1278.25,1282.9,1277.75,1280.0,895681
1723,2025-02-04T14:00:00+05:30,1280.05,1281.05,1275.15,1276.7,779486
1724,2025-02-04T14:15:00+05:30,1276.7,1280.65,1275.65,1279.95,977655
1725,2025-02-04T14:30:00+05:30,1279.95,1283.95,1279.85,1282.9,784982
1726,2025-02-04T14:45:00+05:30,1282.9,1287.9,1282.05,1286.85,1447964
1727,2025-02-04T15:00:00+05:30,1286.85,1288.8,1283.55,1284.75,2100164
1728,2025-02-04T15:15:00+05:30,1284.75,1285.5,1281.0,1282.9,1449226
1729,2025-02-05T09:15:00+05:30,1282.65,1284.9,1279.1,1280.9,1015772
1730,2025-02-05T09:30:00+05:30,1280.85,1290.5,1280.5,1287.75,642536
1731,2025-02-05T09:45:00+05:30,1287.75,1287.8,1284.0,1286.0,417627
1732,2025-02-05T10:00:00+05:30,1286.0,1289.8,1282.2,1283.2,439310
1733,2025-02-05T10:15:00+05:30,1283.7,1284.5,1281.15,1283.9,728666
1734,2025-02-05T10:30:00+05:30,1283.9,1285.45,1282.55,1285.45,184825
1735,2025-02-05T10:45:00+05:30,1285.45,1285.95,1283.05,1283.45,204031
1736,2025-02-05T11:00:00+05:30,1283.45,1284.95,1282.05,1283.25,360428
1737,2025-02-05T11:15:00+05:30,1283.45,1283.55,1280.55,1283.5,252026
1738,2025-02-05T11:30:00+05:30,1283.5,1283.8,1282.5,1283.5,123766
1739,2025-02-05T11:45:00+05:30,1283.5,1283.7,1281.35,1282.35,176531
1740,2025-02-05T12:00:00+05:30,1282.35,1282.7,1281.0,1281.9,156516
1741,2025-02-05T12:15:00+05:30,1281.9,1283.65,1281.85,1283.25,214781
1742,2025-02-05T12:30:00+05:30,1283.25,1283.4,1281.6,1281.85,152492
1743,2025-02-05T12:45:00+05:30,1281.85,1282.45,1280.0,1280.85,271649
1744,2025-02-05T13:00:00+05:30,1280.95,1283.75,1280.25,1283.4,260737
1745,2025-02-05T13:15:00+05:30,1283.5,1283.85,1282.05,1283.2,207476
1746,2025-02-05T13:30:00+05:30,1283.2,1283.4,1282.25,1282.75,163958
1747,2025-02-05T13:45:00+05:30,1282.75,1284.1,1282.6,1284.1,203606
1748,2025-02-05T14:00:00+05:30,1284.1,1285.45,1282.6,1283.25,200351
1749,2025-02-05T14:15:00+05:30,1283.25,1284.9,1283.25,1283.35,205576
1750,2025-02-05T14:30:00+05:30,1283.35,1284.0,1281.9,1282.35,263184
1751,2025-02-05T14:45:00+05:30,1282.35,1282.45,1279.0,1279.95,411247
1752,2025-02-05T15:00:00+05:30,1279.95,1279.95,1276.7,1278.85,1475516
1753,2025-02-05T15:15:00+05:30,1278.85,1279.9,1277.5,1278.5,1289354
1754,2025-02-06T09:15:00+05:30,1275.0,1286.25,1274.0,1285.65,1027972
1755,2025-02-06T09:30:00+05:30,1285.85,1288.0,1282.2,1283.35,525538
1756,2025-02-06T09:45:00+05:30,1283.25,1284.6,1281.15,1281.9,368425
1757,2025-02-06T10:00:00+05:30,1281.95,1282.75,1277.35,1278.0,587586
1758,2025-02-06T10:15:00+05:30,1278.0,1280.6,1276.0,1279.65,548208
1759,2025-02-06T10:30:00+05:30,1279.65,1281.0,1278.15,1278.85,199882
1760,2025-02-06T10:45:00+05:30,1278.85,1280.5,1277.5,1280.25,215240
1761,2025-02-06T11:00:00+05:30,1280.25,1281.15,1278.0,1278.35,345455
1762,2025-02-06T11:15:00+05:30,1278.6,1279.15,1277.45,1278.7,149953
1763,2025-02-06T11:30:00+05:30,1278.7,1280.0,1277.1,1279.4,151859
1764,2025-02-06T11:45:00+05:30,1279.75,1280.0,1277.2,1277.75,159622
1765,2025-02-06T12:00:00+05:30,1277.7,1279.45,1276.5,1278.8,121860
1766,2025-02-06T12:15:00+05:30,1278.8,1279.1,1275.15,1276.55,225192
1767,2025-02-06T12:30:00+05:30,1276.55,1277.65,1274.25,1274.85,214702
1768,2025-02-06T12:45:00+05:30,1274.85,1275.6,1271.05,1272.5,382079
1769,2025-02-06T13:00:00+05:30,1272.5,1274.7,1270.35,1274.45,304949
1770,2025-02-06T13:15:00+05:30,1274.4,1276.5,1272.5,1275.6,209375
1771,2025-02-06T13:30:00+05:30,1276.05,1276.95,1274.6,1275.0,214225
1772,2025-02-06T13:45:00+05:30,1275.0,1277.25,1273.7,1276.2,282498
1773,2025-02-06T14:00:00+05:30,1275.75,1279.4,1275.5,1279.2,396365
1774,2025-02-06T14:15:00+05:30,1279.15,1279.5,1277.4,1278.9,314882
1775,2025-02-06T14:30:00+05:30,1278.9,1279.3,1277.1,1278.35,332044
1776,2025-02-06T14:45:00+05:30,1278.55,1280.0,1276.4,1278.2,488761
1777,2025-02-06T15:00:00+05:30,1278.25,1282.65,1278.2,1282.5,1115278
1778,2025-02-06T15:15:00+05:30,1282.55,1284.35,1280.5,1283.0,975320
1779,2025-02-07T09:15:00+05:30,1277.95,1283.7,1269.4,1272.0,893583
1780,2025-02-07T09:30:00+05:30,1272.0,1275.45,1270.8,1274.1,272621
1781,2025-02-07T09:45:00+05:30,1274.1,1274.1,1268.65,1269.2,318529
1782,2025-02-07T10:00:00+05:30,1269.1,1273.85,1267.5,1273.1,409102
1783,2025-02-07T10:15:00+05:30,1273.25,1274.45,1268.55,1271.05,375294
1784,2025-02-07T10:30:00+05:30,1271.05,1272.95,1269.95,1272.25,276184
1785,2025-02-07T10:45:00+05:30,1272.2,1274.5,1271.35,1273.55,300752
1786,2025-02-07T11:00:00+05:30,1273.55,1276.0,1271.5,1271.65,265037
1787,2025-02-07T11:15:00+05:30,1271.6,1276.5,1271.6,1275.75,308021
1788,2025-02-07T11:30:00+05:30,1275.75,1282.0,1275.75,1279.6,376938
1789,2025-02-07T11:45:00+05:30,1279.2,1280.65,1275.0,1275.65,307752
1790,2025-02-07T12:00:00+05:30,1275.45,1276.95,1272.55,1273.5,292581
1791,2025-02-07T12:15:00+05:30,1273.5,1275.5,1272.6,1274.1,188311
1792,2025-02-07T12:30:00+05:30,1274.1,1277.1,1273.3,1274.9,225352
1793,2025-02-07T12:45:00+05:30,1274.9,1275.0,1271.7,1273.05,220554
1794,2025-02-07T13:00:00+05:30,1273.05,1274.05,1270.7,1271.0,204783
1795,2025-02-07T13:15:00+05:30,1271.0,1273.05,1270.65,1271.95,179468
1796,2025-02-07T13:30:00+05:30,1271.95,1272.5,1270.25,1270.95,181940
1797,2025-02-07T13:45:00+05:30,1270.95,1270.95,1266.5,1267.8,252560
1798,2025-02-07T14:00:00+05:30,1267.8,1269.35,1263.35,1264.95,250298
1799,2025-02-07T14:15:00+05:30,1264.7,1264.9,1262.0,1264.65,235406
1800,2025-02-07T14:30:00+05:30,1264.65,1265.9,1263.05,1263.6,233285
1801,2025-02-07T14:45:00+05:30,1263.6,1265.65,1263.0,1263.65,301467
1802,2025-02-07T15:00:00+05:30,1263.65,1267.95,1263.6,1267.95,795862
1803,2025-02-07T15:15:00+05:30,1267.95,1269.4,1265.65,1266.5,829054
1804,2025-02-10T09:15:00+05:30,1264.9,1266.5,1253.6,1257.9,707242
1805,2025-02-10T09:30:00+05:30,1257.85,1258.05,1250.6,1251.2,368972
1806,2025-02-10T09:45:00+05:30,1251.1,1254.0,1250.5,1252.1,236940
1807,2025-02-10T10:00:00+05:30,1252.1,1253.4,1245.9,1246.9,353914
1808,2025-02-10T10:15:00+05:30,1246.9,1249.85,1245.55,1249.4,224431
1809,2025-02-10T10:30:00+05:30,1249.05,1250.95,1247.55,1250.7,168567
1810,2025-02-10T10:45:00+05:30,1250.7,1252.45,1250.0,1251.65,225244
1811,2025-02-10T11:00:00+05:30,1251.45,1251.7,1248.65,1249.35,165912
1812,2025-02-10T11:15:00+05:30,1249.45,1250.25,1248.5,1249.65,291952
1813,2025-02-10T11:30:00+05:30,1249.65,1251.7,1248.25,1249.95,170211
1814,2025-02-10T11:45:00+05:30,1249.95,1250.45,1248.75,1249.0,92231
1815,2025-02-10T12:00:00+05:30,1248.95,1250.0,1247.7,1249.25,158166
1816,2025-02-10T12:15:00+05:30,1249.25,1250.0,1248.45,1249.5,134646
1817,2025-02-10T12:30:00+05:30,1249.45,1249.55,1247.25,1248.5,236572
1818,2025-02-10T12:45:00+05:30,1248.3,1249.95,1247.15,1249.05,159766
1819,2025-02-10T13:00:00+05:30,1249.05,1249.35,1247.4,1248.45,177435
1820,2025-02-10T13:15:00+05:30,1248.15,1250.25,1247.0,1249.35,152212
1821,2025-02-10T13:30:00+05:30,1249.35,1249.35,1247.05,1248.25,210365
1822,2025-02-10T13:45:00+05:30,1248.25,1250.35,1247.5,1248.7,211666
1823,2025-02-10T14:00:00+05:30,1248.6,1249.55,1248.0,1248.2,178922
1824,2025-02-10T14:15:00+05:30,1248.05,1248.8,1247.0,1247.8,191351
1825,2025-02-10T14:30:00+05:30,1247.85,1251.35,1247.75,1250.1,257524
1826,2025-02-10T14:45:00+05:30,1250.1,1251.45,1249.0,1251.3,288396
1827,2025-02-10T15:00:00+05:30,1251.25,1254.8,1251.15,1253.9,724923
1828,2025-02-10T15:15:00+05:30,1253.9,1254.7,1252.0,1254.65,737871
1829,2025-02-11T09:15:00+05:30,1264.0,1264.0,1252.85,1254.5,905549
1830,2025-02-11T09:30:00+05:30,1254.7,1258.8,1254.3,1257.0,277841
1831,2025-02-11T09:45:00+05:30,1256.95,1257.45,1250.05,1251.15,253216
1832,2025-02-11T10:00:00+05:30,1251.15,1255.0,1251.1,1252.45,207563
1833,2025-02-11T10:15:00+05:30,1252.45,1257.0,1252.4,1256.8,179391
1834,2025-02-11T10:30:00+05:30,1256.8,1258.5,1256.1,1257.0,191324
1835,2025-02-11T10:45:00+05:30,1257.0,1257.0,1252.65,1252.85,201371
1836,2025-02-11T11:00:00+05:30,1252.9,1255.4,1252.7,1254.85,238190
1837,2025-02-11T11:15:00+05:30,1254.8,1258.0,1254.35,1254.8,229874
1838,2025-02-11T11:30:00+05:30,1254.8,1259.55,1254.0,1258.6,173897
1839,2025-02-11T11:45:00+05:30,1258.5,1260.0,1256.5,1256.85,169001
1840,2025-02-11T12:00:00+05:30,1256.85,1257.0,1254.95,1255.05,164441
1841,2025-02-11T12:15:00+05:30,1255.05,1255.2,1252.15,1253.1,141036
1842,2025-02-11T12:30:00+05:30,1253.15,1253.6,1251.0,1252.6,122924
1843,2025-02-11T12:45:00+05:30,1252.6,1253.35,1247.0,1247.65,229240
1844,2025-02-11T13:00:00+05:30,1247.95,1247.95,1234.0,1235.05,399236
1845,2025-02-11T13:15:00+05:30,1235.0,1238.65,1232.35,1232.9,350769
1846,2025-02-11T13:30:00+05:30,1232.95,1237.0,1232.05,1235.65,336555
1847,2025-02-11T13:45:00+05:30,1235.5,1236.45,1233.0,1233.35,348124
1848,2025-02-11T14:00:00+05:30,1233.35,1234.45,1230.1,1234.05,316655
1849,2025-02-11T14:15:00+05:30,1234.05,1235.0,1230.35,1232.6,276772
1850,2025-02-11T14:30:00+05:30,1232.6,1234.3,1230.5,1232.25,364777
1851,2025-02-11T14:45:00+05:30,1232.25,1236.7,1230.55,1231.5,751498
1852,2025-02-11T15:00:00+05:30,1231.25,1235.95,1231.1,1234.85,890394
1853,2025-02-11T15:15:00+05:30,1234.95,1238.55,1234.3,1237.55,868981
1854,2025-02-12T09:15:00+05:30,1220.0,1226.9,1210.1,1210.1,2866596
1855,2025-02-12T09:30:00+05:30,1210.1,1210.35,1202.0,1203.0,1381800
1856,2025-02-12T09:45:00+05:30,1203.0,1203.05,1193.35,1200.0,1755022
1857,2025-02-12T10:00:00+05:30,1199.85,1204.0,1198.3,1201.25,847850
1858,2025-02-12T10:15:00+05:30,1201.35,1208.75,1199.75,1206.7,1245505
1859,2025-02-12T10:30:00+05:30,1206.7,1211.0,1206.15,1207.65,935787
1860,2025-02-12T10:45:00+05:30,1207.65,1212.4,1207.15,1209.85,653538
1861,2025-02-12T11:00:00+05:30,1209.85,1210.4,1203.9,1209.7,663570
1862,2025-02-12T11:15:00+05:30,1209.7,1212.45,1207.85,1210.0,653709
1863,2025-02-12T11:30:00+05:30,1210.25,1215.0,1208.2,1215.0,551403
1864,2025-02-12T11:45:00+05:30,1215.0,1219.6,1211.35,1216.85,720023
1865,2025-02-12T12:00:00+05:30,1216.55,1219.0,1215.35,1216.0,500162
1866,2025-02-12T12:15:00+05:30,1215.9,1216.45,1211.65,1212.65,400459
1867,2025-02-12T12:30:00+05:30,1212.65,1217.0,1212.0,1213.5,383513
1868,2025-02-12T12:45:00+05:30,1213.55,1217.4,1213.0,1214.2,430573
1869,2025-02-12T13:00:00+05:30,1214.2,1218.55,1213.0,1217.3,463750
1870,2025-02-12T13:15:00+05:30,1217.4,1217.8,1216.0,1217.35,275054
1871,2025-02-12T13:30:00+05:30,1217.3,1219.0,1214.0,1216.75,516105
1872,2025-02-12T13:45:00+05:30,1216.9,1217.15,1211.2,1211.85,834876
1873,2025-02-12T14:00:00+05:30,1211.85,1214.0,1210.05,1213.75,612732
1874,2025-02-12T14:15:00+05:30,1213.7,1217.0,1212.05,1213.0,615817
1875,2025-02-12T14:30:00+05:30,1213.0,1213.35,1210.0,1211.75,563923
1876,2025-02-12T14:45:00+05:30,1211.8,1212.3,1209.6,1210.75,438535
1877,2025-02-12T15:00:00+05:30,1210.7,1218.4,1210.7,1217.2,1074409
1878,2025-02-12T15:15:00+05:30,1217.15,1218.3,1215.8,1217.05,986182
1879,2025-02-13T09:15:00+05:30,1218.55,1222.9,1212.15,1213.55,896333
1880,2025-02-13T09:30:00+05:30,1213.5,1220.75,1213.2,1219.2,429551
1881,2025-02-13T09:45:00+05:30,1219.1,1221.7,1218.5,1219.9,328854
1882,2025-02-13T10:00:00+05:30,1219.9,1222.85,1219.1,1222.25,529360
1883,2025-02-13T10:15:00+05:30,1222.65,1224.0,1216.8,1218.2,337696
1884,2025-02-13T10:30:00+05:30,1218.05,1222.9,1217.45,1222.25,303223
1885,2025-02-13T10:45:00+05:30,1222.15,1222.85,1220.25,1221.0,270348
1886,2025-02-13T11:00:00+05:30,1221.05,1222.65,1217.55,1221.0,368853
1887,2025-02-13T11:15:00+05:30,1220.85,1225.0,1220.85,1224.55,231890
1888,2025-02-13T11:30:00+05:30,1224.45,1227.0,1224.45,1226.65,210038
1889,2025-02-13T11:45:00+05:30,1226.6,1227.8,1225.0,1225.1,327552
1890,2025-02-13T12:00:00+05:30,1225.1,1228.0,1225.0,1226.45,205349
1891,2025-02-13T12:15:00+05:30,1226.5,1227.35,1224.5,1224.9,301689
1892,2025-02-13T12:30:00+05:30,1224.7,1225.9,1223.35,1225.1,207709
1893,2025-02-13T12:45:00+05:30,1225.1,1226.35,1224.35,1224.95,179424
1894,2025-02-13T13:00:00+05:30,1225.0,1225.5,1222.25,1222.7,138794
1895,2025-02-13T13:15:00+05:30,1222.85,1224.4,1221.3,1222.05,238133
1896,2025-02-13T13:30:00+05:30,1222.1,1222.1,1216.0,1218.0,381926
1897,2025-02-13T13:45:00+05:30,1217.85,1218.35,1215.1,1217.4,298185
1898,2025-02-13T14:00:00+05:30,1217.4,1219.0,1214.4,1215.15,237882
1899,2025-02-13T14:15:00+05:30,1215.3,1216.0,1214.1,1214.85,196095
1900,2025-02-13T14:30:00+05:30,1214.85,1215.05,1212.0,1213.55,414491
1901,2025-02-13T14:45:00+05:30,1213.55,1215.85,1212.45,1214.25,307441
1902,2025-02-13T15:00:00+05:30,1214.25,1219.0,1214.15,1215.95,577344
1903,2025-02-13T15:15:00+05:30,1216.0,1216.95,1215.0,1216.2,555572
1904,2025-02-14T09:15:00+05:30,1219.2,1224.0,1217.0,1217.05,566609
1905,2025-02-14T09:30:00+05:30,1217.25,1219.8,1214.4,1218.4,270921
1906,2025-02-14T09:45:00+05:30,1218.4,1219.45,1215.7,1218.85,178829
1907,2025-02-14T10:00:00+05:30,1218.6,1221.85,1217.95,1219.6,228783
1908,2025-02-14T10:15:00+05:30,1219.3,1222.15,1216.0,1216.6,2664601
1909,2025-02-14T10:30:00+05:30,1216.6,1217.6,1210.0,1210.5,315844
1910,2025-02-14T10:45:00+05:30,1210.6,1211.5,1208.0,1210.65,259068
1911,2025-02-14T11:00:00+05:30,1210.65,1212.4,1206.4,1210.1,322081
1912,2025-02-14T11:15:00+05:30,1210.0,1210.4,1208.35,1208.8,138408
1913,2025-02-14T11:30:00+05:30,1208.7,1213.7,1208.0,1213.45,283970
1914,2025-02-14T11:45:00+05:30,1213.45,1214.35,1211.8,1214.1,215694
1915,2025-02-14T12:00:00+05:30,1214.25,1214.45,1207.0,1209.35,279910
1916,2025-02-14T12:15:00+05:30,1209.35,1211.2,1208.0,1210.5,248632
1917,2025-02-14T12:30:00+05:30,1210.5,1212.2,1209.0,1209.65,224314
1918,2025-02-14T12:45:00+05:30,1209.8,1211.65,1208.0,1208.1,252024
1919,2025-02-14T13:00:00+05:30,1208.1,1208.85,1206.5,1207.85,228258
1920,2025-02-14T13:15:00+05:30,1207.85,1210.75,1207.3,1209.7,208841
1921,2025-02-14T13:30:00+05:30,1209.7,1210.35,1207.0,1207.5,227281
1922,2025-02-14T13:45:00+05:30,1207.5,1208.6,1205.45,1206.3,217086
1923,2025-02-14T14:00:00+05:30,1206.3,1209.4,1205.85,1209.0,243933
1924,2025-02-14T14:15:00+05:30,1208.9,1213.05,1208.05,1212.05,425252
1925,2025-02-14T14:30:00+05:30,1212.15,1215.9,1211.0,1215.45,395502
1926,2025-02-14T14:45:00+05:30,1215.3,1217.5,1213.2,1216.5,429954
1927,2025-02-14T15:00:00+05:30,1216.45,1220.8,1216.45,1217.55,641650
1928,2025-02-14T15:15:00+05:30,1217.6,1217.6,1213.85,1214.75,708335
1929,2025-02-17T09:15:00+05:30,1211.2,1218.05,1204.5,1217.1,1206399
1930,2025-02-17T09:30:00+05:30,1217.1,1218.35,1213.0,1214.0,455056
1931,2025-02-17T09:45:00+05:30,1213.95,1215.7,1211.25,1214.35,261332
1932,2025-02-17T10:00:00+05:30,1214.2,1218.8,1212.25,1216.85,318408
1933,2025-02-17T10:15:00+05:30,1216.8,1222.95,1216.0,1222.35,311309
1934,2025-02-17T10:30:00+05:30,1222.3,1225.0,1220.9,1224.75,328510
1935,2025-02-17T10:45:00+05:30,1224.5,1225.75,1223.05,1223.55,419513
1936,2025-02-17T11:00:00+05:30,1223.6,1224.1,1216.1,1217.3,193977
1937,2025-02-17T11:15:00+05:30,1217.25,1221.0,1216.55,1220.25,155033
1938,2025-02-17T11:30:00+05:30,1220.0,1221.7,1219.4,1221.5,130006
1939,2025-02-17T11:45:00+05:30,1221.5,1224.1,1220.65,1221.85,177280
1940,2025-02-17T12:00:00+05:30,1221.85,1223.0,1219.95,1220.0,158563
1941,2025-02-17T12:15:00+05:30,1220.2,1220.85,1217.25,1218.1,126279
1942,2025-02-17T12:30:00+05:30,1217.9,1220.0,1217.7,1219.8,104237
1943,2025-02-17T12:45:00+05:30,1219.7,1223.45,1218.5,1223.25,339408
1944,2025-02-17T13:00:00+05:30,1223.25,1224.0,1221.4,1222.15,146849
1945,2025-02-17T13:15:00+05:30,1222.15,1224.7,1221.4,1224.3,192590
1946,2025-02-17T13:30:00+05:30,1224.3,1227.5,1222.15,1225.2,427338
1947,2025-02-17T13:45:00+05:30,1225.2,1225.45,1220.0,1221.45,206623
1948,2025-02-17T14:00:00+05:30,1221.35,1223.0,1219.9,1220.25,184897
1949,2025-02-17T14:15:00+05:30,1220.15,1222.0,1219.95,1222.0,163818
1950,2025-02-17T14:30:00+05:30,1221.9,1222.0,1219.0,1220.85,204528
1951,2025-02-17T14:45:00+05:30,1220.85,1224.45,1219.35,1224.0,505508
1952,2025-02-17T15:00:00+05:30,1224.1,1225.7,1223.35,1224.95,602264
1953,2025-02-17T15:15:00+05:30,1224.95,1226.4,1223.0,1225.45,683708
1954,2025-02-18T09:15:00+05:30,1224.8,1225.2,1219.55,1224.45,598803
1955,2025-02-18T09:30:00+05:30,1224.55,1227.95,1221.95,1227.5,303526
1956,2025-02-18T09:45:00+05:30,1227.35,1229.9,1225.0,1225.5,251415
1957,2025-02-18T10:00:00+05:30,1225.25,1227.4,1222.45,1222.95,179304
1958,2025-02-18T10:15:00+05:30,1222.95,1223.95,1216.1,1217.4,300907
1959,2025-02-18T10:30:00+05:30,1217.35,1219.6,1216.65,1219.2,144620
1960,2025-02-18T10:45:00+05:30,1219.15,1222.95,1218.0,1222.05,152187
1961,2025-02-18T11:00:00+05:30,1222.25,1222.4,1218.8,1220.0,401206
1962,2025-02-18T11:15:00+05:30,1220.05,1223.5,1218.6,1222.45,174471
1963,2025-02-18T11:30:00+05:30,1222.45,1225.5,1222.0,1225.4,214953
1964,2025-02-18T11:45:00+05:30,1225.4,1226.9,1223.2,1223.2,185748
1965,2025-02-18T12:00:00+05:30,1223.15,1225.45,1222.4,1225.2,134506
1966,2025-02-18T12:15:00+05:30,1225.25,1225.6,1223.0,1225.05,114132
1967,2025-02-18T12:30:00+05:30,1225.05,1227.55,1224.55,1225.2,173708
1968,2025-02-18T12:45:00+05:30,1225.35,1225.75,1221.75,1222.45,186993
1969,2025-02-18T13:00:00+05:30,1222.75,1224.65,1222.05,1223.2,177362
1970,2025-02-18T13:15:00+05:30,1223.9,1223.9,1221.2,1221.25,208720
1971,2025-02-18T13:30:00+05:30,1221.35,1223.0,1220.0,1222.3,284879
1972,2025-02-18T13:45:00+05:30,1222.45,1225.25,1221.95,1224.05,205194
1973,2025-02-18T14:00:00+05:30,1224.05,1228.9,1222.5,1226.7,302433
1974,2025-02-18T14:15:00+05:30,1226.65,1228.4,1224.8,1228.4,195884
1975,2025-02-18T14:30:00+05:30,1228.4,1228.95,1225.7,1228.6,298329
1976,2025-02-18T14:45:00+05:30,1228.6,1228.95,1225.0,1225.7,242219
1977,2025-02-18T15:00:00+05:30,1225.6,1227.95,1225.35,1225.85,592083
1978,2025-02-18T15:15:00+05:30,1225.85,1225.85,1223.0,1223.95,609463
1979,2025-02-19T09:15:00+05:30,1219.45,1224.8,1217.55,1224.5,871018
1980,2025-02-19T09:30:00+05:30,1224.5,1227.65,1223.75,1225.75,297862
1981,2025-02-19T09:45:00+05:30,1225.95,1229.8,1225.65,1229.5,242889
1982,2025-02-19T10:00:00+05:30,1229.3,1230.7,1227.1,1227.95,194977
1983,2025-02-19T10:15:00+05:30,1227.95,1232.4,1227.9,1231.6,301977
1984,2025-02-19T10:30:00+05:30,1231.6,1232.75,1230.05,1231.3,164401
1985,2025-02-19T10:45:00+05:30,1231.6,1232.65,1226.0,1226.15,195327
1986,2025-02-19T11:00:00+05:30,1226.2,1228.7,1225.45,1228.6,147828
1987,2025-02-19T11:15:00+05:30,1228.7,1229.3,1227.45,1228.15,102417
1988,2025-02-19T11:30:00+05:30,1228.1,1230.55,1227.5,1228.3,101078
1989,2025-02-19T11:45:00+05:30,1228.4,1230.1,1228.3,1230.0,87334
1990,2025-02-19T12:00:00+05:30,1230.0,1231.8,1229.7,1230.85,138480
1991,2025-02-19T12:15:00+05:30,1230.8,1232.55,1228.25,1228.4,163265
1992,2025-02-19T12:30:00+05:30,1228.5,1228.7,1226.75,1226.85,361318
1993,2025-02-19T12:45:00+05:30,1226.9,1227.9,1225.85,1227.45,436167
1994,2025-02-19T13:00:00+05:30,1227.5,1228.5,1225.0,1227.2,212550
1995,2025-02-19T13:15:00+05:30,1227.25,1227.95,1225.8,1226.25,113666
1996,2025-02-19T13:30:00+05:30,1226.15,1228.8,1225.8,1227.25,130998
1997,2025-02-19T13:45:00+05:30,1227.0,1228.55,1226.35,1227.75,129021
1998,2025-02-19T14:00:00+05:30,1227.75,1230.5,1227.3,1230.45,201461
1999,2025-02-19T14:15:00+05:30,1230.45,1230.65,1225.4,1225.55,298277
2000,2025-02-19T14:30:00+05:30,1225.55,1227.9,1225.45,1226.5,206547
2001,2025-02-19T14:45:00+05:30,1226.5,1228.0,1225.25,1227.75,252282
2002,2025-02-19T15:00:00+05:30,1227.8,1228.65,1227.05,1227.5,372946
2003,2025-02-19T15:15:00+05:30,1227.5,1228.5,1226.0,1226.3,368399
2004,2025-02-20T09:15:00+05:30,1223.5,1234.25,1222.0,1231.75,848742
2005,2025-02-20T09:30:00+05:30,1231.7,1237.35,1231.0,1234.75,464764
2006,2025-02-20T09:45:00+05:30,1234.7,1236.9,1230.2,1235.6,343688
2007,2025-02-20T10:00:00+05:30,1235.65,1236.25,1233.5,1235.55,168162
2008,2025-02-20T10:15:00+05:30,1235.55,1237.7,1235.35,1236.35,306706
2009,2025-02-20T10:30:00+05:30,1236.35,1239.35,1235.85,1237.25,236160
2010,2025-02-20T10:45:00+05:30,1237.3,1238.4,1235.5,1235.5,289923
2011,2025-02-20T11:00:00+05:30,1235.55,1238.0,1235.0,1235.45,319197
2012,2025-02-20T11:15:00+05:30,1235.35,1237.4,1234.5,1235.45,222556
2013,2025-02-20T11:30:00+05:30,1235.4,1235.75,1234.2,1234.65,102603
2014,2025-02-20T11:45:00+05:30,1234.65,1235.35,1233.1,1234.65,163307
2015,2025-02-20T12:00:00+05:30,1234.7,1236.1,1234.2,1235.55,154836
2016,2025-02-20T12:15:00+05:30,1235.4,1237.3,1235.25,1236.25,247779
2017,2025-02-20T12:30:00+05:30,1236.1,1236.55,1235.0,1235.55,206977
2018,2025-02-20T12:45:00+05:30,1235.25,1236.8,1234.6,1236.55,209132
2019,2025-02-20T13:00:00+05:30,1236.4,1236.65,1234.45,1234.95,174127
2020,2025-02-20T13:15:00+05:30,1234.95,1235.8,1233.55,1234.3,198804
2021,2025-02-20T13:30:00+05:30,1234.25,1234.6,1232.55,1233.45,264176
2022,2025-02-20T13:45:00+05:30,1233.5,1235.0,1232.7,1233.3,263986
2023,2025-02-20T14:00:00+05:30,1233.3,1233.6,1232.0,1232.7,271900
2024,2025-02-20T14:15:00+05:30,1232.75,1232.95,1231.3,1231.9,261268
2025,2025-02-20T14:30:00+05:30,1231.85,1234.05,1231.0,1233.5,312234
2026,2025-02-20T14:45:00+05:30,1233.5,1234.5,1232.0,1233.65,342554
2027,2025-02-20T15:00:00+05:30,1233.65,1233.85,1231.95,1233.05,627166
2028,2025-02-20T15:15:00+05:30,1233.1,1233.85,1232.0,1232.0,743619
2029,2025-02-21T09:15:00+05:30,1228.9,1238.0,1226.7,1236.65,486306
2030,2025-02-21T09:30:00+05:30,1236.8,1238.4,1235.6,1236.9,250316
2031,2025-02-21T09:45:00+05:30,1236.65,1240.0,1235.0,1238.8,362832
2032,2025-02-21T10:00:00+05:30,1239.0,1240.0,1234.8,1235.4,350982
2033,2025-02-21T10:15:00+05:30,1235.4,1235.85,1232.0,1233.85,329645
2034,2025-02-21T10:30:00+05:30,1233.85,1237.0,1233.0,1234.55,201757
2035,2025-02-21T10:45:00+05:30,1234.75,1234.95,1232.0,1234.4,323717
2036,2025-02-21T11:00:00+05:30,1234.3,1236.0,1231.6,1232.75,238549
2037,2025-02-21T11:15:00+05:30,1232.6,1233.95,1231.75,1233.95,244299
2038,2025-02-21T11:30:00+05:30,1233.8,1237.05,1233.8,1235.3,188341
2039,2025-02-21T11:45:00+05:30,1235.3,1237.15,1234.95,1235.0,220166
2040,2025-02-21T12:00:00+05:30,1235.0,1235.3,1232.0,1232.75,219498
2041,2025-02-21T12:15:00+05:30,1232.75,1233.65,1232.0,1232.5,146708
2042,2025-02-21T12:30:00+05:30,1232.2,1233.1,1231.0,1231.5,168480
2043,2025-02-21T12:45:00+05:30,1231.7,1231.85,1229.2,1229.55,228159
2044,2025-02-21T13:00:00+05:30,1229.5,1229.65,1226.75,1228.0,260118
2045,2025-02-21T13:15:00+05:30,1227.95,1229.3,1226.0,1226.2,276185
2046,2025-02-21T13:30:00+05:30,1226.25,1227.6,1222.5,1223.65,346546
2047,2025-02-21T13:45:00+05:30,1223.55,1226.25,1222.15,1226.0,240186
2048,2025-02-21T14:00:00+05:30,1225.8,1228.0,1224.4,1227.4,160113
2049,2025-02-21T14:15:00+05:30,1227.45,1227.9,1225.5,1226.95,134594
2050,2025-02-21T14:30:00+05:30,1226.6,1229.0,1225.6,1228.15,185103
2051,2025-02-21T14:45:00+05:30,1228.0,1228.9,1226.05,1226.45,220934
2052,2025-02-21T15:00:00+05:30,1226.4,1229.9,1226.15,1228.9,542606
2053,2025-02-21T15:15:00+05:30,1228.9,1229.0,1224.6,1226.9,508552
2054,2025-02-24T09:15:00+05:30,1217.0,1223.25,1214.55,1217.75,661914
2055,2025-02-24T09:30:00+05:30,1218.05,1220.25,1212.15,1213.4,320214
2056,2025-02-24T09:45:00+05:30,1213.75,1216.0,1212.95,1215.35,192893
2057,2025-02-24T10:00:00+05:30,1215.4,1217.0,1214.0,1214.2,188747
2058,2025-02-24T10:15:00+05:30,1214.45,1214.5,1211.2,1212.1,273171
2059,2025-02-24T10:30:00+05:30,1212.15,1213.1,1210.5,1212.95,302730
2060,2025-02-24T10:45:00+05:30,1212.9,1215.05,1212.5,1213.8,319652
2061,2025-02-24T11:00:00+05:30,1213.8,1217.55,1213.2,1215.05,209746
2062,2025-02-24T11:15:00+05:30,1215.0,1216.4,1214.4,1216.35,143522
2063,2025-02-24T11:30:00+05:30,1216.35,1219.0,1215.85,1219.0,232696
2064,2025-02-24T11:45:00+05:30,1219.0,1219.75,1216.4,1217.65,168160
2065,2025-02-24T12:00:00+05:30,1217.65,1217.9,1215.15,1216.6,175551
2066,2025-02-24T12:15:00+05:30,1216.6,1217.3,1215.0,1215.0,117754
2067,2025-02-24T12:30:00+05:30,1215.2,1219.45,1215.0,1218.35,282827
2068,2025-02-24T12:45:00+05:30,1218.35,1219.5,1218.0,1218.45,149072
2069,2025-02-24T13:00:00+05:30,1218.6,1219.5,1218.0,1218.0,164180
2070,2025-02-24T13:15:00+05:30,1218.0,1218.3,1216.05,1217.95,212886
2071,2025-02-24T13:30:00+05:30,1217.95,1219.5,1216.85,1216.95,209371
2072,2025-02-24T13:45:00+05:30,1216.9,1216.95,1215.2,1215.75,184277
2073,2025-02-24T14:00:00+05:30,1216.0,1216.8,1215.3,1216.0,148094
2074,2025-02-24T14:15:00+05:30,1216.0,1216.5,1215.45,1215.9,156915
2075,2025-02-24T14:30:00+05:30,1215.85,1217.45,1215.65,1217.0,263400
2076,2025-02-24T14:45:00+05:30,1217.05,1219.95,1215.5,1216.2,357760
2077,2025-02-24T15:00:00+05:30,1216.2,1216.5,1213.95,1214.5,796145
2078,2025-02-24T15:15:00+05:30,1214.5,1215.4,1213.45,1215.0,868227
2079,2025-02-25T09:15:00+05:30,1210.85,1218.8,1210.55,1217.2,794990
2080,2025-02-25T09:30:00+05:30,1217.2,1221.0,1216.5,1218.8,398379
2081,2025-02-25T09:45:00+05:30,1218.8,1220.45,1215.0,1216.95,361642
2082,2025-02-25T10:00:00+05:30,1216.95,1217.05,1214.3,1215.0,387980
2083,2025-02-25T10:15:00+05:30,1215.0,1215.8,1212.1,1212.4,287827
2084,2025-02-25T10:30:00+05:30,1212.3,1214.85,1211.05,1214.4,332214
2085,2025-02-25T10:45:00+05:30,1214.4,1214.5,1211.6,1214.0,332916
2086,2025-02-25T11:00:00+05:30,1214.0,1214.2,1212.45,1213.3,287492
2087,2025-02-25T11:15:00+05:30,1213.15,1213.3,1209.0,1209.05,393314
2088,2025-02-25T11:30:00+05:30,1209.0,1210.25,1207.5,1209.9,284486
2089,2025-02-25T11:45:00+05:30,1209.9,1210.05,1207.0,1209.5,439655
2090,2025-02-25T12:00:00+05:30,1209.45,1210.35,1207.0,1210.1,301247
2091,2025-02-25T12:15:00+05:30,1209.95,1210.35,1208.5,1210.2,180319
2092,2025-02-25T12:30:00+05:30,1210.1,1211.3,1209.5,1210.7,225348
2093,2025-02-25T12:45:00+05:30,1210.85,1211.5,1210.0,1211.25,159475
2094,2025-02-25T13:00:00+05:30,1211.1,1212.35,1209.4,1210.45,331191
2095,2025-02-25T13:15:00+05:30,1210.5,1210.6,1208.3,1209.55,311637
2096,2025-02-25T13:30:00+05:30,1209.55,1211.5,1209.5,1211.3,455351
2097,2025-02-25T13:45:00+05:30,1211.1,1212.8,1209.8,1211.7,349346
2098,2025-02-25T14:00:00+05:30,1211.75,1212.05,1209.6,1210.45,240875
2099,2025-02-25T14:15:00+05:30,1210.4,1211.5,1209.45,1209.7,258608
2100,2025-02-25T14:30:00+05:30,1209.7,1210.75,1209.25,1209.5,266314
2101,2025-02-25T14:45:00+05:30,1209.35,1209.65,1207.0,1207.25,406487
2102,2025-02-25T15:00:00+05:30,1207.1,1208.75,1202.15,1203.5,2025438
2103,2025-02-25T15:15:00+05:30,1203.45,1204.35,1201.5,1202.0,1561863
2104,2025-02-27T09:15:00+05:30,1212.0,1215.0,1202.5,1202.85,1372004
2105,2025-02-27T09:30:00+05:30,1202.85,1203.9,1201.7,1202.75,620881
2106,2025-02-27T09:45:00+05:30,1202.7,1203.55,1201.0,1202.1,288575
2107,2025-02-27T10:00:00+05:30,1202.1,1205.5,1201.05,1204.45,288212
2108,2025-02-27T10:15:00+05:30,1204.45,1205.15,1203.25,1204.15,277091
2109,2025-02-27T10:30:00+05:30,1204.0,1206.8,1203.95,1205.8,306574
2110,2025-02-27T10:45:00+05:30,1206.15,1206.9,1205.0,1206.1,212997
2111,2025-02-27T11:00:00+05:30,1206.15,1206.2,1205.1,1206.2,337262
2112,2025-02-27T11:15:00+05:30,1206.1,1206.8,1203.45,1204.0,494099
2113,2025-02-27T11:30:00+05:30,1203.95,1204.3,1202.55,1203.55,262455
2114,2025-02-27T11:45:00+05:30,1203.5,1204.6,1201.45,1202.0,282361
2115,2025-02-27T12:00:00+05:30,1202.0,1202.15,1200.65,1200.95,358988
2116,2025-02-27T12:15:00+05:30,1200.95,1202.65,1200.85,1202.25,189989
2117,2025-02-27T12:30:00+05:30,1202.3,1204.5,1202.05,1203.95,227892
2118,2025-02-27T12:45:00+05:30,1203.95,1205.4,1203.9,1204.7,419713
2119,2025-02-27T13:00:00+05:30,1204.7,1206.45,1204.15,1206.05,197788
2120,2025-02-27T13:15:00+05:30,1206.0,1208.75,1205.6,1208.2,348851
2121,2025-02-27T13:30:00+05:30,1208.2,1210.2,1207.45,1209.0,473735
2122,2025-02-27T13:45:00+05:30,1209.0,1210.55,1208.45,1210.25,373608
2123,2025-02-27T14:00:00+05:30,1210.35,1211.4,1208.6,1209.2,432076
2124,2025-02-27T14:15:00+05:30,1209.2,1210.35,1207.85,1208.3,349695
2125,2025-02-27T14:30:00+05:30,1208.3,1209.05,1205.0,1205.2,503479
2126,2025-02-27T14:45:00+05:30,1205.2,1206.7,1205.0,1205.2,429309
2127,2025-02-27T15:00:00+05:30,1205.2,1207.0,1204.8,1206.2,977568
2128,2025-02-27T15:15:00+05:30,1206.2,1210.25,1206.05,1208.0,1178501
2129,2025-02-28T09:15:00+05:30,1201.9,1209.0,1200.05,1208.8,1308090
2130,2025-02-28T09:30:00+05:30,1208.8,1213.7,1205.4,1211.25,860657
2131,2025-02-28T09:45:00+05:30,1211.25,1215.9,1210.3,1211.45,796304
2132,2025-02-28T10:00:00+05:30,1211.45,1212.95,1209.45,1212.8,491895
2133,2025-02-28T10:15:00+05:30,1212.5,1215.5,1211.05,1214.5,542588
2134,2025-02-28T10:30:00+05:30,1214.55,1217.35,1212.2,1213.05,565031
2135,2025-02-28T10:45:00+05:30,1213.1,1214.75,1211.55,1214.5,315628
2136,2025-02-28T11:00:00+05:30,1214.45,1216.4,1212.65,1213.1,391152
2137,2025-02-28T11:15:00+05:30,1213.3,1215.4,1210.55,1210.85,314584
2138,2025-02-28T11:30:00+05:30,1210.85,1212.9,1207.0,1207.6,705440
2139,2025-02-28T11:45:00+05:30,1207.7,1209.25,1207.0,1207.75,466450
2140,2025-02-28T12:00:00+05:30,1207.75,1208.1,1205.5,1205.85,500274
2141,2025-02-28T12:15:00+05:30,1205.85,1211.3,1205.45,1210.65,526566
2142,2025-02-28T12:30:00+05:30,1210.65,1212.0,1207.8,1210.1,609908
2143,2025-02-28T12:45:00+05:30,1209.75,1210.15,1206.05,1206.15,709036
2144,2025-02-28T13:00:00+05:30,1206.2,1209.0,1205.85,1207.0,510262
2145,2025-02-28T13:15:00+05:30,1206.95,1209.6,1206.1,1208.7,782183
2146,2025-02-28T13:30:00+05:30,1208.75,1209.75,1207.9,1208.95,424878
2147,2025-02-28T13:45:00+05:30,1208.95,1211.95,1208.6,1209.55,510101
2148,2025-02-28T14:00:00+05:30,1209.55,1210.0,1207.25,1208.3,566394
2149,2025-02-28T14:15:00+05:30,1208.3,1209.8,1207.25,1207.6,398833
2150,2025-02-28T14:30:00+05:30,1207.65,1210.3,1207.35,1209.9,559421
2151,2025-02-28T14:45:00+05:30,1209.85,1210.95,1207.5,1209.65,706646
2152,2025-02-28T15:00:00+05:30,1209.75,1209.8,1201.05,1201.4,4855230
2153,2025-02-28T15:15:00+05:30,1201.45,1201.45,1193.3,1198.0,4373363
2154,2025-03-03T09:15:00+05:30,1204.9,1206.45,1183.0,1183.55,1272664
2155,2025-03-03T09:30:00+05:30,1183.95,1183.95,1167.0,1167.6,1358311
2156,2025-03-03T09:45:00+05:30,1167.6,1169.3,1161.15,1166.8,1002011
2157,2025-03-03T10:00:00+05:30,1166.8,1167.3,1160.05,1160.35,796743
2158,2025-03-03T10:15:00+05:30,1160.1,1165.7,1156.0,1164.55,863861
2159,2025-03-03T10:30:00+05:30,1164.1,1165.9,1160.0,1160.75,507781
2160,2025-03-03T10:45:00+05:30,1160.7,1165.05,1160.0,1162.65,1140374
2161,2025-03-03T11:00:00+05:30,1162.5,1164.1,1160.0,1162.7,908454
2162,2025-03-03T11:15:00+05:30,1162.7,1164.4,1160.2,1164.15,492941
2163,2025-03-03T11:30:00+05:30,1164.15,1164.9,1162.1,1162.85,418937
2164,2025-03-03T11:45:00+05:30,1162.9,1164.2,1160.0,1160.25,378751
2165,2025-03-03T12:00:00+05:30,1160.2,1160.95,1158.1,1160.45,419443
2166,2025-03-03T12:15:00+05:30,1160.45,1163.0,1159.9,1162.4,346053
2167,2025-03-03T12:30:00+05:30,1162.55,1165.0,1162.1,1164.6,498674
2168,2025-03-03T12:45:00+05:30,1164.65,1167.25,1163.4,1163.5,670974
2169,2025-03-03T13:00:00+05:30,1163.5,1166.5,1163.4,1166.2,398030
2170,2025-03-03T13:15:00+05:30,1166.2,1166.5,1163.0,1165.0,499640
2171,2025-03-03T13:30:00+05:30,1165.0,1165.35,1162.5,1165.2,418932
2172,2025-03-03T13:45:00+05:30,1165.2,1166.3,1164.5,1165.25,362345
2173,2025-03-03T14:00:00+05:30,1165.15,1169.8,1164.1,1169.5,650145
2174,2025-03-03T14:15:00+05:30,1169.5,1175.2,1167.25,1172.45,1721299
2175,2025-03-03T14:30:00+05:30,1172.35,1173.0,1169.9,1171.6,335198
2176,2025-03-03T14:45:00+05:30,1171.9,1172.25,1170.0,1171.4,365721
2177,2025-03-03T15:00:00+05:30,1171.25,1173.7,1169.9,1171.05,764292
2178,2025-03-03T15:15:00+05:30,1171.0,1174.0,1170.0,1174.0,1245574
2179,2025-03-04T09:15:00+05:30,1162.95,1170.0,1159.55,1166.05,1025067
2180,2025-03-04T09:30:00+05:30,1166.05,1168.3,1162.5,1165.65,490747
2181,2025-03-04T09:45:00+05:30,1165.7,1167.0,1164.0,1165.8,352623
2182,2025-03-04T10:00:00+05:30,1165.8,1167.35,1164.35,1165.35,313021
2183,2025-03-04T10:15:00+05:30,1165.25,1169.0,1165.25,1166.45,420852
2184,2025-03-04T10:30:00+05:30,1166.4,1167.9,1165.85,1167.7,245414
2185,2025-03-04T10:45:00+05:30,1167.7,1173.15,1167.55,1172.0,364608
2186,2025-03-04T11:00:00+05:30,1172.0,1174.0,1170.4,1170.6,306538
2187,2025-03-04T11:15:00+05:30,1170.65,1171.35,1169.0,1169.8,281552
2188,2025-03-04T11:30:00+05:30,1169.8,1170.3,1168.1,1169.8,262422
2189,2025-03-04T11:45:00+05:30,1169.8,1170.5,1168.5,1169.35,324242
2190,2025-03-04T12:00:00+05:30,1169.35,1169.8,1165.55,1165.8,202782
2191,2025-03-04T12:15:00+05:30,1165.75,1167.2,1164.55,1165.55,208480
2192,2025-03-04T12:30:00+05:30,1165.4,1165.7,1162.55,1163.2,323631
2193,2025-03-04T12:45:00+05:30,1163.2,1163.7,1161.35,1163.2,352877
2194,2025-03-04T13:00:00+05:30,1163.15,1164.0,1162.0,1163.3,277695
2195,2025-03-04T13:15:00+05:30,1163.25,1165.1,1161.5,1161.85,602726
2196,2025-03-04T13:30:00+05:30,1161.8,1163.3,1160.95,1163.1,363493
2197,2025-03-04T13:45:00+05:30,1163.05,1163.5,1161.75,1162.0,269509
2198,2025-03-04T14:00:00+05:30,1162.35,1164.5,1161.85,1164.0,274527
2199,2025-03-04T14:15:00+05:30,1163.95,1168.05,1163.1,1166.55,578661
2200,2025-03-04T14:30:00+05:30,1166.2,1167.95,1165.0,1165.1,459513
2201,2025-03-04T14:45:00+05:30,1165.05,1167.25,1165.0,1166.1,393916
2202,2025-03-04T15:00:00+05:30,1166.2,1166.2,1160.85,1160.95,1215583
2203,2025-03-04T15:15:00+05:30,1160.95,1162.05,1160.0,1160.45,1208883
2204,2025-03-05T09:15:00+05:30,1161.0,1172.8,1157.0,1171.5,1068730
2205,2025-03-05T09:30:00+05:30,1171.55,1175.0,1170.0,1173.95,491502
2206,2025-03-05T09:45:00+05:30,1173.95,1174.0,1170.0,1171.8,436058
2207,2025-03-05T10:00:00+05:30,1171.8,1171.8,1168.35,1169.7,228689
2208,2025-03-05T10:15:00+05:30,1169.65,1169.85,1167.5,1169.4,205782
2209,2025-03-05T10:30:00+05:30,1169.4,1176.4,1168.35,1175.65,358734
2210,2025-03-05T10:45:00+05:30,1175.65,1177.4,1173.8,1175.5,303312
2211,2025-03-05T11:00:00+05:30,1175.35,1176.75,1171.8,1172.0,240697
2212,2025-03-05T11:15:00+05:30,1172.0,1172.85,1170.2,1172.05,243029
2213,2025-03-05T11:30:00+05:30,1172.05,1175.0,1172.0,1173.8,206820
2214,2025-03-05T11:45:00+05:30,1173.7,1176.45,1173.7,1175.3,188875
2215,2025-03-05T12:00:00+05:30,1175.4,1175.85,1173.6,1174.0,151746
2216,2025-03-05T12:15:00+05:30,1174.0,1176.5,1172.9,1176.4,172177
2217,2025-03-05T12:30:00+05:30,1176.4,1182.25,1176.4,1181.7,444458
2218,2025-03-05T12:45:00+05:30,1181.75,1183.0,1176.15,1176.55,245364
2219,2025-03-05T13:00:00+05:30,1176.85,1177.0,1174.5,1176.25,227441
2220,2025-03-05T13:15:00+05:30,1176.55,1178.1,1175.7,1178.0,225727
2221,2025-03-05T13:30:00+05:30,1177.8,1178.25,1173.0,1173.75,251354
2222,2025-03-05T13:45:00+05:30,1173.6,1177.0,1173.4,1176.65,216122
2223,2025-03-05T14:00:00+05:30,1176.65,1176.9,1174.55,1176.8,180088
2224,2025-03-05T14:15:00+05:30,1176.8,1177.9,1174.7,1177.8,204871
2225,2025-03-05T14:30:00+05:30,1177.6,1177.9,1175.55,1175.55,185517
2226,2025-03-05T14:45:00+05:30,1175.9,1177.45,1174.55,1175.9,233070
2227,2025-03-05T15:00:00+05:30,1175.9,1177.0,1173.55,1176.4,864877
2228,2025-03-05T15:15:00+05:30,1176.45,1177.75,1175.0,1177.15,827200
2229,2025-03-06T09:15:00+05:30,1197.0,1200.5,1191.05,1197.85,2156226
2230,2025-03-06T09:30:00+05:30,1197.8,1199.5,1190.0,1192.25,913143
2231,2025-03-06T09:45:00+05:30,1192.25,1193.35,1185.15,1188.5,682339
2232,2025-03-06T10:00:00+05:30,1188.5,1192.8,1187.0,1189.4,407780
2233,2025-03-06T10:15:00+05:30,1189.4,1192.95,1188.9,1191.7,343036
2234,2025-03-06T10:30:00+05:30,1191.7,1193.0,1190.0,1192.9,313685
2235,2025-03-06T10:45:00+05:30,1192.95,1194.9,1192.05,1192.9,290572
2236,2025-03-06T11:00:00+05:30,1193.0,1198.6,1192.0,1198.0,475808
2237,2025-03-06T11:15:00+05:30,1198.0,1198.55,1190.4,1190.95,428607
2238,2025-03-06T11:30:00+05:30,1191.0,1193.7,1189.35,1193.0,371428
2239,2025-03-06T11:45:00+05:30,1193.0,1195.0,1192.5,1194.65,313633
2240,2025-03-06T12:00:00+05:30,1194.65,1196.9,1193.75,1196.0,357835
2241,2025-03-06T12:15:00+05:30,1196.0,1198.0,1195.6,1196.85,304156
2242,2025-03-06T12:30:00+05:30,1196.85,1198.3,1196.2,1197.95,260408
2243,2025-03-06T12:45:00+05:30,1197.95,1200.95,1196.7,1197.8,533526
2244,2025-03-06T13:00:00+05:30,1197.65,1200.95,1196.9,1200.0,251359
2245,2025-03-06T13:15:00+05:30,1200.0,1200.05,1198.5,1199.35,235943
2246,2025-03-06T13:30:00+05:30,1199.65,1202.25,1198.9,1201.8,351593
2247,2025-03-06T13:45:00+05:30,1201.75,1204.9,1201.7,1204.0,502770
2248,2025-03-06T14:00:00+05:30,1204.0,1204.3,1201.65,1203.2,472798
2249,2025-03-06T14:15:00+05:30,1203.05,1203.9,1200.5,1201.55,413169
2250,2025-03-06T14:30:00+05:30,1201.85,1206.5,1201.0,1206.0,623684
2251,2025-03-06T14:45:00+05:30,1205.95,1208.3,1205.2,1205.5,626887
2252,2025-03-06T15:00:00+05:30,1205.5,1209.5,1205.35,1209.1,1280384
2253,2025-03-06T15:15:00+05:30,1209.1,1213.95,1208.45,1211.5,1157661
2254,2025-03-07T09:15:00+05:30,1216.0,1222.45,1212.0,1215.6,910962
2255,2025-03-07T09:30:00+05:30,1216.0,1223.15,1215.6,1220.15,487166
2256,2025-03-07T09:45:00+05:30,1220.05,1228.1,1218.3,1227.6,657396
2257,2025-03-07T10:00:00+05:30,1227.6,1236.6,1227.55,1236.45,924621
2258,2025-03-07T10:15:00+05:30,1236.5,1242.5,1236.35,1240.5,942666
2259,2025-03-07T10:30:00+05:30,1240.5,1242.0,1238.7,1240.9,464839
2260,2025-03-07T10:45:00+05:30,1240.9,1247.0,1240.0,1244.85,730941
2261,2025-03-07T11:00:00+05:30,1245.0,1250.45,1244.75,1249.0,838487
2262,2025-03-07T11:15:00+05:30,1248.9,1251.4,1246.55,1248.95,645874
2263,2025-03-07T11:30:00+05:30,1249.0,1253.9,1248.05,1253.25,712007
2264,2025-03-07T11:45:00+05:30,1253.25,1254.55,1248.6,1252.25,772526
2265,2025-03-07T12:00:00+05:30,1252.25,1254.0,1245.0,1246.5,671144
2266,2025-03-07T12:15:00+05:30,1246.45,1249.8,1244.05,1249.4,574983
2267,2025-03-07T12:30:00+05:30,1249.4,1252.9,1248.55,1252.6,397132
2268,2025-03-07T12:45:00+05:30,1252.6,1253.0,1248.5,1249.55,449313
2269,2025-03-07T13:00:00+05:30,1249.55,1250.0,1246.45,1247.95,429528
2270,2025-03-07T13:15:00+05:30,1247.95,1251.0,1247.75,1249.95,316602
2271,2025-03-07T13:30:00+05:30,1249.95,1251.6,1248.7,1250.9,350952
2272,2025-03-07T13:45:00+05:30,1250.9,1251.25,1248.0,1248.8,338583
2273,2025-03-07T14:00:00+05:30,1248.8,1250.95,1248.05,1250.5,318700
2274,2025-03-07T14:15:00+05:30,1250.6,1251.95,1249.75,1251.8,309872
2275,2025-03-07T14:30:00+05:30,1251.85,1254.8,1250.7,1253.0,612590
2276,2025-03-07T14:45:00+05:30,1253.0,1253.65,1251.3,1252.6,600383
2277,2025-03-07T15:00:00+05:30,1252.6,1252.75,1250.15,1250.25,1364478
2278,2025-03-07T15:15:00+05:30,1250.25,1250.4,1245.4,1246.4,1502989
2279,2025-03-10T09:15:00+05:30,1245.6,1253.35,1244.85,1247.4,1300370
2280,2025-03-10T09:30:00+05:30,1247.1,1256.25,1246.25,1255.85,858969
2281,2025-03-10T09:45:00+05:30,1255.85,1258.0,1254.0,1255.0,775344
2282,2025-03-10T10:00:00+05:30,1254.9,1255.8,1253.1,1255.0,437083
2283,2025-03-10T10:15:00+05:30,1255.0,1257.05,1251.1,1251.9,487048
2284,2025-03-10T10:30:00+05:30,1252.0,1252.0,1248.6,1249.55,440666
2285,2025-03-10T10:45:00+05:30,1249.65,1250.95,1248.05,1250.25,500490
2286,2025-03-10T11:00:00+05:30,1250.25,1250.8,1247.0,1248.9,730426
2287,2025-03-10T11:15:00+05:30,1248.9,1249.5,1246.55,1247.45,245830
2288,2025-03-10T11:30:00+05:30,1247.4,1248.1,1245.65,1246.1,242020
2289,2025-03-10T11:45:00+05:30,1246.1,1246.85,1242.0,1242.5,442073
2290,2025-03-10T12:00:00+05:30,1242.65,1243.85,1240.8,1242.3,273376
2291,2025-03-10T12:15:00+05:30,1242.3,1244.05,1241.6,1242.7,235873
2292,2025-03-10T12:30:00+05:30,1242.7,1242.9,1241.05,1242.25,200280
2293,2025-03-10T12:45:00+05:30,1242.3,1242.7,1239.45,1242.35,216520
2294,2025-03-10T13:00:00+05:30,1242.35,1245.8,1241.35,1243.0,217300
2295,2025-03-10T13:15:00+05:30,1243.0,1243.3,1240.0,1241.75,216795
2296,2025-03-10T13:30:00+05:30,1241.7,1241.8,1239.95,1240.15,270781
2297,2025-03-10T13:45:00+05:30,1240.15,1242.4,1238.55,1241.1,293983
2298,2025-03-10T14:00:00+05:30,1241.1,1243.8,1240.9,1242.0,286544
2299,2025-03-10T14:15:00+05:30,1242.05,1243.0,1238.6,1239.85,393723
2300,2025-03-10T14:30:00+05:30,1239.95,1240.95,1236.55,1237.0,422916
2301,2025-03-10T14:45:00+05:30,1237.2,1239.65,1235.4,1238.95,411153
2302,2025-03-10T15:00:00+05:30,1239.0,1240.05,1237.85,1238.45,941802
2303,2025-03-10T15:15:00+05:30,1238.45,1239.0,1236.0,1237.7,985733
2304,2025-03-11T09:15:00+05:30,1239.0,1244.8,1229.75,1238.15,1530795
2305,2025-03-11T09:30:00+05:30,1238.15,1238.5,1232.45,1235.45,495847
2306,2025-03-11T09:45:00+05:30,1236.0,1239.9,1235.2,1239.8,352155
2307,2025-03-11T10:00:00+05:30,1239.7,1240.7,1236.2,1238.6,261218
2308,2025-03-11T10:15:00+05:30,1238.6,1243.45,1238.5,1242.25,336583
2309,2025-03-11T10:30:00+05:30,1242.0,1243.8,1240.0,1243.25,272341
2310,2025-03-11T10:45:00+05:30,1243.25,1245.65,1241.8,1243.85,257094
2311,2025-03-11T11:00:00+05:30,1244.2,1246.9,1240.55,1241.3,276530
2312,2025-03-11T11:15:00+05:30,1241.4,1242.4,1239.5,1240.1,337909
2313,2025-03-11T11:30:00+05:30,1240.25,1241.9,1239.05,1241.9,268994
2314,2025-03-11T11:45:00+05:30,1241.75,1243.7,1241.05,1243.4,244927
2315,2025-03-11T12:00:00+05:30,1243.45,1244.8,1240.7,1244.2,272840
2316,2025-03-11T12:15:00+05:30,1243.85,1245.0,1242.85,1244.4,257082
2317,2025-03-11T12:30:00+05:30,1244.35,1244.5,1241.6,1241.85,261633
2318,2025-03-11T12:45:00+05:30,1241.85,1242.8,1241.0,1242.05,243106
2319,2025-03-11T13:00:00+05:30,1242.05,1242.4,1240.5,1241.4,273834
2320,2025-03-11T13:15:00+05:30,1241.65,1243.7,1240.6,1243.0,195046
2321,2025-03-11T13:30:00+05:30,1242.75,1243.85,1241.85,1243.1,190848
2322,2025-03-11T13:45:00+05:30,1243.05,1246.0,1242.6,1245.15,270167
2323,2025-03-11T14:00:00+05:30,1245.15,1245.45,1243.25,1245.15,254758
2324,2025-03-11T14:15:00+05:30,1245.15,1245.7,1243.15,1244.8,296120
2325,2025-03-11T14:30:00+05:30,1244.8,1245.95,1243.05,1243.9,326662
2326,2025-03-11T14:45:00+05:30,1243.9,1249.4,1243.7,1249.35,354135
2327,2025-03-11T15:00:00+05:30,1249.35,1249.5,1246.15,1246.9,1137400
2328,2025-03-11T15:15:00+05:30,1246.9,1247.95,1245.15,1247.25,798657
2329,2025-03-12T09:15:00+05:30,1258.2,1263.0,1249.25,1251.0,1226094
2330,2025-03-12T09:30:00+05:30,1251.05,1253.25,1248.45,1250.65,338169
2331,2025-03-12T09:45:00+05:30,1250.65,1254.5,1249.0,1251.8,263063
2332,2025-03-12T10:00:00+05:30,1251.8,1252.85,1246.9,1248.7,476231
2333,2025-03-12T10:15:00+05:30,1248.5,1250.3,1247.3,1247.6,219649
2334,2025-03-12T10:30:00+05:30,1247.65,1254.45,1247.55,1253.55,549715
2335,2025-03-12T10:45:00+05:30,1253.6,1254.7,1249.7,1249.9,912564
2336,2025-03-12T11:00:00+05:30,1249.9,1253.15,1249.45,1252.8,197560
2337,2025-03-12T11:15:00+05:30,1252.8,1252.95,1246.45,1247.5,406709
2338,2025-03-12T11:30:00+05:30,1247.5,1248.65,1245.25,1245.75,352142
2339,2025-03-12T11:45:00+05:30,1245.85,1247.3,1244.0,1244.35,355936
2340,2025-03-12T12:00:00+05:30,1244.6,1248.0,1244.0,1246.45,194452
2341,2025-03-12T12:15:00+05:30,1246.5,1248.25,1245.0,1247.95,173536
2342,2025-03-12T12:30:00+05:30,1248.0,1250.45,1247.0,1247.55,258976
2343,2025-03-12T12:45:00+05:30,1247.3,1250.0,1246.55,1248.25,182906
2344,2025-03-12T13:00:00+05:30,1248.25,1251.4,1247.8,1251.15,308948
2345,2025-03-12T13:15:00+05:30,1251.15,1252.7,1250.65,1252.5,319574
2346,2025-03-12T13:30:00+05:30,1252.45,1253.15,1250.65,1251.1,360449
2347,2025-03-12T13:45:00+05:30,1251.1,1251.6,1250.0,1251.1,331421
2348,2025-03-12T14:00:00+05:30,1251.2,1252.5,1251.05,1252.15,335796
2349,2025-03-12T14:15:00+05:30,1252.15,1254.95,1252.0,1254.65,484962
2350,2025-03-12T14:30:00+05:30,1254.65,1254.95,1252.0,1252.1,363654
2351,2025-03-12T14:45:00+05:30,1252.1,1256.5,1252.0,1256.1,482302
2352,2025-03-12T15:00:00+05:30,1255.75,1258.8,1255.7,1258.35,1250617
2353,2025-03-12T15:15:00+05:30,1258.35,1258.45,1255.5,1255.95,1370082
2354,2025-03-13T09:15:00+05:30,1260.0,1261.0,1253.4,1257.7,775467
2355,2025-03-13T09:30:00+05:30,1257.6,1258.55,1255.15,1258.05,306172
2356,2025-03-13T09:45:00+05:30,1258.05,1264.0,1257.75,1262.5,516169
2357,2025-03-13T10:00:00+05:30,1262.5,1264.15,1261.1,1261.7,560065
2358,2025-03-13T10:15:00+05:30,1261.7,1263.0,1259.0,1260.8,329680
2359,2025-03-13T10:30:00+05:30,1260.9,1261.5,1257.6,1258.15,180403
2360,2025-03-13T10:45:00+05:30,1258.15,1260.05,1256.8,1258.4,395555
2361,2025-03-13T11:00:00+05:30,1258.05,1261.2,1257.7,1261.2,211337
2362,2025-03-13T11:15:00+05:30,1261.2,1261.25,1257.95,1258.05,364811
2363,2025-03-13T11:30:00+05:30,1258.05,1259.0,1253.15,1255.1,382050
2364,2025-03-13T11:45:00+05:30,1255.05,1255.5,1252.05,1254.6,353040
2365,2025-03-13T12:00:00+05:30,1254.6,1256.7,1254.0,1256.05,207672
2366,2025-03-13T12:15:00+05:30,1256.05,1256.65,1255.0,1255.15,230621
2367,2025-03-13T12:30:00+05:30,1255.05,1255.7,1254.3,1255.55,151415
2368,2025-03-13T12:45:00+05:30,1255.55,1255.75,1254.0,1255.6,180789
2369,2025-03-13T13:00:00+05:30,1255.7,1256.0,1252.55,1252.95,169444
2370,2025-03-13T13:15:00+05:30,1252.95,1253.5,1251.2,1251.8,197499
2371,2025-03-13T13:30:00+05:30,1251.85,1255.4,1251.8,1254.75,200723
2372,2025-03-13T13:45:00+05:30,1254.9,1255.35,1253.5,1254.3,185900
2373,2025-03-13T14:00:00+05:30,1253.85,1254.6,1251.95,1252.8,206254
2374,2025-03-13T14:15:00+05:30,1252.95,1253.25,1249.25,1250.6,338977
2375,2025-03-13T14:30:00+05:30,1250.6,1251.2,1247.4,1247.85,488913
2376,2025-03-13T14:45:00+05:30,1247.85,1249.15,1244.2,1244.55,698985
2377,2025-03-13T15:00:00+05:30,1244.5,1251.8,1243.85,1247.7,846472
2378,2025-03-13T15:15:00+05:30,1247.7,1251.75,1246.05,1246.65,934784
2379,2025-03-17T09:15:00+05:30,1243.85,1257.4,1243.05,1249.0,1085881
2380,2025-03-17T09:30:00+05:30,1249.0,1251.7,1247.1,1248.3,555824
2381,2025-03-17T09:45:00+05:30,1248.3,1248.8,1246.05,1248.1,287889
2382,2025-03-17T10:00:00+05:30,1248.05,1248.65,1243.65,1243.8,331808
2383,2025-03-17T10:15:00+05:30,1243.9,1244.0,1241.05,1241.35,280709
2384,2025-03-17T10:30:00+05:30,1241.35,1241.7,1239.35,1240.85,279180
2385,2025-03-17T10:45:00+05:30,1240.95,1242.5,1238.5,1241.5,204887
2386,2025-03-17T11:00:00+05:30,1241.5,1242.0,1239.3,1239.6,174866
2387,2025-03-17T11:15:00+05:30,1239.6,1240.45,1239.0,1240.25,146965
2388,2025-03-17T11:30:00+05:30,1240.25,1243.0,1239.6,1242.35,204314
2389,2025-03-17T11:45:00+05:30,1242.35,1242.45,1239.95,1240.75,142689
2390,2025-03-17T12:00:00+05:30,1240.6,1241.5,1238.05,1238.75,168437
2391,2025-03-17T12:15:00+05:30,1239.0,1239.0,1234.1,1235.85,212285
2392,2025-03-17T12:30:00+05:30,1235.4,1237.65,1233.1,1237.55,224419
2393,2025-03-17T12:45:00+05:30,1237.55,1237.55,1234.2,1234.5,1235396
2394,2025-03-17T13:00:00+05:30,1234.5,1235.75,1233.6,1235.45,187659
2395,2025-03-17T13:15:00+05:30,1235.45,1238.9,1235.45,1238.6,363845
2396,2025-03-17T13:30:00+05:30,1238.5,1240.45,1238.05,1240.45,304738
2397,2025-03-17T13:45:00+05:30,1240.45,1242.0,1238.9,1240.55,373240
2398,2025-03-17T14:00:00+05:30,1240.35,1243.0,1235.05,1240.5,3789747
2399,2025-03-17T14:15:00+05:30,1240.65,1243.25,1240.1,1240.3,469565
2400,2025-03-17T14:30:00+05:30,1240.3,1240.9,1237.1,1238.5,322248
2401,2025-03-17T14:45:00+05:30,1238.5,1241.05,1238.5,1239.6,350688
2402,2025-03-17T15:00:00+05:30,1239.55,1242.2,1237.85,1238.25,2915670
2403,2025-03-17T15:15:00+05:30,1238.2,1241.75,1236.95,1241.55,1657461
2404,2025-03-18T09:15:00+05:30,1245.0,1248.35,1240.3,1241.6,1123873
2405,2025-03-18T09:30:00+05:30,1241.6,1243.75,1241.0,1241.15,364985
2406,2025-03-18T09:45:00+05:30,1241.05,1241.15,1237.75,1238.3,446611
2407,2025-03-18T10:00:00+05:30,1238.35,1240.95,1238.0,1240.3,448648
2408,2025-03-18T10:15:00+05:30,1240.3,1243.1,1240.0,1243.1,400297
2409,2025-03-18T10:30:00+05:30,1243.05,1243.1,1240.3,1241.3,407867
2410,2025-03-18T10:45:00+05:30,1241.3,1241.45,1239.1,1239.75,556639
2411,2025-03-18T11:00:00+05:30,1239.8,1240.55,1238.25,1238.75,410186
2412,2025-03-18T11:15:00+05:30,1238.75,1239.85,1235.5,1238.25,3865238
2413,2025-03-18T11:30:00+05:30,1238.25,1240.4,1238.1,1239.2,299105
2414,2025-03-18T11:45:00+05:30,1239.2,1240.0,1238.85,1239.75,279166
2415,2025-03-18T12:00:00+05:30,1239.75,1240.95,1238.05,1239.5,295395
2416,2025-03-18T12:15:00+05:30,1239.7,1239.7,1236.6,1236.7,352158
2417,2025-03-18T12:30:00+05:30,1236.7,1238.0,1235.0,1235.3,559831
2418,2025-03-18T12:45:00+05:30,1235.35,1238.45,1235.1,1238.1,290555
2419,2025-03-18T13:00:00+05:30,1238.15,1239.1,1237.5,1238.6,252353
2420,2025-03-18T13:15:00+05:30,1238.75,1239.25,1238.45,1239.1,217637
2421,2025-03-18T13:30:00+05:30,1239.1,1239.25,1238.25,1238.5,213234
2422,2025-03-18T13:45:00+05:30,1238.55,1238.7,1237.0,1238.0,184247
2423,2025-03-18T14:00:00+05:30,1238.05,1238.1,1236.1,1236.1,411228
2424,2025-03-18T14:15:00+05:30,1236.15,1237.7,1235.7,1237.45,458421
2425,2025-03-18T14:30:00+05:30,1237.5,1237.75,1236.0,1236.45,477128
2426,2025-03-18T14:45:00+05:30,1236.4,1238.35,1236.35,1237.3,830600
2427,2025-03-18T15:00:00+05:30,1237.35,1240.05,1237.25,1239.75,1311827
2428,2025-03-18T15:15:00+05:30,1239.55,1240.6,1238.7,1239.95,1160629
2429,2025-03-19T09:15:00+05:30,1241.05,1247.5,1238.8,1245.6,1015383
2430,2025-03-19T09:30:00+05:30,1245.4,1248.55,1243.2,1248.0,1057272
2431,2025-03-19T09:45:00+05:30,1248.4,1251.8,1247.0,1248.15,756947
2432,2025-03-19T10:00:00+05:30,1248.15,1249.8,1247.0,1248.4,304054
2433,2025-03-19T10:15:00+05:30,1248.65,1251.4,1248.4,1248.65,503532
2434,2025-03-19T10:30:00+05:30,1248.65,1249.6,1247.1,1247.5,412295
2435,2025-03-19T10:45:00+05:30,1247.5,1248.0,1245.1,1246.9,329910
2436,2025-03-19T11:00:00+05:30,1246.9,1248.0,1245.15,1245.85,272666
2437,2025-03-19T11:15:00+05:30,1245.85,1245.9,1243.75,1244.2,274263
2438,2025-03-19T11:30:00+05:30,1244.15,1245.1,1243.75,1244.0,365564
2439,2025-03-19T11:45:00+05:30,1244.0,1245.25,1242.3,1244.85,292787
2440,2025-03-19T12:00:00+05:30,1244.85,1245.5,1243.4,1243.85,215945
2441,2025-03-19T12:15:00+05:30,1243.9,1245.4,1243.4,1244.5,228853
2442,2025-03-19T12:30:00+05:30,1244.2,1247.95,1244.0,1246.55,491059
2443,2025-03-19T12:45:00+05:30,1246.7,1252.0,1246.55,1251.95,804059
2444,2025-03-19T13:00:00+05:30,1251.95,1253.25,1248.9,1251.0,681859
2445,2025-03-19T13:15:00+05:30,1251.0,1252.5,1249.3,1249.85,538915
2446,2025-03-19T13:30:00+05:30,1249.85,1251.0,1249.05,1249.5,253090
2447,2025-03-19T13:45:00+05:30,1249.5,1249.75,1248.0,1248.25,265071
2448,2025-03-19T14:00:00+05:30,1248.25,1248.5,1247.8,1248.45,322924
2449,2025-03-19T14:15:00+05:30,1248.45,1249.55,1247.05,1247.5,411323
2450,2025-03-19T14:30:00+05:30,1247.45,1247.65,1245.2,1245.65,437319
2451,2025-03-19T14:45:00+05:30,1245.7,1247.35,1244.65,1247.1,762994
2452,2025-03-19T15:00:00+05:30,1247.1,1249.65,1246.4,1247.95,1905306
2453,2025-03-19T15:15:00+05:30,1247.95,1249.15,1245.8,1248.0,3180877
2454,2025-03-20T09:15:00+05:30,1251.95,1255.95,1250.05,1255.95,893339
2455,2025-03-20T09:30:00+05:30,1255.95,1260.0,1255.05,1256.5,805182
2456,2025-03-20T09:45:00+05:30,1256.5,1257.75,1254.5,1256.5,410040
2457,2025-03-20T10:00:00+05:30,1256.55,1261.0,1254.0,1256.35,624071
2458,2025-03-20T10:15:00+05:30,1256.35,1259.3,1254.35,1256.7,1492607
2459,2025-03-20T10:30:00+05:30,1256.75,1258.95,1255.15,1255.75,911506
2460,2025-03-20T10:45:00+05:30,1256.05,1257.0,1254.75,1255.45,227574
2461,2025-03-20T11:00:00+05:30,1255.5,1257.95,1254.4,1257.5,211598
2462,2025-03-20T11:15:00+05:30,1257.5,1258.55,1255.25,1255.9,345824
2463,2025-03-20T11:30:00+05:30,1256.3,1256.85,1254.05,1255.15,207401
2464,2025-03-20T11:45:00+05:30,1255.15,1257.65,1253.3,1256.5,244669
2465,2025-03-20T12:00:00+05:30,1256.35,1257.3,1255.25,1257.0,198351
2466,2025-03-20T12:15:00+05:30,1257.0,1258.45,1255.7,1256.1,421433
2467,2025-03-20T12:30:00+05:30,1256.1,1256.55,1255.3,1255.8,223908
2468,2025-03-20T12:45:00+05:30,1255.8,1260.0,1255.7,1259.9,352029
2469,2025-03-20T13:00:00+05:30,1259.9,1262.2,1258.55,1262.05,474905
2470,2025-03-20T13:15:00+05:30,1262.1,1266.0,1260.25,1265.5,545947
2471,2025-03-20T13:30:00+05:30,1265.3,1268.5,1265.0,1267.15,444053
2472,2025-03-20T13:45:00+05:30,1267.0,1270.75,1266.3,1269.55,1203488
2473,2025-03-20T14:00:00+05:30,1269.5,1273.0,1269.05,1270.35,772379
2474,2025-03-20T14:15:00+05:30,1270.05,1270.6,1268.1,1269.5,477568
2475,2025-03-20T14:30:00+05:30,1269.5,1270.75,1267.05,1267.95,518995
2476,2025-03-20T14:45:00+05:30,1267.9,1272.35,1267.0,1271.5,1155118
2477,2025-03-20T15:00:00+05:30,1271.5,1271.5,1267.85,1268.65,1413336
2478,2025-03-20T15:15:00+05:30,1268.5,1269.85,1268.0,1268.2,1294649
2479,2025-03-21T09:15:00+05:30,1275.05,1277.8,1270.1,1274.0,864493
2480,2025-03-21T09:30:00+05:30,1274.0,1279.5,1273.7,1279.15,456421
2481,2025-03-21T09:45:00+05:30,1279.15,1279.55,1275.9,1276.45,338875
2482,2025-03-21T10:00:00+05:30,1276.5,1277.4,1275.0,1275.5,264928
2483,2025-03-21T10:15:00+05:30,1275.45,1278.35,1274.95,1278.2,323335
2484,2025-03-21T10:30:00+05:30,1278.2,1279.3,1277.05,1278.3,311826
2485,2025-03-21T10:45:00+05:30,1278.7,1280.55,1278.0,1278.05,500859
2486,2025-03-21T11:00:00+05:30,1278.45,1279.95,1276.2,1276.95,312230
2487,2025-03-21T11:15:00+05:30,1276.95,1278.85,1276.7,1277.9,243485
2488,2025-03-21T11:30:00+05:30,1277.9,1279.45,1274.0,1275.35,379275
2489,2025-03-21T11:45:00+05:30,1275.4,1277.7,1274.7,1277.2,235798
2490,2025-03-21T12:00:00+05:30,1277.3,1277.6,1275.5,1275.9,287787
2491,2025-03-21T12:15:00+05:30,1275.75,1278.0,1275.0,1277.7,214645
2492,2025-03-21T12:30:00+05:30,1277.8,1279.9,1277.0,1279.75,326895
2493,2025-03-21T12:45:00+05:30,1279.75,1281.0,1279.0,1279.5,340761
2494,2025-03-21T13:00:00+05:30,1279.5,1279.5,1277.65,1278.55,322096
2495,2025-03-21T13:15:00+05:30,1278.55,1279.5,1275.0,1279.4,6518885
2496,2025-03-21T13:30:00+05:30,1279.45,1279.5,1274.75,1276.65,842163
2497,2025-03-21T13:45:00+05:30,1276.65,1278.4,1275.0,1278.1,309445
2498,2025-03-21T14:00:00+05:30,1278.2,1279.5,1277.65,1277.85,323150
2499,2025-03-21T14:15:00+05:30,1277.8,1280.5,1277.35,1280.0,568336
2500,2025-03-21T14:30:00+05:30,1280.0,1280.0,1278.0,1279.4,359422
2501,2025-03-21T14:45:00+05:30,1279.5,1279.5,1276.55,1277.5,420020
2502,2025-03-21T15:00:00+05:30,1277.35,1278.0,1273.45,1276.55,3482235
2503,2025-03-21T15:15:00+05:30,1276.45,1278.0,1275.0,1277.5,3091026
2504,2025-03-24T09:15:00+05:30,1290.25,1294.65,1285.35,1290.1,2218646
2505,2025-03-24T09:30:00+05:30,1290.1,1290.55,1284.25,1287.1,927964
2506,2025-03-24T09:45:00+05:30,1287.75,1288.15,1284.25,1287.5,532545
2507,2025-03-24T10:00:00+05:30,1287.45,1290.45,1286.5,1288.75,584307
2508,2025-03-24T10:15:00+05:30,1288.75,1291.0,1288.25,1289.55,753776
2509,2025-03-24T10:30:00+05:30,1289.85,1292.55,1289.55,1292.5,683134
2510,2025-03-24T10:45:00+05:30,1292.15,1298.0,1292.0,1297.75,812620
2511,2025-03-24T11:00:00+05:30,1297.8,1299.7,1296.25,1298.6,878627
2512,2025-03-24T11:15:00+05:30,1298.85,1302.05,1298.45,1302.0,998886
2513,2025-03-24T11:30:00+05:30,1302.0,1306.0,1299.15,1300.0,922994
2514,2025-03-24T11:45:00+05:30,1300.0,1303.25,1298.9,1303.0,874756
2515,2025-03-24T12:00:00+05:30,1303.0,1303.0,1301.25,1302.75,553118
2516,2025-03-24T12:15:00+05:30,1302.8,1303.4,1300.0,1300.55,413846
2517,2025-03-24T12:30:00+05:30,1300.55,1300.6,1297.25,1297.6,416916
2518,2025-03-24T12:45:00+05:30,1297.6,1298.5,1296.0,1296.05,322682
2519,2025-03-24T13:00:00+05:30,1296.05,1300.7,1295.3,1299.9,432389
2520,2025-03-24T13:15:00+05:30,1299.95,1300.65,1299.0,1300.2,404752
2521,2025-03-24T13:30:00+05:30,1300.15,1300.3,1299.0,1299.9,472131
2522,2025-03-24T13:45:00+05:30,1299.85,1304.15,1299.0,1304.1,1348820
2523,2025-03-24T14:00:00+05:30,1304.1,1305.0,1301.15,1302.7,572893
2524,2025-03-24T14:15:00+05:30,1302.7,1302.9,1300.2,1301.6,458761
2525,2025-03-24T14:30:00+05:30,1301.65,1302.0,1299.0,1300.1,500375
2526,2025-03-24T14:45:00+05:30,1300.3,1300.7,1299.15,1300.1,730525
2527,2025-03-24T15:00:00+05:30,1300.1,1302.95,1299.0,1302.05,1469555
2528,2025-03-24T15:15:00+05:30,1302.05,1305.0,1301.5,1302.65,1691856
2529,2025-03-25T09:15:00+05:30,1307.0,1307.0,1290.0,1293.15,1205604
2530,2025-03-25T09:30:00+05:30,1293.1,1298.8,1292.05,1298.55,545688
2531,2025-03-25T09:45:00+05:30,1298.55,1302.5,1296.7,1302.3,682750
2532,2025-03-25T10:00:00+05:30,1302.1,1302.35,1292.0,1293.8,578045
2533,2025-03-25T10:15:00+05:30,1293.6,1296.5,1292.0,1294.7,359318
2534,2025-03-25T10:30:00+05:30,1294.8,1296.5,1289.05,1296.0,448760
2535,2025-03-25T10:45:00+05:30,1296.0,1297.15,1286.45,1289.8,427354
2536,2025-03-25T11:00:00+05:30,1289.65,1290.0,1285.25,1288.9,375908
2537,2025-03-25T11:15:00+05:30,1289.0,1289.8,1284.35,1285.8,463438
2538,2025-03-25T11:30:00+05:30,1285.85,1289.35,1285.4,1287.35,248454
2539,2025-03-25T11:45:00+05:30,1287.35,1291.45,1285.0,1291.45,301401
2540,2025-03-25T12:00:00+05:30,1291.25,1293.0,1288.5,1289.45,362300
2541,2025-03-25T12:15:00+05:30,1289.45,1290.95,1286.7,1288.75,295677
2542,2025-03-25T12:30:00+05:30,1288.75,1291.2,1288.05,1289.9,256781
2543,2025-03-25T12:45:00+05:30,1289.95,1290.25,1288.8,1289.15,193185
2544,2025-03-25T13:00:00+05:30,1289.1,1289.85,1287.7,1287.7,241723
2545,2025-03-25T13:15:00+05:30,1287.7,1290.95,1286.2,1289.0,303250
2546,2025-03-25T13:30:00+05:30,1288.7,1291.8,1288.7,1290.0,263348
2547,2025-03-25T13:45:00+05:30,1290.05,1294.35,1289.05,1293.2,283685
2548,2025-03-25T14:00:00+05:30,1293.75,1294.75,1292.25,1294.3,217720
2549,2025-03-25T14:15:00+05:30,1294.3,1295.1,1289.7,1290.45,386862
2550,2025-03-25T14:30:00+05:30,1290.5,1292.0,1288.0,1288.05,324769
2551,2025-03-25T14:45:00+05:30,1288.05,1288.1,1282.6,1284.85,989622
2552,2025-03-25T15:00:00+05:30,1284.85,1289.75,1284.0,1284.6,2035041
2553,2025-03-25T15:15:00+05:30,1284.55,1287.7,1283.65,1285.25,1644297
2554,2025-03-26T09:15:00+05:30,1291.4,1293.8,1285.45,1288.75,828657
2555,2025-03-26T09:30:00+05:30,1288.75,1289.1,1283.0,1283.4,414935
2556,2025-03-26T09:45:00+05:30,1283.35,1284.9,1280.4,1281.9,352195
2557,2025-03-26T10:00:00+05:30,1281.9,1284.5,1280.45,1283.4,329249
2558,2025-03-26T10:15:00+05:30,1283.2,1283.5,1279.2,1280.5,322406
2559,2025-03-26T10:30:00+05:30,1280.5,1283.95,1279.7,1280.8,307662
2560,2025-03-26T10:45:00+05:30,1280.55,1284.8,1280.55,1283.2,399379
2561,2025-03-26T11:00:00+05:30,1283.0,1283.4,1281.2,1282.25,243400
2562,2025-03-26T11:15:00+05:30,1282.25,1284.0,1282.1,1283.8,266374
2563,2025-03-26T11:30:00+05:30,1283.6,1284.75,1280.05,1280.45,273980
2564,2025-03-26T11:45:00+05:30,1280.4,1280.45,1276.25,1276.85,293807
2565,2025-03-26T12:00:00+05:30,1276.8,1279.0,1276.0,1277.75,199100
2566,2025-03-26T12:15:00+05:30,1277.7,1277.75,1274.9,1275.35,773375
2567,2025-03-26T12:30:00+05:30,1275.2,1279.8,1274.6,1277.65,549068
2568,2025-03-26T12:45:00+05:30,1277.7,1283.95,1276.1,1283.8,518125
2569,2025-03-26T13:00:00+05:30,1283.8,1285.65,1279.05,1280.0,557742
2570,2025-03-26T13:15:00+05:30,1280.0,1282.0,1279.0,1280.95,509918
2571,2025-03-26T13:30:00+05:30,1280.95,1281.9,1277.25,1278.35,355215
2572,2025-03-26T13:45:00+05:30,1278.35,1280.0,1277.4,1277.75,303980
2573,2025-03-26T14:00:00+05:30,1277.75,1280.0,1277.5,1279.8,369228
2574,2025-03-26T14:15:00+05:30,1279.8,1281.5,1277.2,1277.6,413765
2575,2025-03-26T14:30:00+05:30,1277.65,1278.0,1275.2,1275.4,324187
2576,2025-03-26T14:45:00+05:30,1275.4,1276.95,1270.25,1271.4,952953
2577,2025-03-26T15:00:00+05:30,1271.9,1275.0,1271.5,1273.95,998718
2578,2025-03-26T15:15:00+05:30,1274.0,1274.1,1268.75,1270.9,1125064
2579,2025-03-27T09:15:00+05:30,1278.15,1282.9,1271.3,1281.1,1550408
2580,2025-03-27T09:30:00+05:30,1281.1,1283.0,1277.0,1280.5,495388
2581,2025-03-27T09:45:00+05:30,1280.1,1281.75,1277.5,1281.75,257728
2582,2025-03-27T10:00:00+05:30,1281.75,1284.8,1281.3,1282.8,376622
2583,2025-03-27T10:15:00+05:30,1282.7,1285.0,1281.95,1282.8,539569
2584,2025-03-27T10:30:00+05:30,1282.5,1283.5,1279.1,1279.65,348113
2585,2025-03-27T10:45:00+05:30,1279.65,1281.0,1277.7,1280.8,665362
2586,2025-03-27T11:00:00+05:30,1280.75,1281.8,1279.95,1281.0,409953
2587,2025-03-27T11:15:00+05:30,1281.0,1282.0,1280.0,1280.9,446710
2588,2025-03-27T11:30:00+05:30,1281.3,1282.0,1279.2,1280.3,189666
2589,2025-03-27T11:45:00+05:30,1280.45,1280.5,1275.55,1276.0,297409
2590,2025-03-27T12:00:00+05:30,1275.95,1276.5,1274.45,1275.85,259152
2591,2025-03-27T12:15:00+05:30,1275.55,1276.0,1273.15,1274.15,145409
2592,2025-03-27T12:30:00+05:30,1274.15,1275.45,1273.0,1274.9,130034
2593,2025-03-27T12:45:00+05:30,1275.15,1276.7,1274.0,1276.5,294832
2594,2025-03-27T13:00:00+05:30,1276.5,1277.65,1274.95,1274.95,314814
2595,2025-03-27T13:15:00+05:30,1275.0,1275.75,1273.7,1275.3,237180
2596,2025-03-27T13:30:00+05:30,1275.3,1276.9,1274.3,1276.7,275999
2597,2025-03-27T13:45:00+05:30,1276.65,1278.5,1276.3,1278.25,304147
2598,2025-03-27T14:00:00+05:30,1278.2,1279.9,1277.8,1279.35,324771
2599,2025-03-27T14:15:00+05:30,1279.3,1280.0,1278.25,1278.45,323525
2600,2025-03-27T14:30:00+05:30,1278.45,1279.45,1275.0,1278.85,599697
2601,2025-03-27T14:45:00+05:30,1278.95,1284.45,1278.6,1282.45,613754
2602,2025-03-27T15:00:00+05:30,1282.05,1282.15,1275.9,1278.7,2821159
2603,2025-03-27T15:15:00+05:30,1278.7,1283.0,1276.8,1280.0,2603428
2604,2025-03-28T09:15:00+05:30,1280.05,1289.1,1280.0,1282.45,690534
2605,2025-03-28T09:30:00+05:30,1282.45,1284.9,1278.3,1281.3,317114
2606,2025-03-28T09:45:00+05:30,1281.3,1284.0,1280.2,1283.0,196599
2607,2025-03-28T10:00:00+05:30,1283.0,1283.75,1282.2,1283.0,204527
2608,2025-03-28T10:15:00+05:30,1283.0,1286.85,1282.75,1286.8,179565
2609,2025-03-28T10:30:00+05:30,1286.8,1292.75,1286.25,1292.3,409809
2610,2025-03-28T10:45:00+05:30,1292.3,1295.75,1292.15,1292.2,392684
2611,2025-03-28T11:00:00+05:30,1292.4,1295.5,1290.15,1291.65,424435
2612,2025-03-28T11:15:00+05:30,1291.65,1291.95,1289.1,1290.9,199934
2613,2025-03-28T11:30:00+05:30,1290.9,1292.95,1289.3,1289.3,263623
2614,2025-03-28T11:45:00+05:30,1289.3,1292.0,1289.0,1291.2,180995
2615,2025-03-28T12:00:00+05:30,1291.25,1291.45,1289.15,1290.0,290835
2616,2025-03-28T12:15:00+05:30,1290.0,1291.0,1283.65,1284.3,455177
2617,2025-03-28T12:30:00+05:30,1284.15,1286.0,1282.4,1284.35,409651
2618,2025-03-28T12:45:00+05:30,1284.45,1284.65,1269.0,1273.55,6574127
2619,2025-03-28T13:00:00+05:30,1273.55,1277.1,1270.1,1276.05,875515
2620,2025-03-28T13:15:00+05:30,1276.05,1276.9,1273.2,1274.95,344487
2621,2025-03-28T13:30:00+05:30,1274.95,1275.3,1273.0,1273.15,257838
2622,2025-03-28T13:45:00+05:30,1273.25,1273.65,1270.0,1273.1,317800
2623,2025-03-28T14:00:00+05:30,1272.7,1275.4,1271.35,1275.25,525443
2624,2025-03-28T14:15:00+05:30,1275.25,1281.85,1274.1,1281.85,810945
2625,2025-03-28T14:30:00+05:30,1281.85,1282.6,1278.05,1281.0,637478
2626,2025-03-28T14:45:00+05:30,1280.9,1282.0,1278.2,1279.8,676660
2627,2025-03-28T15:00:00+05:30,1279.8,1279.8,1274.5,1277.25,1139699
2628,2025-03-28T15:15:00+05:30,1277.25,1277.35,1271.5,1274.0,1306155
2629,2025-04-01T09:15:00+05:30,1264.6,1275.0,1263.65,1274.45,1418668
2630,2025-04-01T09:30:00+05:30,1274.45,1277.5,1273.85,1277.0,552659
2631,2025-04-01T09:45:00+05:30,1277.0,1277.9,1269.75,1271.55,424565
2632,2025-04-01T10:00:00+05:30,1271.55,1272.45,1268.15,1271.9,316856
2633,2025-04-01T10:15:00+05:30,1271.8,1273.3,1261.0,1261.05,685001
2634,2025-04-01T10:30:00+05:30,1261.05,1262.55,1257.55,1260.4,694181
2635,2025-04-01T10:45:00+05:30,1260.4,1261.8,1256.6,1260.0,466982
2636,2025-04-01T11:00:00+05:30,1260.1,1261.0,1258.5,1259.7,537196
2637,2025-04-01T11:15:00+05:30,1259.8,1264.05,1259.0,1263.65,437252
2638,2025-04-01T11:30:00+05:30,1263.8,1263.95,1260.65,1261.3,314914
2639,2025-04-01T11:45:00+05:30,1261.3,1261.95,1259.35,1260.5,233558
2640,2025-04-01T12:00:00+05:30,1260.3,1262.2,1260.0,1260.2,214701
2641,2025-04-01T12:15:00+05:30,1260.25,1262.85,1260.0,1261.95,282595
2642,2025-04-01T12:30:00+05:30,1261.95,1262.5,1260.4,1261.5,183471
2643,2025-04-01T12:45:00+05:30,1261.45,1261.5,1258.6,1260.3,146803
2644,2025-04-01T13:00:00+05:30,1260.3,1260.35,1257.15,1258.15,232163
2645,2025-04-01T13:15:00+05:30,1258.15,1259.0,1254.25,1255.0,457592
2646,2025-04-01T13:30:00+05:30,1255.0,1255.75,1252.0,1253.85,211609
2647,2025-04-01T13:45:00+05:30,1253.9,1255.9,1253.0,1254.05,199047
2648,2025-04-01T14:00:00+05:30,1254.0,1255.55,1251.4,1252.0,257530
2649,2025-04-01T14:15:00+05:30,1252.0,1252.35,1249.3,1251.0,287703
2650,2025-04-01T14:30:00+05:30,1251.0,1253.45,1250.55,1252.7,300796
2651,2025-04-01T14:45:00+05:30,1252.95,1255.7,1251.85,1255.05,429264
2652,2025-04-01T15:00:00+05:30,1255.05,1255.4,1250.55,1253.2,1316732
2653,2025-04-01T15:15:00+05:30,1253.45,1254.0,1251.1,1254.0,1204159
2654,2025-04-02T09:15:00+05:30,1248.0,1253.7,1243.9,1248.25,759503
2655,2025-04-02T09:30:00+05:30,1248.25,1252.7,1246.5,1250.4,919228
2656,2025-04-02T09:45:00+05:30,1250.35,1252.5,1248.2,1251.2,432685
2657,2025-04-02T10:00:00+05:30,1250.95,1252.2,1249.0,1251.8,290041
2658,2025-04-02T10:15:00+05:30,1251.7,1255.5,1251.1,1255.5,438805
2659,2025-04-02T10:30:00+05:30,1255.5,1255.55,1252.5,1252.8,269053
2660,2025-04-02T10:45:00+05:30,1252.8,1255.1,1252.65,1254.4,272968
2661,2025-04-02T11:00:00+05:30,1254.3,1254.95,1253.5,1253.5,232694
2662,2025-04-02T11:15:00+05:30,1253.8,1254.0,1250.0,1250.05,514115
2663,2025-04-02T11:30:00+05:30,1250.4,1251.75,1249.25,1250.3,301730
2664,2025-04-02T11:45:00+05:30,1250.05,1252.6,1249.9,1250.1,346479
2665,2025-04-02T12:00:00+05:30,1250.35,1251.8,1250.1,1251.5,223241
2666,2025-04-02T12:15:00+05:30,1251.6,1251.9,1249.5,1249.9,262198
2667,2025-04-02T12:30:00+05:30,1249.9,1253.95,1249.6,1253.25,192584
2668,2025-04-02T12:45:00+05:30,1253.5,1254.55,1250.55,1250.65,452545
2669,2025-04-02T13:00:00+05:30,1250.75,1253.05,1250.1,1252.95,246244
2670,2025-04-02T13:15:00+05:30,1253.0,1254.5,1252.4,1254.4,343704
2671,2025-04-02T13:30:00+05:30,1254.45,1255.0,1252.0,1252.3,226159
2672,2025-04-02T13:45:00+05:30,1252.0,1253.4,1250.2,1251.25,225341
2673,2025-04-02T14:00:00+05:30,1251.25,1251.9,1249.0,1249.3,185493
2674,2025-04-02T14:15:00+05:30,1249.35,1251.5,1249.0,1251.35,264728
2675,2025-04-02T14:30:00+05:30,1251.5,1252.0,1249.6,1250.55,202688
2676,2025-04-02T14:45:00+05:30,1250.75,1250.95,1248.0,1250.0,482173
2677,2025-04-02T15:00:00+05:30,1249.95,1251.85,1249.0,1251.5,792401
2678,2025-04-02T15:15:00+05:30,1251.5,1253.05,1250.0,1252.0,1054196
2679,2025-04-03T09:15:00+05:30,1237.2,1245.6,1233.05,1241.5,674205
2680,2025-04-03T09:30:00+05:30,1241.5,1243.3,1238.0,1242.75,576541
2681,2025-04-03T09:45:00+05:30,1242.75,1244.9,1240.0,1242.3,401384
2682,2025-04-03T10:00:00+05:30,1242.3,1246.45,1241.55,1246.0,182318
2683,2025-04-03T10:15:00+05:30,1245.95,1248.0,1243.3,1246.0,198674
2684,2025-04-03T10:30:00+05:30,1246.1,1249.0,1246.1,1249.0,108305
2685,2025-04-03T10:45:00+05:30,1248.95,1248.95,1246.25,1248.05,147930
2686,2025-04-03T11:00:00+05:30,1248.15,1249.05,1247.0,1248.0,361331
2687,2025-04-03T11:15:00+05:30,1248.0,1248.5,1244.6,1248.25,394991
2688,2025-04-03T11:30:00+05:30,1248.25,1248.5,1246.8,1248.0,243285
2689,2025-04-03T11:45:00+05:30,1248.35,1248.95,1247.45,1248.1,261060
2690,2025-04-03T12:00:00+05:30,1248.1,1249.4,1247.5,1248.5,181774
2691,2025-04-03T12:15:00+05:30,1248.5,1249.0,1247.55,1248.65,336309
2692,2025-04-03T12:30:00+05:30,1248.65,1249.15,1247.0,1247.85,239152
2693,2025-04-03T12:45:00+05:30,1247.85,1248.55,1247.2,1248.0,146435
2694,2025-04-03T13:00:00+05:30,1248.0,1248.7,1247.4,1248.4,172035
2695,2025-04-03T13:15:00+05:30,1248.4,1251.8,1248.0,1249.8,419606
2696,2025-04-03T13:30:00+05:30,1249.8,1249.8,1247.4,1248.25,135868
2697,2025-04-03T13:45:00+05:30,1248.1,1248.4,1246.25,1247.15,128113
2698,2025-04-03T14:00:00+05:30,1247.15,1248.5,1246.3,1248.1,134092
2699,2025-04-03T14:15:00+05:30,1248.15,1249.15,1247.5,1248.95,144203
2700,2025-04-03T14:30:00+05:30,1248.95,1249.1,1246.5,1247.7,186716
2701,2025-04-03T14:45:00+05:30,1247.6,1249.0,1246.5,1248.35,177021
2702,2025-04-03T15:00:00+05:30,1248.45,1250.4,1247.8,1248.35,696588
2703,2025-04-03T15:15:00+05:30,1248.4,1251.0,1247.5,1248.5,614008
2704,2025-04-04T09:15:00+05:30,1242.0,1245.45,1221.0,1222.3,1959759
2705,2025-04-04T09:30:00+05:30,1222.2,1223.15,1214.25,1214.95,1183141
2706,2025-04-04T09:45:00+05:30,1214.95,1216.0,1210.55,1210.6,1018088
2707,2025-04-04T10:00:00+05:30,1210.6,1212.25,1208.0,1208.8,669346
2708,2025-04-04T10:15:00+05:30,1208.8,1211.9,1201.05,1201.15,1011987
2709,2025-04-04T10:30:00+05:30,1201.05,1205.45,1201.05,1202.8,857653
2710,2025-04-04T10:45:00+05:30,1202.6,1204.35,1199.2,1202.5,1129342
2711,2025-04-04T11:00:00+05:30,1202.7,1202.9,1196.0,1200.55,1149355
2712,2025-04-04T11:15:00+05:30,1200.5,1201.0,1197.0,1200.05,518175
2713,2025-04-04T11:30:00+05:30,1200.05,1200.95,1196.0,1196.55,572128
2714,2025-04-04T11:45:00+05:30,1196.55,1197.5,1193.75,1195.1,695306
2715,2025-04-04T12:00:00+05:30,1195.15,1195.65,1193.15,1195.05,607421
2716,2025-04-04T12:15:00+05:30,1195.1,1196.95,1194.55,1196.05,360170
2717,2025-04-04T12:30:00+05:30,1195.95,1197.45,1195.25,1197.15,344514
2718,2025-04-04T12:45:00+05:30,1197.15,1198.95,1196.6,1198.35,367697
2719,2025-04-04T13:00:00+05:30,1198.3,1199.65,1198.0,1199.0,359242
2720,2025-04-04T13:15:00+05:30,1199.1,1201.0,1198.0,1199.1,486835
2721,2025-04-04T13:30:00+05:30,1199.15,1200.4,1197.15,1197.4,539614
2722,2025-04-04T13:45:00+05:30,1197.4,1199.9,1195.25,1199.3,517246
2723,2025-04-04T14:00:00+05:30,1199.4,1200.35,1198.4,1200.0,372847
2724,2025-04-04T14:15:00+05:30,1200.0,1201.0,1199.6,1200.15,385578
2725,2025-04-04T14:30:00+05:30,1200.2,1200.85,1199.0,1200.2,397886
2726,2025-04-04T14:45:00+05:30,1200.2,1202.6,1199.95,1201.85,407738
2727,2025-04-04T15:00:00+05:30,1201.85,1207.4,1201.55,1204.5,898757
2728,2025-04-04T15:15:00+05:30,1204.5,1206.0,1204.0,1205.9,866797
2729,2025-04-07T09:15:00+05:30,1134.5,1151.45,1114.85,1149.6,2367421
2730,2025-04-07T09:30:00+05:30,1149.6,1155.8,1141.4,1144.4,2378580
2731,2025-04-07T09:45:00+05:30,1144.4,1147.4,1140.0,1142.0,1106126
2732,2025-04-07T10:00:00+05:30,1141.95,1147.85,1141.0,1142.55,974895
2733,2025-04-07T10:15:00+05:30,1142.5,1148.0,1142.0,1147.6,555170
2734,2025-04-07T10:30:00+05:30,1147.55,1154.0,1145.35,1153.0,555873
2735,2025-04-07T10:45:00+05:30,1153.0,1157.5,1150.0,1150.5,604941
2736,2025-04-07T11:00:00+05:30,1151.0,1156.0,1150.5,1153.6,425618
2737,2025-04-07T11:15:00+05:30,1153.6,1154.8,1151.4,1154.5,328357
2738,2025-04-07T11:30:00+05:30,1154.5,1157.95,1153.5,1155.5,375255
2739,2025-04-07T11:45:00+05:30,1155.3,1155.7,1151.1,1152.8,368333
2740,2025-04-07T12:00:00+05:30,1152.75,1153.0,1147.2,1148.25,725379
2741,2025-04-07T12:15:00+05:30,1148.2,1148.75,1143.55,1147.05,1289513
2742,2025-04-07T12:30:00+05:30,1146.75,1150.05,1143.2,1148.8,1300366
2743,2025-04-07T12:45:00+05:30,1148.7,1153.6,1147.0,1149.55,716400
2744,2025-04-07T13:00:00+05:30,1149.25,1149.9,1145.0,1147.45,536403
2745,2025-04-07T13:15:00+05:30,1147.75,1150.0,1144.1,1148.75,500675
2746,2025-04-07T13:30:00+05:30,1148.75,1154.7,1147.25,1153.25,484917
2747,2025-04-07T13:45:00+05:30,1153.25,1156.95,1150.6,1153.15,744713
2748,2025-04-07T14:00:00+05:30,1153.25,1157.6,1152.05,1154.65,761001
2749,2025-04-07T14:15:00+05:30,1154.65,1160.9,1153.1,1160.2,893083
2750,2025-04-07T14:30:00+05:30,1160.2,1166.0,1158.6,1159.95,809403
2751,2025-04-07T14:45:00+05:30,1159.95,1162.6,1159.35,1159.55,541911
2752,2025-04-07T15:00:00+05:30,1159.55,1171.1,1159.15,1167.2,1194544
2753,2025-04-07T15:15:00+05:30,1166.65,1171.25,1160.6,1171.25,1332816
2754,2025-04-08T09:15:00+05:30,1173.0,1186.6,1173.0,1178.35,1991502
2755,2025-04-08T09:30:00+05:30,1178.35,1179.4,1170.05,1171.7,893703
2756,2025-04-08T09:45:00+05:30,1171.7,1175.15,1168.0,1170.25,560098
2757,2025-04-08T10:00:00+05:30,1170.3,1172.0,1168.1,1169.4,455393
2758,2025-04-08T10:15:00+05:30,1169.4,1172.85,1167.9,1172.7,425923
2759,2025-04-08T10:30:00+05:30,1172.4,1173.0,1163.3,1166.1,1208105
2760,2025-04-08T10:45:00+05:30,1166.1,1172.4,1165.05,1170.6,597941
2761,2025-04-08T11:00:00+05:30,1170.65,1180.0,1170.0,1178.0,854844
2762,2025-04-08T11:15:00+05:30,1178.1,1179.4,1168.65,1171.9,515166
2763,2025-04-08T11:30:00+05:30,1171.75,1173.65,1169.0,1170.1,399412
2764,2025-04-08T11:45:00+05:30,1170.1,1176.2,1169.75,1175.35,378075
2765,2025-04-08T12:00:00+05:30,1175.35,1184.5,1174.15,1184.5,719487
2766,2025-04-08T12:15:00+05:30,1184.2,1191.5,1180.0,1191.5,1075196
2767,2025-04-08T12:30:00+05:30,1191.45,1196.6,1189.15,1194.0,677114
2768,2025-04-08T12:45:00+05:30,1193.9,1194.4,1191.0,1193.75,276718
2769,2025-04-08T13:00:00+05:30,1193.7,1193.7,1186.0,1189.6,316054
2770,2025-04-08T13:15:00+05:30,1189.45,1190.5,1185.1,1190.15,375285
2771,2025-04-08T13:30:00+05:30,1190.15,1191.5,1179.2,1182.25,501662
2772,2025-04-08T13:45:00+05:30,1182.3,1184.1,1174.15,1180.25,1112224
2773,2025-04-08T14:00:00+05:30,1180.55,1187.0,1179.15,1185.9,473609
2774,2025-04-08T14:15:00+05:30,1185.9,1191.05,1185.9,1190.45,399863
2775,2025-04-08T14:30:00+05:30,1190.45,1190.55,1183.3,1185.0,363235
2776,2025-04-08T14:45:00+05:30,1185.0,1187.45,1182.6,1186.0,500119
2777,2025-04-08T15:00:00+05:30,1185.8,1186.0,1181.15,1182.8,2236021
2778,2025-04-08T15:15:00+05:30,1182.85,1182.85,1179.35,1181.05,1791056
2779,2025-04-09T09:15:00+05:30,1169.5,1180.75,1168.0,1175.7,1080176
2780,2025-04-09T09:30:00+05:30,1175.7,1185.0,1173.95,1184.8,608826
2781,2025-04-09T09:45:00+05:30,1184.7,1184.9,1177.25,1178.2,466328
2782,2025-04-09T10:00:00+05:30,1178.25,1183.4,1178.25,1181.35,346454
2783,2025-04-09T10:15:00+05:30,1181.3,1187.5,1181.1,1184.65,305994
2784,2025-04-09T10:30:00+05:30,1184.8,1186.55,1183.6,1185.35,252263
2785,2025-04-09T10:45:00+05:30,1185.55,1186.75,1183.7,1184.4,315289
2786,2025-04-09T11:00:00+05:30,1184.45,1188.0,1182.5,1187.5,353984
2787,2025-04-09T11:15:00+05:30,1187.5,1189.8,1185.5,1186.6,191165
2788,2025-04-09T11:30:00+05:30,1186.8,1187.85,1184.0,1186.1,286428
2789,2025-04-09T11:45:00+05:30,1186.1,1186.7,1184.2,1185.15,173073
2790,2025-04-09T12:00:00+05:30,1185.15,1185.7,1184.1,1184.45,165179
2791,2025-04-09T12:15:00+05:30,1184.4,1186.7,1184.1,1185.1,186691
2792,2025-04-09T12:30:00+05:30,1185.0,1186.5,1184.25,1184.55,221845
2793,2025-04-09T12:45:00+05:30,1184.35,1186.25,1184.1,1185.6,228726
2794,2025-04-09T13:00:00+05:30,1185.6,1185.85,1183.0,1185.05,284072
2795,2025-04-09T13:15:00+05:30,1185.05,1187.15,1183.45,1184.4,471487
2796,2025-04-09T13:30:00+05:30,1184.4,1185.55,1181.3,1183.0,444492
2797,2025-04-09T13:45:00+05:30,1183.0,1184.5,1182.65,1183.3,210440
2798,2025-04-09T14:00:00+05:30,1183.3,1185.45,1183.25,1185.05,255561
2799,2025-04-09T14:15:00+05:30,1185.05,1185.5,1184.15,1184.15,282005
2800,2025-04-09T14:30:00+05:30,1184.1,1186.9,1183.1,1186.9,330798
2801,2025-04-09T14:45:00+05:30,1186.9,1187.1,1183.85,1184.1,442131
2802,2025-04-09T15:00:00+05:30,1184.1,1186.65,1183.0,1186.5,1135596
2803,2025-04-09T15:15:00+05:30,1186.55,1188.0,1184.55,1187.5,984529
2804,2025-04-11T09:15:00+05:30,1195.5,1214.05,1195.5,1209.95,1637683
2805,2025-04-11T09:30:00+05:30,1209.95,1217.5,1209.75,1215.45,713431
2806,2025-04-11T09:45:00+05:30,1215.3,1216.5,1213.3,1214.8,411965
2807,2025-04-11T10:00:00+05:30,1214.8,1217.25,1211.25,1212.8,329262
2808,2025-04-11T10:15:00+05:30,1212.7,1213.45,1209.8,1210.45,326316
2809,2025-04-11T10:30:00+05:30,1210.5,1212.0,1205.0,1211.25,449443
2810,2025-04-11T10:45:00+05:30,1211.3,1212.5,1209.75,1212.35,333230
2811,2025-04-11T11:00:00+05:30,1212.3,1214.85,1212.1,1213.65,211222
2812,2025-04-11T11:15:00+05:30,1213.65,1215.35,1211.5,1214.95,371109
2813,2025-04-11T11:30:00+05:30,1214.95,1217.5,1214.9,1216.85,359127
2814,2025-04-11T11:45:00+05:30,1216.8,1218.9,1216.0,1218.9,284310
2815,2025-04-11T12:00:00+05:30,1218.8,1221.75,1218.3,1221.4,410965
2816,2025-04-11T12:15:00+05:30,1221.4,1222.65,1218.8,1220.5,268570
2817,2025-04-11T12:30:00+05:30,1220.6,1221.65,1219.15,1219.95,344005
2818,2025-04-11T12:45:00+05:30,1220.0,1220.95,1218.55,1218.65,242788
2819,2025-04-11T13:00:00+05:30,1218.65,1221.1,1218.6,1219.9,253542
2820,2025-04-11T13:15:00+05:30,1219.95,1221.0,1217.5,1217.9,209426
2821,2025-04-11T13:30:00+05:30,1217.9,1221.4,1216.2,1220.45,260648
2822,2025-04-11T13:45:00+05:30,1220.45,1220.5,1216.95,1218.0,254686
2823,2025-04-11T14:00:00+05:30,1218.0,1218.0,1212.5,1213.75,355112
2824,2025-04-11T14:15:00+05:30,1213.75,1216.55,1213.2,1214.25,223946
2825,2025-04-11T14:30:00+05:30,1214.35,1217.45,1214.2,1217.4,237645
2826,2025-04-11T14:45:00+05:30,1217.4,1218.65,1216.3,1218.05,294113
2827,2025-04-11T15:00:00+05:30,1218.25,1220.85,1217.25,1218.45,969001
2828,2025-04-11T15:15:00+05:30,1218.5,1221.2,1218.45,1220.0,956584
2829,2025-04-15T09:15:00+05:30,1250.0,1250.9,1241.4,1242.6,1628042
2830,2025-04-15T09:30:00+05:30,1242.6,1245.0,1241.0,1244.4,560717
2831,2025-04-15T09:45:00+05:30,1244.2,1247.9,1243.0,1244.2,432031
2832,2025-04-15T10:00:00+05:30,1244.1,1244.7,1241.4,1241.6,254765
2833,2025-04-15T10:15:00+05:30,1241.6,1243.0,1240.2,1241.6,245232
2834,2025-04-15T10:30:00+05:30,1241.6,1241.7,1238.3,1240.4,253608
2835,2025-04-15T10:45:00+05:30,1240.3,1240.7,1238.1,1238.5,214260
2836,2025-04-15T11:00:00+05:30,1238.5,1240.4,1237.1,1238.5,264023
2837,2025-04-15T11:15:00+05:30,1238.6,1241.0,1237.8,1239.3,196449
2838,2025-04-15T11:30:00+05:30,1239.3,1240.9,1239.2,1240.3,135815
2839,2025-04-15T11:45:00+05:30,1240.4,1240.4,1238.4,1239.0,133374
2840,2025-04-15T12:00:00+05:30,1239.0,1241.3,1238.1,1241.0,175418
2841,2025-04-15T12:15:00+05:30,1240.8,1243.4,1240.6,1243.1,304792
2842,2025-04-15T12:30:00+05:30,1243.2,1243.7,1242.2,1242.9,280320
2843,2025-04-15T12:45:00+05:30,1242.9,1243.5,1241.7,1242.0,303481
2844,2025-04-15T13:00:00+05:30,1242.0,1243.5,1240.0,1242.2,422521
2845,2025-04-15T13:15:00+05:30,1242.2,1242.9,1240.9,1242.3,212142
2846,2025-04-15T13:30:00+05:30,1242.3,1243.8,1241.4,1242.1,288674
2847,2025-04-15T13:45:00+05:30,1242.2,1243.0,1241.4,1241.7,352891
2848,2025-04-15T14:00:00+05:30,1242.0,1244.0,1241.7,1243.5,337813
2849,2025-04-15T14:15:00+05:30,1243.4,1243.5,1241.5,1241.5,470966
2850,2025-04-15T14:30:00+05:30,1241.7,1242.0,1239.1,1239.5,427885
2851,2025-04-15T14:45:00+05:30,1239.5,1241.0,1239.0,1239.6,379687
2852,2025-04-15T15:00:00+05:30,1239.6,1241.4,1239.1,1239.5,1784662
2853,2025-04-15T15:15:00+05:30,1239.6,1241.4,1239.1,1239.6,1814159
2854,2025-04-16T09:15:00+05:30,1235.0,1237.2,1232.0,1234.5,669432
2855,2025-04-16T09:30:00+05:30,1234.5,1234.6,1230.0,1232.6,358071
2856,2025-04-16T09:45:00+05:30,1232.5,1233.2,1231.0,1231.8,182676
2857,2025-04-16T10:00:00+05:30,1231.8,1235.5,1231.0,1233.7,274874
2858,2025-04-16T10:15:00+05:30,1233.6,1234.5,1232.9,1233.9,312755
2859,2025-04-16T10:30:00+05:30,1233.8,1235.2,1231.2,1231.6,341952
2860,2025-04-16T10:45:00+05:30,1231.6,1232.8,1229.0,1230.8,445286
2861,2025-04-16T11:00:00+05:30,1230.5,1233.8,1229.5,1233.7,226170
2862,2025-04-16T11:15:00+05:30,1233.7,1235.0,1232.6,1234.1,204923
2863,2025-04-16T11:30:00+05:30,1234.0,1234.5,1232.1,1233.9,107213
2864,2025-04-16T11:45:00+05:30,1233.9,1234.8,1233.6,1233.7,123321
2865,2025-04-16T12:00:00+05:30,1233.7,1236.2,1233.1,1235.6,184467
2866,2025-04-16T12:15:00+05:30,1235.6,1237.6,1235.0,1236.2,269955
2867,2025-04-16T12:30:00+05:30,1236.2,1236.9,1234.2,1236.9,150719
2868,2025-04-16T12:45:00+05:30,1236.9,1237.0,1235.0,1235.6,245323
2869,2025-04-16T13:00:00+05:30,1235.6,1237.1,1235.0,1236.8,221991
2870,2025-04-16T13:15:00+05:30,1236.8,1236.8,1232.1,1232.2,223520
2871,2025-04-16T13:30:00+05:30,1232.2,1232.2,1230.5,1231.2,180571
2872,2025-04-16T13:45:00+05:30,1231.2,1237.6,1230.3,1236.0,279092
2873,2025-04-16T14:00:00+05:30,1236.0,1238.6,1235.9,1237.6,255892
2874,2025-04-16T14:15:00+05:30,1237.6,1240.9,1236.9,1238.9,251559
2875,2025-04-16T14:30:00+05:30,1238.9,1239.2,1237.3,1237.6,162436
2876,2025-04-16T14:45:00+05:30,1237.6,1240.5,1236.6,1240.3,305013
2877,2025-04-16T15:00:00+05:30,1240.3,1240.8,1236.9,1237.5,1329695
2878,2025-04-16T15:15:00+05:30,1237.5,1239.6,1236.2,1238.0,877071
2879,2025-04-17T09:15:00+05:30,1240.3,1242.9,1227.6,1228.2,961591
2880,2025-04-17T09:30:00+05:30,1228.0,1233.0,1228.0,1232.0,365396
2881,2025-04-17T09:45:00+05:30,1232.0,1233.0,1230.3,1231.4,203119
2882,2025-04-17T10:00:00+05:30,1231.5,1231.9,1228.1,1230.0,256476
2883,2025-04-17T10:15:00+05:30,1230.0,1232.5,1229.2,1232.4,237311
2884,2025-04-17T10:30:00+05:30,1232.4,1235.7,1232.2,1235.0,248385
2885,2025-04-17T10:45:00+05:30,1235.1,1238.3,1235.1,1237.0,434618
2886,2025-04-17T11:00:00+05:30,1237.0,1242.4,1236.9,1242.3,599147
2887,2025-04-17T11:15:00+05:30,1242.4,1247.8,1242.2,1246.8,378046
2888,2025-04-17T11:30:00+05:30,1246.6,1252.6,1246.4,1252.1,670777
2889,2025-04-17T11:45:00+05:30,1252.2,1257.3,1251.4,1256.5,836862
2890,2025-04-17T12:00:00+05:30,1256.4,1260.0,1254.7,1259.0,547409
2891,2025-04-17T12:15:00+05:30,1259.1,1263.0,1258.3,1262.6,545249
2892,2025-04-17T12:30:00+05:30,1262.5,1265.6,1261.5,1263.6,555611
2893,2025-04-17T12:45:00+05:30,1263.7,1264.9,1262.0,1264.2,350495
2894,2025-04-17T13:00:00+05:30,1264.2,1267.5,1262.5,1267.3,461890
2895,2025-04-17T13:15:00+05:30,1267.4,1267.7,1265.2,1266.9,402197
2896,2025-04-17T13:30:00+05:30,1266.7,1270.5,1266.1,1269.8,790507
2897,2025-04-17T13:45:00+05:30,1269.8,1277.0,1269.3,1274.0,1237704
2898,2025-04-17T14:00:00+05:30,1274.1,1277.7,1274.0,1275.0,709099
2899,2025-04-17T14:15:00+05:30,1275.0,1276.9,1273.4,1275.3,832558
2900,2025-04-17T14:30:00+05:30,1275.3,1280.2,1275.3,1277.5,951274
2901,2025-04-17T14:45:00+05:30,1277.4,1277.7,1275.5,1276.9,627832
2902,2025-04-17T15:00:00+05:30,1277.0,1277.4,1271.9,1273.5,1120765
2903,2025-04-17T15:15:00+05:30,1273.5,1275.0,1272.0,1273.0,953713
2904,2025-04-21T09:15:00+05:30,1270.1,1276.0,1267.0,1273.0,568108
2905,2025-04-21T09:30:00+05:30,1273.3,1284.0,1272.2,1282.4,475636
2906,2025-04-21T09:45:00+05:30,1282.0,1282.5,1278.5,1280.8,366699
2907,2025-04-21T10:00:00+05:30,1280.8,1285.9,1280.0,1284.1,438490
2908,2025-04-21T10:15:00+05:30,1284.0,1286.9,1283.5,1286.1,327046
2909,2025-04-21T10:30:00+05:30,1286.2,1289.5,1285.4,1289.0,485821
2910,2025-04-21T10:45:00+05:30,1289.0,1292.2,1289.0,1292.2,520550
2911,2025-04-21T11:00:00+05:30,1292.2,1292.9,1290.2,1292.8,306324
2912,2025-04-21T11:15:00+05:30,1292.8,1296.9,1292.0,1296.0,726626
2913,2025-04-21T11:30:00+05:30,1296.0,1296.9,1294.5,1295.8,444729
2914,2025-04-21T11:45:00+05:30,1295.7,1298.5,1295.1,1298.3,526105
2915,2025-04-21T12:00:00+05:30,1298.3,1298.6,1293.5,1295.7,314057
2916,2025-04-21T12:15:00+05:30,1295.8,1297.8,1293.5,1295.9,407392
2917,2025-04-21T12:30:00+05:30,1295.9,1296.8,1295.0,1295.1,166850
2918,2025-04-21T12:45:00+05:30,1295.1,1297.0,1294.8,1296.5,220299
2919,2025-04-21T13:00:00+05:30,1296.8,1297.6,1295.1,1295.9,177802
2920,2025-04-21T13:15:00+05:30,1295.4,1296.0,1294.7,1295.5,223435
2921,2025-04-21T13:30:00+05:30,1295.8,1296.8,1293.0,1293.5,358159
2922,2025-04-21T13:45:00+05:30,1293.8,1298.0,1293.5,1297.7,265844
2923,2025-04-21T14:00:00+05:30,1297.8,1298.0,1295.8,1297.4,287040
2924,2025-04-21T14:15:00+05:30,1297.5,1300.0,1296.8,1299.0,351280
2925,2025-04-21T14:30:00+05:30,1299.5,1300.9,1297.2,1298.4,549750
2926,2025-04-21T14:45:00+05:30,1298.2,1299.0,1296.7,1297.9,353831
2927,2025-04-21T15:00:00+05:30,1297.4,1298.0,1294.4,1295.7,708200
2928,2025-04-21T15:15:00+05:30,1295.7,1296.0,1294.9,1295.2,682678
2929,2025-04-22T09:15:00+05:30,1300.5,1303.9,1290.9,1297.5,1178747
2930,2025-04-22T09:30:00+05:30,1297.5,1300.4,1295.8,1297.4,449544
2931,2025-04-22T09:45:00+05:30,1297.1,1297.4,1293.2,1296.5,318422
2932,2025-04-22T10:00:00+05:30,1296.2,1298.3,1294.9,1295.6,251585
2933,2025-04-22T10:15:00+05:30,1295.3,1297.8,1295.3,1296.0,377868
2934,2025-04-22T10:30:00+05:30,1296.3,1301.4,1296.0,1301.3,401822
2935,2025-04-22T10:45:00+05:30,1301.3,1301.6,1299.2,1300.0,317352
2936,2025-04-22T11:00:00+05:30,1300.1,1300.5,1297.7,1299.3,523982
2937,2025-04-22T11:15:00+05:30,1299.3,1300.3,1297.6,1298.4,1056963
2938,2025-04-22T11:30:00+05:30,1298.3,1300.9,1298.1,1300.1,716548
2939,2025-04-22T11:45:00+05:30,1300.1,1300.9,1300.0,1300.0,294825
2940,2025-04-22T12:00:00+05:30,1300.3,1300.7,1299.9,1300.0,274719
2941,2025-04-22T12:15:00+05:30,1300.1,1300.3,1298.1,1298.6,420023
2942,2025-04-22T12:30:00+05:30,1298.6,1299.8,1297.5,1298.8,823042
2943,2025-04-22T12:45:00+05:30,1299.1,1299.4,1294.7,1296.9,559214
2944,2025-04-22T13:00:00+05:30,1296.6,1297.2,1293.0,1295.0,461814
2945,2025-04-22T13:15:00+05:30,1295.0,1296.7,1293.0,1293.5,610837
2946,2025-04-22T13:30:00+05:30,1293.5,1295.0,1289.3,1289.5,600903
2947,2025-04-22T13:45:00+05:30,1289.7,1290.0,1286.3,1289.0,413928
2948,2025-04-22T14:00:00+05:30,1289.0,1291.5,1288.1,1289.9,341789
2949,2025-04-22T14:15:00+05:30,1289.9,1291.0,1287.8,1291.0,424771
2950,2025-04-22T14:30:00+05:30,1290.8,1293.8,1289.1,1292.0,592724
2951,2025-04-22T14:45:00+05:30,1291.9,1292.9,1289.2,1291.1,366030
2952,2025-04-22T15:00:00+05:30,1291.1,1293.0,1289.9,1291.3,628932
2953,2025-04-22T15:15:00+05:30,1291.3,1292.0,1288.0,1289.0,448983
2954,2025-04-23T09:15:00+05:30,1297.4,1298.4,1291.1,1293.8,616636
2955,2025-04-23T09:30:00+05:30,1294.2,1296.9,1293.0,1296.3,380220
2956,2025-04-23T09:45:00+05:30,1296.3,1306.0,1296.2,1303.3,777986
2957,2025-04-23T10:00:00+05:30,1303.5,1304.1,1293.7,1294.0,422438
2958,2025-04-23T10:15:00+05:30,1294.3,1295.8,1292.0,1293.9,299804
2959,2025-04-23T10:30:00+05:30,1294.0,1294.7,1288.6,1288.8,285249
2960,2025-04-23T10:45:00+05:30,1288.8,1290.8,1285.4,1287.9,396789
2961,2025-04-23T11:00:00+05:30,1288.0,1290.7,1287.6,1290.1,198910
2962,2025-04-23T11:15:00+05:30,1290.1,1293.0,1289.8,1291.7,212802
2963,2025-04-23T11:30:00+05:30,1291.7,1295.7,1291.5,1295.1,273604
2964,2025-04-23T11:45:00+05:30,1295.2,1297.0,1293.1,1293.4,306018
2965,2025-04-23T12:00:00+05:30,1293.4,1295.5,1292.3,1295.4,307986
2966,2025-04-23T12:15:00+05:30,1295.3,1296.4,1292.6,1294.5,205148
2967,2025-04-23T12:30:00+05:30,1294.1,1295.6,1293.4,1295.2,194425
2968,2025-04-23T12:45:00+05:30,1295.1,1295.6,1294.1,1295.4,246518
2969,2025-04-23T13:00:00+05:30,1295.4,1298.0,1295.0,1296.1,205500
2970,2025-04-23T13:15:00+05:30,1296.0,1299.8,1295.0,1299.5,412004
2971,2025-04-23T13:30:00+05:30,1299.5,1300.0,1297.1,1298.0,331400
2972,2025-04-23T13:45:00+05:30,1298.0,1300.5,1296.8,1299.5,552021
2973,2025-04-23T14:00:00+05:30,1299.2,1300.1,1297.7,1299.6,418715
2974,2025-04-23T14:15:00+05:30,1299.5,1300.4,1298.7,1299.4,330115
2975,2025-04-23T14:30:00+05:30,1299.3,1299.9,1295.6,1297.4,363196
2976,2025-04-23T14:45:00+05:30,1297.4,1300.5,1297.0,1300.4,430999
2977,2025-04-23T15:00:00+05:30,1300.1,1301.2,1299.8,1299.9,1068109
2978,2025-04-23T15:15:00+05:30,1299.8,1300.7,1297.0,1297.0,1115041
2979,2025-04-24T09:15:00+05:30,1293.5,1297.9,1291.2,1291.6,589259
2980,2025-04-24T09:30:00+05:30,1291.7,1297.0,1291.4,1293.3,282887
2981,2025-04-24T09:45:00+05:30,1293.5,1294.9,1292.0,1293.0,309507
2982,2025-04-24T10:00:00+05:30,1293.0,1293.3,1290.3,1293.2,225289
2983,2025-04-24T10:15:00+05:30,1293.1,1295.6,1291.0,1295.6,195621
2984,2025-04-24T10:30:00+05:30,1295.6,1296.4,1294.0,1295.5,234872
2985,2025-04-24T10:45:00+05:30,1295.5,1296.5,1292.7,1295.3,257073
2986,2025-04-24T11:00:00+05:30,1295.4,1296.4,1294.8,1295.1,196302
2987,2025-04-24T11:15:00+05:30,1295.3,1295.6,1293.9,1295.2,360727
2988,2025-04-24T11:30:00+05:30,1295.0,1297.8,1294.9,1297.4,236669
2989,2025-04-24T11:45:00+05:30,1297.4,1299.6,1296.3,1297.4,368538
2990,2025-04-24T12:00:00+05:30,1297.4,1298.9,1297.0,1298.0,210014
2991,2025-04-24T12:15:00+05:30,1298.1,1300.7,1297.8,1299.3,345242
2992,2025-04-24T12:30:00+05:30,1299.3,1300.3,1298.2,1300.2,277604
2993,2025-04-24T12:45:00+05:30,1300.1,1300.5,1299.2,1300.1,320350
2994,2025-04-24T13:00:00+05:30,1300.0,1301.0,1298.4,1299.5,335736
2995,2025-04-24T13:15:00+05:30,1299.5,1299.9,1296.6,1297.3,263791
2996,2025-04-24T13:30:00+05:30,1297.3,1298.1,1294.9,1297.8,579675
2997,2025-04-24T13:45:00+05:30,1297.7,1300.5,1297.5,1299.3,449159
2998,2025-04-24T14:00:00+05:30,1299.2,1300.1,1298.8,1300.0,232846
2999,2025-04-24T14:15:00+05:30,1300.1,1300.6,1299.0,1299.3,299399
3000,2025-04-24T14:30:00+05:30,1299.5,1300.3,1298.5,1298.9,421077
3001,2025-04-24T14:45:00+05:30,1299.0,1299.4,1295.6,1297.0,507143
3002,2025-04-24T15:00:00+05:30,1297.0,1302.5,1296.9,1302.3,1444946
3003,2025-04-24T15:15:00+05:30,1302.3,1304.5,1300.8,1303.5,1452628
3004,2025-04-25T09:15:00+05:30,1303.5,1321.4,1301.9,1320.7,1865175
3005,2025-04-25T09:30:00+05:30,1321.0,1325.2,1307.0,1310.9,1815382
3006,2025-04-25T09:45:00+05:30,1310.8,1312.0,1297.5,1298.6,730053
3007,2025-04-25T10:00:00+05:30,1299.0,1299.0,1290.1,1298.4,916303
3008,2025-04-25T10:15:00+05:30,1298.2,1299.0,1292.1,1293.8,359040
3009,2025-04-25T10:30:00+05:30,1293.8,1302.9,1293.5,1299.5,482019
3010,2025-04-25T10:45:00+05:30,1299.5,1302.1,1294.4,1295.6,654754
3011,2025-04-25T11:00:00+05:30,1296.3,1297.9,1292.1,1296.4,437282
3012,2025-04-25T11:15:00+05:30,1296.4,1297.5,1291.5,1294.4,242302
3013,2025-04-25T11:30:00+05:30,1294.4,1294.5,1290.6,1291.0,453191
3014,2025-04-25T11:45:00+05:30,1291.0,1292.5,1288.1,1291.3,454779
3015,2025-04-25T12:00:00+05:30,1291.3,1294.3,1290.0,1293.2,310657
3016,2025-04-25T12:15:00+05:30,1293.2,1296.9,1292.2,1294.9,322334
3017,2025-04-25T12:30:00+05:30,1294.9,1297.3,1293.5,1296.2,312833
3018,2025-04-25T12:45:00+05:30,1296.2,1300.0,1295.0,1299.8,346484
3019,2025-04-25T13:00:00+05:30,1299.8,1303.0,1298.1,1299.9,368515
3020,2025-04-25T13:15:00+05:30,1299.9,1301.0,1299.1,1300.1,280495
3021,2025-04-25T13:30:00+05:30,1300.1,1304.4,1299.3,1303.8,231386
3022,2025-04-25T13:45:00+05:30,1303.9,1309.0,1303.8,1308.3,374272
3023,2025-04-25T14:00:00+05:30,1308.3,1309.9,1299.4,1301.8,378013
3024,2025-04-25T14:15:00+05:30,1301.8,1305.0,1301.3,1303.4,196099
3025,2025-04-25T14:30:00+05:30,1303.3,1303.4,1300.0,1301.6,234633
3026,2025-04-25T14:45:00+05:30,1301.6,1304.9,1299.5,1303.7,344923
3027,2025-04-25T15:00:00+05:30,1303.6,1304.8,1296.2,1297.4,1256062
3028,2025-04-25T15:15:00+05:30,1297.4,1303.0,1297.0,1301.0,978776
3029,2025-04-28T09:15:00+05:30,1340.0,1344.0,1320.2,1331.1,3986055
3030,2025-04-28T09:30:00+05:30,1331.3,1340.0,1331.1,1337.7,1516727
3031,2025-04-28T09:45:00+05:30,1337.7,1345.0,1332.8,1344.6,1497159
3032,2025-04-28T10:00:00+05:30,1344.6,1352.0,1344.4,1348.6,2151619
3033,2025-04-28T10:15:00+05:30,1348.6,1355.0,1348.0,1349.5,1154189
3034,2025-04-28T10:30:00+05:30,1349.6,1358.0,1349.5,1353.5,1383202
3035,2025-04-28T10:45:00+05:30,1353.4,1355.9,1352.3,1355.8,1074227
3036,2025-04-28T11:00:00+05:30,1355.8,1357.2,1352.5,1354.2,676511
3037,2025-04-28T11:15:00+05:30,1354.5,1355.0,1351.0,1354.1,567274
3038,2025-04-28T11:30:00+05:30,1354.2,1359.0,1353.9,1358.9,683369
3039,2025-04-28T11:45:00+05:30,1358.9,1359.6,1357.0,1357.9,528223
3040,2025-04-28T12:00:00+05:30,1358.0,1362.6,1357.9,1360.6,1046966
3041,2025-04-28T12:15:00+05:30,1360.7,1362.5,1360.0,1362.3,665160
3042,2025-04-28T12:30:00+05:30,1362.3,1363.8,1360.0,1362.8,780990
3043,2025-04-28T12:45:00+05:30,1362.7,1365.6,1362.3,1364.9,972969
3044,2025-04-28T13:00:00+05:30,1364.9,1368.3,1363.1,1368.0,1049426
3045,2025-04-28T13:15:00+05:30,1368.1,1373.8,1367.8,1371.9,1527140
3046,2025-04-28T13:30:00+05:30,1372.0,1374.6,1370.6,1374.4,850645
3047,2025-04-28T13:45:00+05:30,1374.4,1374.5,1371.1,1371.3,844568
3048,2025-04-28T14:00:00+05:30,1371.4,1373.0,1366.0,1371.4,851600
3049,2025-04-28T14:15:00+05:30,1371.4,1371.5,1365.3,1366.7,955706
3050,2025-04-28T14:30:00+05:30,1366.8,1368.8,1363.0,1364.9,879736
3051,2025-04-28T14:45:00+05:30,1364.9,1368.0,1362.0,1367.3,1003143
3052,2025-04-28T15:00:00+05:30,1367.3,1371.9,1367.2,1370.3,1513516
3053,2025-04-28T15:15:00+05:30,1370.4,1371.0,1365.7,1366.3,1858210
3054,2025-04-29T09:15:00+05:30,1370.8,1390.8,1370.0,1388.6,3700316
3055,2025-04-29T09:30:00+05:30,1388.9,1392.0,1380.1,1380.5,2452175
3056,2025-04-29T09:45:00+05:30,1380.5,1386.0,1376.1,1386.0,993073
3057,2025-04-29T10:00:00+05:30,1386.0,1388.0,1383.7,1387.1,1125382
3058,2025-04-29T10:15:00+05:30,1387.1,1391.2,1385.5,1390.0,1713354
3059,2025-04-29T10:30:00+05:30,1390.0,1396.9,1389.0,1393.8,1863476
3060,2025-04-29T10:45:00+05:30,1394.0,1395.4,1391.1,1391.2,718425
3061,2025-04-29T11:00:00+05:30,1391.7,1395.6,1391.3,1394.7,632208
3062,2025-04-29T11:15:00+05:30,1394.8,1398.8,1393.1,1398.3,1249515
3063,2025-04-29T11:30:00+05:30,1398.3,1404.9,1397.3,1404.4,1868037
3064,2025-04-29T11:45:00+05:30,1404.4,1406.1,1400.8,1403.9,1437889
3065,2025-04-29T12:00:00+05:30,1403.9,1405.9,1401.4,1405.5,944970
3066,2025-04-29T12:15:00+05:30,1405.5,1406.0,1403.8,1404.0,519767
3067,2025-04-29T12:30:00+05:30,1404.0,1405.9,1403.8,1405.5,508147
3068,2025-04-29T12:45:00+05:30,1405.1,1410.8,1404.9,1410.1,1010965
3069,2025-04-29T13:00:00+05:30,1410.2,1410.9,1406.5,1406.7,1142181
3070,2025-04-29T13:15:00+05:30,1406.6,1407.7,1403.7,1405.9,788786
3071,2025-04-29T13:30:00+05:30,1405.9,1406.4,1404.6,1405.4,509355
3072,2025-04-29T13:45:00+05:30,1405.4,1408.0,1404.9,1407.9,421392
3073,2025-04-29T14:00:00+05:30,1407.9,1408.0,1404.5,1405.3,488186
3074,2025-04-29T14:15:00+05:30,1405.1,1406.0,1397.0,1399.0,1354511
3075,2025-04-29T14:30:00+05:30,1399.0,1402.0,1398.8,1400.9,675750
3076,2025-04-29T14:45:00+05:30,1400.9,1401.7,1398.2,1399.8,1139496
3077,2025-04-29T15:00:00+05:30,1399.8,1401.0,1398.7,1398.9,2490075
3078,2025-04-29T15:15:00+05:30,1398.9,1403.0,1396.5,1398.9,2674699
3079,2025-04-30T09:15:00+05:30,1402.0,1402.0,1388.1,1394.0,1888510
3080,2025-04-30T09:30:00+05:30,1393.4,1397.9,1392.6,1396.9,703000
3081,2025-04-30T09:45:00+05:30,1396.5,1405.5,1395.7,1400.3,978065
3082,2025-04-30T10:00:00+05:30,1400.3,1404.1,1398.5,1401.0,522649
3083,2025-04-30T10:15:00+05:30,1401.0,1402.0,1400.0,1400.0,380282
3084,2025-04-30T10:30:00+05:30,1400.0,1401.9,1396.0,1400.3,735431
3085,2025-04-30T10:45:00+05:30,1400.3,1403.5,1400.0,1403.4,355407
3086,2025-04-30T11:00:00+05:30,1403.3,1404.5,1401.3,1402.7,437071
3087,2025-04-30T11:15:00+05:30,1402.9,1404.7,1402.0,1402.4,363814
3088,2025-04-30T11:30:00+05:30,1402.4,1404.8,1402.2,1402.8,510562
3089,2025-04-30T11:45:00+05:30,1402.9,1406.4,1402.0,1406.4,616434
3090,2025-04-30T12:00:00+05:30,1406.4,1409.4,1406.0,1409.1,793069
3091,2025-04-30T12:15:00+05:30,1409.0,1412.4,1408.1,1409.7,1036490
3092,2025-04-30T12:30:00+05:30,1409.5,1410.0,1406.3,1409.8,594133
3093,2025-04-30T12:45:00+05:30,1409.8,1412.0,1408.7,1410.7,512665
3094,2025-04-30T13:00:00+05:30,1410.6,1411.1,1408.7,1410.5,518702
3095,2025-04-30T13:15:00+05:30,1410.4,1411.2,1407.7,1409.3,692028
3096,2025-04-30T13:30:00+05:30,1409.3,1410.1,1406.9,1408.6,792726
3097,2025-04-30T13:45:00+05:30,1408.5,1410.5,1408.1,1410.4,557061
3098,2025-04-30T14:00:00+05:30,1410.5,1411.2,1409.4,1409.9,661859
3099,2025-04-30T14:15:00+05:30,1409.9,1410.5,1407.0,1409.1,434011
3100,2025-04-30T14:30:00+05:30,1409.1,1409.5,1407.8,1409.0,455019
3101,2025-04-30T14:45:00+05:30,1409.0,1411.6,1408.6,1409.6,1252301
3102,2025-04-30T15:00:00+05:30,1409.6,1412.1,1405.7,1406.4,4279259
3103,2025-04-30T15:15:00+05:30,1406.4,1408.0,1369.0,1395.0,5168816
3104,2025-05-02T09:15:00+05:30,1412.0,1420.9,1409.1,1419.2,1571460
3105,2025-05-02T09:30:00+05:30,1419.0,1425.9,1418.9,1425.0,1018201
3106,2025-05-02T09:45:00+05:30,1425.2,1426.0,1420.2,1422.0,506973
3107,2025-05-02T10:00:00+05:30,1422.0,1425.0,1420.1,1424.0,412961
3108,2025-05-02T10:15:00+05:30,1424.3,1426.7,1417.5,1418.3,672755
3109,2025-05-02T10:30:00+05:30,1418.2,1420.3,1415.1,1418.8,507350
3110,2025-05-02T10:45:00+05:30,1418.9,1419.4,1415.3,1417.4,395024
3111,2025-05-02T11:00:00+05:30,1417.4,1420.8,1416.8,1418.9,327166
3112,2025-05-02T11:15:00+05:30,1418.8,1422.0,1416.0,1418.2,365752
3113,2025-05-02T11:30:00+05:30,1418.2,1418.7,1413.8,1416.6,481146
3114,2025-05-02T11:45:00+05:30,1416.4,1420.6,1415.8,1420.0,264593
3115,2025-05-02T12:00:00+05:30,1419.9,1420.0,1415.1,1416.9,254054
3116,2025-05-02T12:15:00+05:30,1416.9,1417.8,1413.0,1414.6,431051
3117,2025-05-02T12:30:00+05:30,1414.7,1418.3,1412.6,1418.0,372831
3118,2025-05-02T12:45:00+05:30,1418.0,1419.7,1417.6,1418.0,337637
3119,2025-05-02T13:00:00+05:30,1418.0,1419.9,1412.7,1416.4,1239923
3120,2025-05-02T13:15:00+05:30,1416.2,1420.9,1416.2,1419.3,566945
3121,2025-05-02T13:30:00+05:30,1419.2,1421.0,1418.3,1419.0,384772
3122,2025-05-02T13:45:00+05:30,1418.9,1420.4,1418.0,1418.8,502638
3123,2025-05-02T14:00:00+05:30,1418.8,1420.4,1417.0,1418.3,711780
3124,2025-05-02T14:15:00+05:30,1418.2,1420.1,1417.2,1417.6,693203
3125,2025-05-02T14:30:00+05:30,1417.6,1420.7,1416.0,1419.7,727923
3126,2025-05-02T14:45:00+05:30,1419.7,1423.5,1419.3,1422.8,418026
3127,2025-05-02T15:00:00+05:30,1423.0,1423.5,1420.1,1422.3,1163413
3128,2025-05-02T15:15:00+05:30,1422.4,1424.4,1420.0,1422.5,2814969
3129,2025-05-05T09:15:00+05:30,1431.0,1435.8,1428.6,1432.0,1482016
3130,2025-05-05T09:30:00+05:30,1432.1,1438.9,1429.5,1438.5,1004699
3131,2025-05-05T09:45:00+05:30,1438.6,1439.5,1435.7,1437.0,405617
3132,2025-05-05T10:00:00+05:30,1437.1,1437.1,1433.2,1435.5,397411
3133,2025-05-05T10:15:00+05:30,1435.4,1436.9,1431.7,1433.3,439456
3134,2025-05-05T10:30:00+05:30,1433.1,1434.9,1431.6,1432.1,314585
3135,2025-05-05T10:45:00+05:30,1432.1,1432.1,1426.9,1429.2,674529
3136,2025-05-05T11:00:00+05:30,1429.2,1429.6,1427.5,1429.0,255988
3137,2025-05-05T11:15:00+05:30,1429.0,1432.0,1427.5,1431.1,293224
3138,2025-05-05T11:30:00+05:30,1431.1,1432.0,1428.1,1429.0,269023
3139,2025-05-05T11:45:00+05:30,1428.9,1433.0,1428.0,1432.4,280360
3140,2025-05-05T12:00:00+05:30,1432.4,1434.0,1431.9,1432.7,231080
3141,2025-05-05T12:15:00+05:30,1433.0,1433.5,1431.0,1432.9,364343
3142,2025-05-05T12:30:00+05:30,1432.9,1434.0,1431.5,1432.0,309099
3143,2025-05-05T12:45:00+05:30,1432.0,1433.8,1431.6,1433.4,270478
3144,2025-05-05T13:00:00+05:30,1433.4,1433.7,1431.5,1432.3,277799
3145,2025-05-05T13:15:00+05:30,1432.2,1433.4,1431.3,1432.1,238785
3146,2025-05-05T13:30:00+05:30,1432.0,1433.3,1431.0,1431.4,307260
3147,2025-05-05T13:45:00+05:30,1431.3,1432.5,1429.2,1430.4,718747
3148,2025-05-05T14:00:00+05:30,1430.4,1431.3,1429.4,1429.5,292802
3149,2025-05-05T14:15:00+05:30,1429.5,1430.0,1428.2,1429.1,261430
3150,2025-05-05T14:30:00+05:30,1429.1,1432.9,1428.9,1430.2,319049
3151,2025-05-05T14:45:00+05:30,1429.9,1432.5,1429.5,1430.9,292668
3152,2025-05-05T15:00:00+05:30,1430.9,1432.6,1429.9,1430.7,1434015
3153,2025-05-05T15:15:00+05:30,1430.7,1432.5,1429.1,1430.0,1447650
3154,2025-05-06T09:15:00+05:30,1430.9,1432.0,1416.8,1417.6,1780799
3155,2025-05-06T09:30:00+05:30,1417.6,1423.8,1417.1,1421.3,838861
3156,2025-05-06T09:45:00+05:30,1421.1,1422.0,1418.5,1418.7,785490
3157,2025-05-06T10:00:00+05:30,1418.7,1420.4,1417.5,1417.8,448393
3158,2025-05-06T10:15:00+05:30,1417.6,1418.2,1415.4,1416.6,531319
3159,2025-05-06T10:30:00+05:30,1416.6,1419.8,1415.9,1417.2,292550
3160,2025-05-06T10:45:00+05:30,1417.3,1417.5,1413.5,1414.6,338423
3161,2025-05-06T11:00:00+05:30,1414.7,1415.2,1413.3,1414.7,328301
3162,2025-05-06T11:15:00+05:30,1414.7,1414.7,1410.6,1411.1,519001
3163,2025-05-06T11:30:00+05:30,1411.2,1414.7,1410.9,1414.4,362606
3164,2025-05-06T11:45:00+05:30,1414.0,1419.0,1414.0,1416.7,359578
3165,2025-05-06T12:00:00+05:30,1416.5,1420.8,1415.7,1420.1,332247
3166,2025-05-06T12:15:00+05:30,1420.0,1420.1,1417.0,1418.0,214145
3167,2025-05-06T12:30:00+05:30,1418.0,1419.2,1417.5,1417.5,174904
3168,2025-05-06T12:45:00+05:30,1417.7,1418.5,1416.6,1417.8,203732
3169,2025-05-06T13:00:00+05:30,1417.8,1418.6,1416.8,1417.9,221897
3170,2025-05-06T13:15:00+05:30,1418.0,1418.9,1416.8,1417.3,266158
3171,2025-05-06T13:30:00+05:30,1417.0,1419.1,1416.6,1418.1,287242
3172,2025-05-06T13:45:00+05:30,1418.1,1419.5,1417.6,1419.1,259666
3173,2025-05-06T14:00:00+05:30,1419.1,1420.8,1418.1,1419.0,598035
3174,2025-05-06T14:15:00+05:30,1419.0,1419.8,1416.8,1418.0,481638
3175,2025-05-06T14:30:00+05:30,1418.0,1419.5,1415.7,1419.4,611288
3176,2025-05-06T14:45:00+05:30,1419.0,1420.7,1417.6,1419.7,860775
3177,2025-05-06T15:00:00+05:30,1419.6,1423.1,1419.4,1420.1,1449640
3178,2025-05-06T15:15:00+05:30,1420.0,1422.0,1418.0,1418.0,1461334
3179,2025-05-07T09:15:00+05:30,1420.7,1424.4,1412.2,1420.3,1506164
3180,2025-05-07T09:30:00+05:30,1420.0,1422.0,1416.4,1417.0,530105
3181,2025-05-07T09:45:00+05:30,1417.1,1418.0,1412.4,1414.8,541419
3182,2025-05-07T10:00:00+05:30,1414.8,1415.8,1410.5,1411.6,525116
3183,2025-05-07T10:15:00+05:30,1411.8,1416.8,1410.9,1414.7,463822
3184,2025-05-07T10:30:00+05:30,1415.0,1417.9,1414.8,1416.6,262141
3185,2025-05-07T10:45:00+05:30,1416.6,1417.4,1413.0,1414.1,239723
3186,2025-05-07T11:00:00+05:30,1414.3,1415.7,1413.6,1414.9,173215
3187,2025-05-07T11:15:00+05:30,1415.0,1421.8,1414.6,1420.0,353494
3188,2025-05-07T11:30:00+05:30,1420.0,1421.5,1418.8,1418.8,151321
3189,2025-05-07T11:45:00+05:30,1418.9,1419.0,1416.0,1416.8,115993
3190,2025-05-07T12:00:00+05:30,1416.9,1418.0,1416.1,1416.9,141244
3191,2025-05-07T12:15:00+05:30,1416.9,1418.0,1416.0,1416.5,185464
3192,2025-05-07T12:30:00+05:30,1416.6,1417.7,1416.3,1416.6,153079
3193,2025-05-07T12:45:00+05:30,1416.6,1418.5,1416.4,1417.7,269608
3194,2025-05-07T13:00:00+05:30,1417.9,1417.9,1415.2,1416.0,249403
3195,2025-05-07T13:15:00+05:30,1416.1,1416.5,1414.9,1415.0,365608
3196,2025-05-07T13:30:00+05:30,1415.1,1415.6,1413.5,1414.0,279784
3197,2025-05-07T13:45:00+05:30,1414.0,1414.4,1412.2,1412.7,249470
3198,2025-05-07T14:00:00+05:30,1412.7,1416.5,1412.5,1416.1,389473
3199,2025-05-07T14:15:00+05:30,1415.6,1416.3,1413.0,1413.5,354110
3200,2025-05-07T14:30:00+05:30,1413.5,1415.0,1412.4,1414.1,479183
3201,2025-05-07T14:45:00+05:30,1414.0,1414.2,1412.0,1412.4,676669
3202,2025-05-07T15:00:00+05:30,1412.8,1412.8,1405.6,1405.7,2075016
3203,2025-05-07T15:15:00+05:30,1405.7,1407.3,1402.7,1405.9,2313542
3204,2025-05-08T09:15:00+05:30,1404.1,1410.4,1398.3,1399.1,1126782
3205,2025-05-08T09:30:00+05:30,1399.1,1406.7,1398.1,1403.7,407599
3206,2025-05-08T09:45:00+05:30,1403.7,1411.7,1403.7,1407.4,403514
3207,2025-05-08T10:00:00+05:30,1407.4,1413.5,1407.0,1411.0,344839
3208,2025-05-08T10:15:00+05:30,1411.2,1412.2,1409.3,1411.5,244030
3209,2025-05-08T10:30:00+05:30,1411.6,1413.9,1410.0,1410.8,283654
3210,2025-05-08T10:45:00+05:30,1410.8,1416.0,1410.1,1415.8,379806
3211,2025-05-08T11:00:00+05:30,1415.8,1418.4,1415.5,1416.0,349578
3212,2025-05-08T11:15:00+05:30,1416.0,1419.2,1415.0,1418.4,260893
3213,2025-05-08T11:30:00+05:30,1418.4,1419.0,1416.5,1417.9,179230
3214,2025-05-08T11:45:00+05:30,1417.5,1419.2,1416.9,1417.8,189404
3215,2025-05-08T12:00:00+05:30,1418.0,1418.9,1417.2,1418.6,209243
3216,2025-05-08T12:15:00+05:30,1418.6,1419.9,1417.1,1418.9,272872
3217,2025-05-08T12:30:00+05:30,1418.7,1420.6,1418.3,1420.4,359731
3218,2025-05-08T12:45:00+05:30,1420.4,1420.8,1415.9,1417.7,618221
3219,2025-05-08T13:00:00+05:30,1417.7,1417.7,1416.0,1416.8,381640
3220,2025-05-08T13:15:00+05:30,1416.8,1416.9,1413.6,1415.6,499453
3221,2025-05-08T13:30:00+05:30,1415.6,1417.0,1414.1,1415.3,321841
3222,2025-05-08T13:45:00+05:30,1415.3,1418.7,1414.7,1415.2,532501
3223,2025-05-08T14:00:00+05:30,1415.2,1416.4,1414.1,1415.0,407163
3224,2025-05-08T14:15:00+05:30,1415.0,1415.7,1412.5,1415.3,560207
3225,2025-05-08T14:30:00+05:30,1415.3,1415.9,1413.2,1413.2,466498
3226,2025-05-08T14:45:00+05:30,1413.3,1413.5,1405.9,1409.1,1550820
3227,2025-05-08T15:00:00+05:30,1409.2,1411.8,1407.7,1408.4,2819247
3228,2025-05-08T15:15:00+05:30,1408.3,1408.4,1398.0,1398.0,2804622
3229,2025-05-09T09:15:00+05:30,1385.5,1394.8,1381.0,1389.2,2144481
3230,2025-05-09T09:30:00+05:30,1389.6,1390.0,1385.2,1387.9,803273
3231,2025-05-09T09:45:00+05:30,1387.5,1389.4,1382.0,1383.5,607680
3232,2025-05-09T10:00:00+05:30,1383.5,1384.9,1376.8,1384.7,733165
3233,2025-05-09T10:15:00+05:30,1384.5,1386.5,1382.4,1385.0,415678
3234,2025-05-09T10:30:00+05:30,1384.8,1386.0,1382.3,1384.3,464762
3235,2025-05-09T10:45:00+05:30,1384.3,1384.9,1380.0,1380.6,394031
3236,2025-05-09T11:00:00+05:30,1380.2,1384.0,1379.3,1383.4,258222
3237,2025-05-09T11:15:00+05:30,1383.5,1389.8,1383.0,1389.7,420109
3238,2025-05-09T11:30:00+05:30,1389.4,1390.3,1385.1,1385.7,410684
3239,2025-05-09T11:45:00+05:30,1385.7,1385.8,1382.1,1384.7,416080
3240,2025-05-09T12:00:00+05:30,1384.7,1385.1,1382.0,1384.0,267305
3241,2025-05-09T12:15:00+05:30,1384.0,1384.2,1381.0,1381.5,317211
3242,2025-05-09T12:30:00+05:30,1381.5,1381.8,1378.0,1378.8,201823
3243,2025-05-09T12:45:00+05:30,1378.8,1382.7,1378.5,1380.4,279078
3244,2025-05-09T13:00:00+05:30,1380.3,1381.0,1378.3,1379.2,200241
3245,2025-05-09T13:15:00+05:30,1379.6,1380.3,1376.0,1376.3,279451
3246,2025-05-09T13:30:00+05:30,1376.2,1378.5,1375.5,1376.9,315386
3247,2025-05-09T13:45:00+05:30,1376.9,1379.3,1376.1,1377.3,249038
3248,2025-05-09T14:00:00+05:30,1377.3,1379.9,1377.0,1379.9,293207
3249,2025-05-09T14:15:00+05:30,1379.9,1382.4,1376.3,1376.8,435855
3250,2025-05-09T14:30:00+05:30,1376.8,1378.6,1375.0,1376.4,498942
3251,2025-05-09T14:45:00+05:30,1376.4,1380.5,1376.2,1378.3,475231
3252,2025-05-09T15:00:00+05:30,1378.5,1378.5,1374.5,1376.9,1442772
3253,2025-05-09T15:15:00+05:30,1376.8,1380.8,1376.6,1379.5,1109180
3254,2025-05-12T09:15:00+05:30,1400.4,1423.8,1400.4,1420.4,1015197
3255,2025-05-12T09:30:00+05:30,1420.5,1424.7,1419.0,1421.3,623849
3256,2025-05-12T09:45:00+05:30,1421.5,1426.8,1420.1,1425.5,713512
3257,2025-05-12T10:00:00+05:30,1425.5,1426.0,1422.2,1423.8,412955
3258,2025-05-12T10:15:00+05:30,1423.8,1426.0,1423.5,1424.2,292404
3259,2025-05-12T10:30:00+05:30,1424.1,1424.9,1421.9,1422.8,365454
3260,2025-05-12T10:45:00+05:30,1422.8,1422.9,1420.0,1420.5,239918
3261,2025-05-12T11:00:00+05:30,1420.6,1424.6,1420.5,1422.6,280902
3262,2025-05-12T11:15:00+05:30,1422.6,1424.5,1422.1,1423.8,196918
3263,2025-05-12T11:30:00+05:30,1423.8,1425.4,1422.1,1423.1,336053
3264,2025-05-12T11:45:00+05:30,1423.1,1424.4,1421.8,1421.8,256850
3265,2025-05-12T12:00:00+05:30,1421.8,1423.0,1420.5,1422.1,216464
3266,2025-05-12T12:15:00+05:30,1422.3,1423.2,1420.0,1421.0,182570
3267,2025-05-12T12:30:00+05:30,1420.9,1425.4,1420.9,1424.8,247340
3268,2025-05-12T12:45:00+05:30,1424.8,1425.3,1423.6,1424.9,187032
3269,2025-05-12T13:00:00+05:30,1424.9,1425.1,1422.8,1422.8,214543
3270,2025-05-12T13:15:00+05:30,1422.8,1424.4,1422.6,1424.3,208433
3271,2025-05-12T13:30:00+05:30,1424.0,1431.7,1424.0,1430.8,881825
3272,2025-05-12T13:45:00+05:30,1430.8,1431.8,1429.0,1430.8,284877
3273,2025-05-12T14:00:00+05:30,1430.6,1431.0,1429.1,1430.7,298517
3274,2025-05-12T14:15:00+05:30,1430.6,1434.4,1430.3,1433.3,537434
3275,2025-05-12T14:30:00+05:30,1433.5,1434.2,1429.3,1431.6,438883
3276,2025-05-12T14:45:00+05:30,1431.6,1435.0,1431.5,1434.9,504849
3277,2025-05-12T15:00:00+05:30,1434.9,1437.0,1434.3,1436.5,821457
3278,2025-05-12T15:15:00+05:30,1436.5,1439.0,1436.0,1436.9,740408
3279,2025-05-13T09:15:00+05:30,1433.0,1447.7,1429.0,1429.1,977063
3280,2025-05-13T09:30:00+05:30,1429.2,1433.7,1425.1,1427.6,576250
3281,2025-05-13T09:45:00+05:30,1427.8,1429.0,1425.4,1426.3,351129
3282,2025-05-13T10:00:00+05:30,1426.3,1432.6,1425.0,1431.5,290285
3283,2025-05-13T10:15:00+05:30,1431.8,1433.6,1422.9,1423.1,342749
3284,2025-05-13T10:30:00+05:30,1423.1,1427.0,1422.3,1426.0,396354
3285,2025-05-13T10:45:00+05:30,1425.9,1430.0,1424.6,1429.5,178767
3286,2025-05-13T11:00:00+05:30,1429.7,1436.5,1426.0,1427.7,309598
3287,2025-05-13T11:15:00+05:30,1428.0,1434.7,1427.5,1433.0,269868
3288,2025-05-13T11:30:00+05:30,1433.0,1435.0,1429.0,1430.1,239920
3289,2025-05-13T11:45:00+05:30,1429.7,1431.4,1427.1,1427.9,169391
3290,2025-05-13T12:00:00+05:30,1427.9,1429.5,1424.6,1428.2,190343
3291,2025-05-13T12:15:00+05:30,1428.1,1429.5,1423.5,1425.0,350198
3292,2025-05-13T12:30:00+05:30,1424.9,1426.1,1420.2,1421.2,462980
3293,2025-05-13T12:45:00+05:30,1421.2,1423.6,1418.5,1418.9,424571
3294,2025-05-13T13:00:00+05:30,1418.9,1422.8,1418.4,1422.1,291728
3295,2025-05-13T13:15:00+05:30,1422.1,1422.9,1418.9,1420.2,283782
3296,2025-05-13T13:30:00+05:30,1420.0,1421.5,1418.5,1421.2,230901
3297,2025-05-13T13:45:00+05:30,1421.2,1421.2,1416.3,1416.6,422113
3298,2025-05-13T14:00:00+05:30,1416.5,1421.2,1416.3,1420.0,170913
3299,2025-05-13T14:15:00+05:30,1420.0,1421.1,1417.6,1420.2,210028
3300,2025-05-13T14:30:00+05:30,1420.2,1423.2,1418.7,1421.2,331412
3301,2025-05-13T14:45:00+05:30,1420.7,1423.5,1420.1,1421.0,639568
3302,2025-05-13T15:00:00+05:30,1421.1,1422.6,1412.8,1413.8,1772726
3303,2025-05-13T15:15:00+05:30,1413.7,1417.0,1412.4,1416.5,1458556
3304,2025-05-14T09:15:00+05:30,1419.7,1428.8,1419.1,1426.2,540266
3305,2025-05-14T09:30:00+05:30,1426.2,1427.5,1423.0,1427.4,257784
3306,2025-05-14T09:45:00+05:30,1427.4,1429.7,1425.0,1428.8,246267
3307,2025-05-14T10:00:00+05:30,1428.8,1429.5,1426.3,1429.0,213201
3308,2025-05-14T10:15:00+05:30,1429.0,1429.9,1426.8,1427.1,156954
3309,2025-05-14T10:30:00+05:30,1427.3,1427.3,1424.5,1426.5,158307
3310,2025-05-14T10:45:00+05:30,1426.3,1426.8,1423.4,1423.8,171506
3311,2025-05-14T11:00:00+05:30,1423.5,1425.0,1423.5,1424.9,92285
3312,2025-05-14T11:15:00+05:30,1424.9,1426.0,1424.3,1425.7,77812
3313,2025-05-14T11:30:00+05:30,1425.9,1427.0,1423.0,1423.9,118496
3314,2025-05-14T11:45:00+05:30,1423.5,1423.9,1418.3,1420.3,239483
3315,2025-05-14T12:00:00+05:30,1420.0,1423.5,1419.9,1422.9,110063
3316,2025-05-14T12:15:00+05:30,1423.0,1424.2,1421.8,1423.0,99324
3317,2025-05-14T12:30:00+05:30,1423.0,1423.0,1419.5,1421.7,112602
3318,2025-05-14T12:45:00+05:30,1421.7,1422.3,1415.5,1419.5,180564
3319,2025-05-14T13:00:00+05:30,1419.5,1422.8,1419.0,1422.4,138263
3320,2025-05-14T13:15:00+05:30,1422.4,1424.9,1419.9,1423.9,121176
3321,2025-05-14T13:30:00+05:30,1424.0,1424.9,1422.6,1424.0,109210
3322,2025-05-14T13:45:00+05:30,1424.0,1424.8,1421.3,1421.3,182073
3323,2025-05-14T14:00:00+05:30,1421.5,1421.5,1417.9,1419.0,252796
3324,2025-05-14T14:15:00+05:30,1419.0,1420.0,1416.9,1417.2,222227
3325,2025-05-14T14:30:00+05:30,1417.2,1423.4,1416.5,1420.5,330342
3326,2025-05-14T14:45:00+05:30,1420.4,1423.0,1419.8,1422.4,259343
3327,2025-05-14T15:00:00+05:30,1422.4,1426.0,1422.3,1424.6,579559
3328,2025-05-14T15:15:00+05:30,1424.5,1427.0,1422.5,1425.2,534678
