,datetime,open,high,low,close,volume
0,2024-10-28T09:15:00+05:30,783.8,797.65,783.55,794.6,1478250
1,2024-10-28T09:30:00+05:30,794.6,799.5,793.0,793.0,1027473
2,2024-10-28T09:45:00+05:30,793.1,799.3,792.0,799.25,754138
3,2024-10-28T10:00:00+05:30,799.25,800.95,797.3,799.55,772258
4,2024-10-28T10:15:00+05:30,799.55,803.6,799.5,802.25,702362
5,2024-10-28T10:30:00+05:30,802.25,803.95,800.5,800.9,460573
6,2024-10-28T10:45:00+05:30,800.9,801.8,798.45,799.3,372186
7,2024-10-28T11:00:00+05:30,799.25,799.95,794.65,797.15,580621
8,2024-10-28T11:15:00+05:30,797.2,798.0,795.2,795.9,319974
9,2024-10-28T11:30:00+05:30,795.85,795.95,792.55,794.9,425576
10,2024-10-28T11:45:00+05:30,794.85,796.95,791.35,793.05,489701
11,2024-10-28T12:00:00+05:30,793.0,796.0,792.1,795.5,495340
12,2024-10-28T12:15:00+05:30,795.5,796.2,792.55,793.3,290492
13,2024-10-28T12:30:00+05:30,793.0,795.0,792.3,792.85,457303
14,2024-10-28T12:45:00+05:30,792.65,792.9,791.0,792.4,315229
15,2024-10-28T13:00:00+05:30,792.4,795.05,791.65,794.5,309248
16,2024-10-28T13:15:00+05:30,794.5,795.6,793.8,795.1,314969
17,2024-10-28T13:30:00+05:30,795.1,796.0,792.2,793.25,359500
18,2024-10-28T13:45:00+05:30,793.25,796.3,792.5,796.2,322331
19,2024-10-28T14:00:00+05:30,796.2,796.8,790.95,791.6,441657
20,2024-10-28T14:15:00+05:30,791.6,792.65,789.55,792.1,454644
21,2024-10-28T14:30:00+05:30,792.25,794.0,792.0,792.15,388658
22,2024-10-28T14:45:00+05:30,792.15,792.6,790.95,792.35,444162
23,2024-10-28T15:00:00+05:30,792.25,792.8,789.75,792.45,901985
24,2024-10-28T15:15:00+05:30,792.45,794.3,792.0,793.05,812410
25,2024-10-29T09:15:00+05:30,796.0,797.7,793.6,795.5,1181937
26,2024-10-29T09:30:00+05:30,795.5,797.5,791.7,792.3,830978
27,2024-10-29T09:45:00+05:30,792.3,794.65,790.5,793.7,502660
28,2024-10-29T10:00:00+05:30,793.7,797.5,792.3,797.4,906252
29,2024-10-29T10:15:00+05:30,797.4,797.45,794.5,796.2,351585
30,2024-10-29T10:30:00+05:30,796.2,796.9,795.0,796.15,197292
31,2024-10-29T10:45:00+05:30,796.15,799.0,794.5,798.9,332639
32,2024-10-29T11:00:00+05:30,798.9,798.9,795.1,797.3,454738
33,2024-10-29T11:15:00+05:30,797.25,799.6,797.0,798.6,464093
34,2024-10-29T11:30:00+05:30,798.6,802.75,798.2,802.25,721652
35,2024-10-29T11:45:00+05:30,802.25,803.9,800.65,802.95,695955
36,2024-10-29T12:00:00+05:30,802.95,811.65,802.7,810.95,2076803
37,2024-10-29T12:15:00+05:30,810.95,812.5,809.45,810.5,1310875
38,2024-10-29T12:30:00+05:30,810.45,812.0,809.65,811.8,922735
39,2024-10-29T12:45:00+05:30,811.9,815.95,811.3,814.7,1545919
40,2024-10-29T13:00:00+05:30,814.75,818.2,814.3,817.95,1219141
41,2024-10-29T13:15:00+05:30,817.95,822.5,815.5,822.1,1733109
42,2024-10-29T13:30:00+05:30,822.05,822.7,817.5,819.45,1017045
43,2024-10-29T13:45:00+05:30,819.45,820.4,818.0,819.9,686055
44,2024-10-29T14:00:00+05:30,819.95,822.9,819.55,821.2,1235910
45,2024-10-29T14:15:00+05:30,821.1,823.4,820.65,823.3,938494
46,2024-10-29T14:30:00+05:30,823.3,828.0,821.6,825.35,2198313
47,2024-10-29T14:45:00+05:30,825.4,831.75,825.2,831.45,1734135
48,2024-10-29T15:00:00+05:30,831.15,834.25,829.0,833.85,2494070
49,2024-10-29T15:15:00+05:30,833.8,834.85,831.55,832.05,2466330
50,2024-10-30T09:15:00+05:30,828.0,832.7,827.15,828.05,1909212
51,2024-10-30T09:30:00+05:30,828.0,828.85,825.1,827.6,1033122
52,2024-10-30T09:45:00+05:30,827.8,830.95,825.3,830.0,801657
53,2024-10-30T10:00:00+05:30,830.05,830.05,827.35,829.35,530150
54,2024-10-30T10:15:00+05:30,829.0,829.15,823.6,824.25,781649
55,2024-10-30T10:30:00+05:30,824.25,826.4,824.0,825.7,349498
56,2024-10-30T10:45:00+05:30,825.8,829.0,825.1,828.2,312819
57,2024-10-30T11:00:00+05:30,828.3,828.95,825.7,825.8,301704
58,2024-10-30T11:15:00+05:30,825.75,828.05,825.1,826.9,284082
59,2024-10-30T11:30:00+05:30,826.9,828.5,826.0,827.55,264080
60,2024-10-30T11:45:00+05:30,827.55,827.85,825.6,827.75,206005
61,2024-10-30T12:00:00+05:30,827.75,828.0,826.25,827.75,299549
62,2024-10-30T12:15:00+05:30,827.75,829.9,827.3,828.8,373352
63,2024-10-30T12:30:00+05:30,828.7,830.45,827.75,829.7,446194
64,2024-10-30T12:45:00+05:30,829.8,830.35,828.45,829.35,271517
65,2024-10-30T13:00:00+05:30,829.5,833.0,828.45,828.6,702875
66,2024-10-30T13:15:00+05:30,828.6,829.0,826.45,827.35,552440
67,2024-10-30T13:30:00+05:30,827.35,828.5,825.5,826.4,331548
68,2024-10-30T13:45:00+05:30,826.4,826.45,824.55,824.9,608070
69,2024-10-30T14:00:00+05:30,825.0,825.95,824.55,824.65,414580
70,2024-10-30T14:15:00+05:30,824.75,826.85,824.55,826.25,972117
71,2024-10-30T14:30:00+05:30,826.25,826.5,824.3,825.1,594477
72,2024-10-30T14:45:00+05:30,825.1,825.15,823.3,824.5,606243
73,2024-10-30T15:00:00+05:30,824.7,824.75,821.05,821.75,1779781
74,2024-10-30T15:15:00+05:30,821.75,823.9,821.2,823.55,1153428
75,2024-10-31T09:15:00+05:30,820.5,823.8,816.5,822.0,679216
76,2024-10-31T09:30:00+05:30,822.05,825.35,821.5,824.6,535034
77,2024-10-31T09:45:00+05:30,824.6,828.0,824.55,827.55,549868
78,2024-10-31T10:00:00+05:30,827.95,828.0,824.15,824.45,334574
79,2024-10-31T10:15:00+05:30,824.45,824.7,822.4,822.8,314330
80,2024-10-31T10:30:00+05:30,822.8,823.0,820.5,820.7,334914
81,2024-10-31T10:45:00+05:30,820.75,822.0,819.45,820.7,477904
82,2024-10-31T11:00:00+05:30,820.65,822.8,820.6,821.7,287293
83,2024-10-31T11:15:00+05:30,821.65,823.75,820.65,821.4,515200
84,2024-10-31T11:30:00+05:30,821.4,821.55,818.0,818.65,361304
85,2024-10-31T11:45:00+05:30,818.35,818.85,815.8,816.7,354299
86,2024-10-31T12:00:00+05:30,816.75,818.3,816.1,817.25,267748
87,2024-10-31T12:15:00+05:30,817.25,817.25,814.2,814.55,486797
88,2024-10-31T12:30:00+05:30,815.1,817.4,814.7,815.6,427377
89,2024-10-31T12:45:00+05:30,815.55,815.7,813.55,815.3,347981
90,2024-10-31T13:00:00+05:30,815.3,817.15,814.7,816.5,344282
91,2024-10-31T13:15:00+05:30,816.55,817.15,815.15,815.5,249991
92,2024-10-31T13:30:00+05:30,815.5,816.95,814.5,816.85,440498
93,2024-10-31T13:45:00+05:30,816.9,817.9,815.65,816.2,393015
94,2024-10-31T14:00:00+05:30,816.25,817.1,814.25,815.45,335956
95,2024-10-31T14:15:00+05:30,815.4,817.1,815.25,816.3,315051
96,2024-10-31T14:30:00+05:30,816.3,817.95,816.2,817.55,703610
97,2024-10-31T14:45:00+05:30,817.55,818.95,817.0,817.05,921001
98,2024-10-31T15:00:00+05:30,817.0,821.7,817.0,820.35,1656651
99,2024-10-31T15:15:00+05:30,820.25,821.4,819.0,821.1,1702358
100,2024-11-01T18:00:00+05:30,822.2,825.6,821.05,824.25,592074
101,2024-11-01T18:15:00+05:30,824.05,825.0,822.0,822.35,355644
102,2024-11-01T18:30:00+05:30,822.35,822.5,820.6,821.05,284536
103,2024-11-01T18:45:00+05:30,821.1,822.15,818.9,821.95,365886
104,2024-11-04T09:15:00+05:30,822.85,823.9,813.0,814.25,612475
105,2024-11-04T09:30:00+05:30,814.1,819.0,813.9,817.35,428555
106,2024-11-04T09:45:00+05:30,817.3,817.75,815.15,816.5,238341
107,2024-11-04T10:00:00+05:30,816.45,816.8,812.2,813.0,458959
108,2024-11-04T10:15:00+05:30,813.0,813.0,809.1,809.75,563607
109,2024-11-04T10:30:00+05:30,809.75,811.35,809.25,810.2,318158
110,2024-11-04T10:45:00+05:30,810.5,810.5,808.15,808.85,354154
111,2024-11-04T11:00:00+05:30,808.85,810.65,807.1,810.3,506220
112,2024-11-04T11:15:00+05:30,810.4,811.85,808.8,809.9,305617
113,2024-11-04T11:30:00+05:30,809.7,810.5,809.0,810.3,194719
114,2024-11-04T11:45:00+05:30,810.2,810.5,808.4,809.2,184593
115,2024-11-04T12:00:00+05:30,809.2,811.15,808.5,808.5,332796
116,2024-11-04T12:15:00+05:30,808.5,808.95,807.15,807.75,298804
117,2024-11-04T12:30:00+05:30,807.75,809.0,807.1,808.5,205093
118,2024-11-04T12:45:00+05:30,808.55,810.3,808.2,810.1,206243
119,2024-11-04T13:00:00+05:30,810.25,815.0,809.15,814.8,405272
120,2024-11-04T13:15:00+05:30,814.75,815.65,813.5,813.5,315934
121,2024-11-04T13:30:00+05:30,813.7,818.45,813.05,818.25,400676
122,2024-11-04T13:45:00+05:30,818.25,822.95,817.2,819.8,741089
123,2024-11-04T14:00:00+05:30,820.0,828.25,819.6,825.9,1242088
124,2024-11-04T14:15:00+05:30,825.9,826.5,824.2,825.9,516372
125,2024-11-04T14:30:00+05:30,825.8,833.65,825.65,833.6,1644763
126,2024-11-04T14:45:00+05:30,833.5,837.5,831.15,831.5,1843573
127,2024-11-04T15:00:00+05:30,831.45,832.7,828.1,828.7,1173920
128,2024-11-04T15:15:00+05:30,828.75,831.9,828.0,830.25,950256
129,2024-11-05T09:15:00+05:30,829.8,835.6,827.5,833.6,1156922
130,2024-11-05T09:30:00+05:30,833.85,834.45,829.4,830.3,434769
131,2024-11-05T09:45:00+05:30,830.15,832.5,828.75,832.3,342861
132,2024-11-05T10:00:00+05:30,832.3,838.85,832.1,835.5,2084581
133,2024-11-05T10:15:00+05:30,835.5,838.45,834.0,837.1,674329
134,2024-11-05T10:30:00+05:30,837.15,837.5,833.2,834.8,1289565
135,2024-11-05T10:45:00+05:30,834.75,836.0,833.0,833.25,959575
136,2024-11-05T11:00:00+05:30,833.25,836.3,831.3,835.6,551139
137,2024-11-05T11:15:00+05:30,835.85,836.85,833.8,834.25,293720
138,2024-11-05T11:30:00+05:30,834.05,835.3,829.55,830.55,566262
139,2024-11-05T11:45:00+05:30,830.65,830.75,826.25,829.0,829461
140,2024-11-05T12:00:00+05:30,828.8,833.8,827.05,831.45,667606
141,2024-11-05T12:15:00+05:30,831.5,832.2,828.75,830.5,316361
142,2024-11-05T12:30:00+05:30,830.5,832.5,829.8,831.75,272591
143,2024-11-05T12:45:00+05:30,831.75,834.0,831.0,831.65,392025
144,2024-11-05T13:00:00+05:30,831.6,833.0,829.3,831.5,379681
145,2024-11-05T13:15:00+05:30,831.5,840.5,831.0,839.75,1729644
146,2024-11-05T13:30:00+05:30,839.8,848.75,839.8,848.0,2260561
147,2024-11-05T13:45:00+05:30,848.15,851.4,847.85,848.55,1912988
148,2024-11-05T14:00:00+05:30,848.55,849.55,846.4,846.9,2627475
149,2024-11-05T14:15:00+05:30,846.8,849.85,845.4,848.55,1217104
150,2024-11-05T14:30:00+05:30,848.25,849.1,845.15,846.35,898192
151,2024-11-05T14:45:00+05:30,846.0,848.35,845.8,847.0,1012411
152,2024-11-05T15:00:00+05:30,847.0,851.0,846.65,848.3,1428260
153,2024-11-05T15:15:00+05:30,848.35,851.1,847.7,847.85,1868469
154,2024-11-06T09:15:00+05:30,849.3,855.2,846.2,851.7,1644598
155,2024-11-06T09:30:00+05:30,851.5,852.2,847.8,849.75,509096
156,2024-11-06T09:45:00+05:30,849.9,854.55,849.5,853.6,885550
157,2024-11-06T10:00:00+05:30,853.85,856.2,853.35,854.0,633058
158,2024-11-06T10:15:00+05:30,854.0,856.85,851.65,852.25,712583
159,2024-11-06T10:30:00+05:30,852.2,856.0,851.5,854.2,456720
160,2024-11-06T10:45:00+05:30,854.2,859.4,853.6,858.7,752838
161,2024-11-06T11:00:00+05:30,858.7,861.4,858.5,859.95,853138
162,2024-11-06T11:15:00+05:30,860.0,860.2,858.05,859.65,384808
163,2024-11-06T11:30:00+05:30,859.65,860.7,858.8,859.85,309622
164,2024-11-06T11:45:00+05:30,859.85,860.5,859.0,859.65,219232
165,2024-11-06T12:00:00+05:30,859.55,860.0,858.65,858.65,249216
166,2024-11-06T12:15:00+05:30,858.65,859.35,857.2,859.1,399144
167,2024-11-06T12:30:00+05:30,859.3,859.6,858.25,858.8,327333
168,2024-11-06T12:45:00+05:30,858.75,859.3,857.8,858.5,312232
169,2024-11-06T13:00:00+05:30,858.5,859.95,858.05,858.7,552458
170,2024-11-06T13:15:00+05:30,858.9,859.15,857.65,857.9,425980
171,2024-11-06T13:30:00+05:30,857.9,858.2,854.1,855.3,458594
172,2024-11-06T13:45:00+05:30,855.2,855.45,853.6,854.25,443371
173,2024-11-06T14:00:00+05:30,854.25,857.2,853.05,856.3,473014
174,2024-11-06T14:15:00+05:30,856.6,858.6,855.75,858.2,663162
175,2024-11-06T14:30:00+05:30,858.2,858.3,854.5,854.85,642445
176,2024-11-06T14:45:00+05:30,854.85,855.5,854.0,854.65,415093
177,2024-11-06T15:00:00+05:30,854.65,856.95,852.6,853.9,957856
178,2024-11-06T15:15:00+05:30,853.95,856.0,853.8,855.85,1262203
179,2024-11-07T09:15:00+05:30,861.0,861.05,848.45,849.75,1197315
180,2024-11-07T09:30:00+05:30,849.75,855.35,848.55,854.35,810236
181,2024-11-07T09:45:00+05:30,854.4,855.5,850.5,850.5,473415
182,2024-11-07T10:00:00+05:30,850.6,850.85,848.15,850.0,467111
183,2024-11-07T10:15:00+05:30,850.0,850.5,847.55,847.95,290467
184,2024-11-07T10:30:00+05:30,847.95,848.7,846.7,847.9,301838
185,2024-11-07T10:45:00+05:30,847.8,856.75,847.25,855.0,647513
186,2024-11-07T11:00:00+05:30,855.1,855.5,852.15,855.3,416400
187,2024-11-07T11:15:00+05:30,855.3,855.5,851.8,852.85,307924
188,2024-11-07T11:30:00+05:30,852.85,854.85,852.3,854.1,333113
189,2024-11-07T11:45:00+05:30,854.05,855.0,853.15,853.6,164259
190,2024-11-07T12:00:00+05:30,853.35,854.0,851.5,853.55,237942
191,2024-11-07T12:15:00+05:30,853.8,859.1,853.25,858.85,554961
192,2024-11-07T12:30:00+05:30,858.85,862.4,857.4,857.65,1055802
193,2024-11-07T12:45:00+05:30,857.6,859.0,857.05,857.75,290632
194,2024-11-07T13:00:00+05:30,857.6,860.45,857.6,860.45,350903
195,2024-11-07T13:15:00+05:30,860.45,860.5,853.65,854.2,1740873
196,2024-11-07T13:30:00+05:30,854.2,854.35,852.0,852.05,1188306
197,2024-11-07T13:45:00+05:30,852.25,856.7,852.0,855.8,454201
198,2024-11-07T14:00:00+05:30,855.8,860.45,855.05,859.45,506597
199,2024-11-07T14:15:00+05:30,859.8,860.3,857.6,858.9,854048
200,2024-11-07T14:30:00+05:30,859.0,859.4,857.45,858.35,450411
201,2024-11-07T14:45:00+05:30,858.35,859.55,857.55,859.05,413909
202,2024-11-07T15:00:00+05:30,858.85,860.3,858.0,859.3,678898
203,2024-11-07T15:15:00+05:30,859.3,860.7,858.05,858.35,943012
204,2024-11-08T09:15:00+05:30,859.6,862.95,856.0,862.4,968432
205,2024-11-08T09:30:00+05:30,862.1,863.5,859.25,861.5,719175
206,2024-11-08T09:45:00+05:30,861.5,863.5,857.5,857.8,599051
207,2024-11-08T10:00:00+05:30,857.75,858.9,854.7,858.05,608843
208,2024-11-08T10:15:00+05:30,858.3,858.7,856.0,856.05,230697
209,2024-11-08T10:30:00+05:30,856.05,856.3,849.25,850.7,861165
210,2024-11-08T10:45:00+05:30,850.7,852.0,847.85,850.05,416517
211,2024-11-08T11:00:00+05:30,850.25,852.95,849.5,852.95,265612
212,2024-11-08T11:15:00+05:30,852.95,853.9,850.5,851.25,331943
213,2024-11-08T11:30:00+05:30,851.3,854.25,851.2,852.55,199896
214,2024-11-08T11:45:00+05:30,852.25,852.95,847.05,847.55,380576
215,2024-11-08T12:00:00+05:30,847.6,850.5,847.35,850.35,246283
216,2024-11-08T12:15:00+05:30,850.35,852.05,849.1,851.15,279946
217,2024-11-08T12:30:00+05:30,851.3,852.45,849.6,850.05,330945
218,2024-11-08T12:45:00+05:30,850.25,850.85,845.2,848.5,498537
219,2024-11-08T13:00:00+05:30,848.5,851.35,847.6,851.25,305549
220,2024-11-08T13:15:00+05:30,851.25,855.0,849.7,854.35,539786
221,2024-11-08T13:30:00+05:30,854.4,859.65,845.55,849.75,2694383
222,2024-11-08T13:45:00+05:30,849.75,853.6,836.25,843.3,3807760
223,2024-11-08T14:00:00+05:30,843.2,850.5,836.5,839.4,2885835
224,2024-11-08T14:15:00+05:30,839.4,840.85,834.2,839.2,2053164
225,2024-11-08T14:30:00+05:30,839.2,849.7,837.55,847.5,1951667
226,2024-11-08T14:45:00+05:30,847.45,851.95,844.75,849.65,1616431
227,2024-11-08T15:00:00+05:30,849.7,850.05,840.05,840.75,1863434
228,2024-11-08T15:15:00+05:30,840.75,844.95,840.5,841.1,1441401
229,2024-11-11T09:15:00+05:30,846.1,849.95,842.0,844.95,1488391
230,2024-11-11T09:30:00+05:30,844.8,849.0,843.9,845.75,679364
231,2024-11-11T09:45:00+05:30,845.65,847.8,845.05,846.2,363128
232,2024-11-11T10:00:00+05:30,846.35,847.0,844.4,845.05,256914
233,2024-11-11T10:15:00+05:30,845.05,847.4,843.55,847.25,347704
234,2024-11-11T10:30:00+05:30,847.15,851.75,846.5,849.85,831753
235,2024-11-11T10:45:00+05:30,849.6,852.95,848.25,852.9,621594
236,2024-11-11T11:00:00+05:30,852.9,853.4,850.75,853.25,498655
237,2024-11-11T11:15:00+05:30,853.2,853.65,850.5,852.15,581495
238,2024-11-11T11:30:00+05:30,852.15,852.3,850.8,851.7,212542
239,2024-11-11T11:45:00+05:30,851.85,854.0,851.3,851.95,467722
240,2024-11-11T12:00:00+05:30,851.9,852.5,849.0,850.1,405032
241,2024-11-11T12:15:00+05:30,850.0,850.7,847.55,849.55,345397
242,2024-11-11T12:30:00+05:30,849.7,852.8,849.6,850.8,588697
243,2024-11-11T12:45:00+05:30,850.85,851.55,850.05,850.95,192728
244,2024-11-11T13:00:00+05:30,850.85,852.0,850.2,851.9,198369
245,2024-11-11T13:15:00+05:30,852.0,853.8,849.55,850.6,303092
246,2024-11-11T13:30:00+05:30,850.65,851.0,847.1,848.25,293967
247,2024-11-11T13:45:00+05:30,848.25,848.8,846.2,848.1,334526
248,2024-11-11T14:00:00+05:30,848.15,848.5,846.45,846.5,268562
249,2024-11-11T14:15:00+05:30,846.4,849.15,845.5,849.15,378867
250,2024-11-11T14:30:00+05:30,848.95,849.5,847.85,849.4,211709
251,2024-11-11T14:45:00+05:30,849.4,849.45,846.9,847.55,328688
252,2024-11-11T15:00:00+05:30,847.75,850.0,846.05,848.35,1231780
253,2024-11-11T15:15:00+05:30,848.6,849.0,845.2,845.95,1065416
254,2024-11-12T09:15:00+05:30,852.5,853.4,848.5,848.75,642683
255,2024-11-12T09:30:00+05:30,848.85,849.55,845.55,846.4,381590
256,2024-11-12T09:45:00+05:30,846.35,850.95,844.7,850.3,325956
257,2024-11-12T10:00:00+05:30,850.3,850.8,845.1,847.2,260010
258,2024-11-12T10:15:00+05:30,847.35,848.2,846.2,846.65,170046
259,2024-11-12T10:30:00+05:30,846.65,847.15,841.45,842.5,597968
260,2024-11-12T10:45:00+05:30,842.15,843.65,840.6,841.65,323417
261,2024-11-12T11:00:00+05:30,841.65,843.7,841.0,843.1,296174
262,2024-11-12T11:15:00+05:30,843.05,844.5,842.25,843.4,188481
263,2024-11-12T11:30:00+05:30,843.4,843.6,841.6,842.1,134976
264,2024-11-12T11:45:00+05:30,842.0,843.0,840.0,840.6,283229
265,2024-11-12T12:00:00+05:30,840.6,841.1,838.15,838.55,198282
266,2024-11-12T12:15:00+05:30,838.5,838.95,836.5,838.25,311314
267,2024-11-12T12:30:00+05:30,838.25,839.95,835.6,836.25,441147
268,2024-11-12T12:45:00+05:30,836.3,836.55,831.75,833.05,451438
269,2024-11-12T13:00:00+05:30,833.2,835.8,831.0,832.1,382525
270,2024-11-12T13:15:00+05:30,832.15,832.25,828.6,830.15,408837
271,2024-11-12T13:30:00+05:30,830.15,830.8,827.1,829.5,400400
272,2024-11-12T13:45:00+05:30,829.45,833.5,828.25,829.9,712133
273,2024-11-12T14:00:00+05:30,829.7,831.7,828.65,829.3,319468
274,2024-11-12T14:15:00+05:30,829.3,830.35,827.1,827.75,389480
275,2024-11-12T14:30:00+05:30,827.75,832.5,827.65,829.85,583742
276,2024-11-12T14:45:00+05:30,830.0,831.5,828.15,828.25,730375
277,2024-11-12T15:00:00+05:30,828.35,829.5,824.3,825.3,1165576
278,2024-11-12T15:15:00+05:30,825.35,828.0,825.0,826.05,1141158
279,2024-11-13T09:15:00+05:30,823.5,830.4,822.65,827.7,1080819
280,2024-11-13T09:30:00+05:30,828.0,831.75,823.0,823.55,968212
281,2024-11-13T09:45:00+05:30,823.45,826.0,818.55,825.65,856247
282,2024-11-13T10:00:00+05:30,825.55,826.0,819.5,820.3,389628
283,2024-11-13T10:15:00+05:30,820.3,823.0,817.25,821.95,423840
284,2024-11-13T10:30:00+05:30,821.8,824.65,817.55,818.25,611183
285,2024-11-13T10:45:00+05:30,818.1,823.0,818.05,818.75,395769
286,2024-11-13T11:00:00+05:30,818.75,819.65,814.5,814.95,433458
287,2024-11-13T11:15:00+05:30,815.0,816.55,813.5,815.8,273682
288,2024-11-13T11:30:00+05:30,816.0,817.0,814.55,814.65,168577
289,2024-11-13T11:45:00+05:30,814.65,816.65,814.55,815.55,192779
290,2024-11-13T12:00:00+05:30,815.6,817.15,815.55,816.6,173457
291,2024-11-13T12:15:00+05:30,816.6,817.8,815.3,815.65,278159
292,2024-11-13T12:30:00+05:30,815.3,816.95,815.1,815.55,138403
293,2024-11-13T12:45:00+05:30,815.5,816.7,815.0,816.5,103765
294,2024-11-13T13:00:00+05:30,816.4,817.7,815.3,817.4,153670
295,2024-11-13T13:15:00+05:30,817.5,818.5,816.2,816.75,300057
296,2024-11-13T13:30:00+05:30,816.75,820.5,816.35,819.75,310830
297,2024-11-13T13:45:00+05:30,819.9,821.7,818.15,818.25,489368
298,2024-11-13T14:00:00+05:30,818.2,818.9,814.1,815.1,337314
299,2024-11-13T14:15:00+05:30,815.1,815.2,810.5,810.8,721542
300,2024-11-13T14:30:00+05:30,810.5,811.25,805.6,806.5,785310
301,2024-11-13T14:45:00+05:30,806.7,808.5,805.0,806.6,1152218
302,2024-11-13T15:00:00+05:30,806.55,809.7,804.65,808.15,1753172
303,2024-11-13T15:15:00+05:30,808.1,813.0,808.0,812.3,1216000
304,2024-11-14T09:15:00+05:30,809.0,815.8,808.9,811.85,623499
305,2024-11-14T09:30:00+05:30,811.9,814.0,808.8,811.3,340339
306,2024-11-14T09:45:00+05:30,811.55,812.7,808.25,811.6,385262
307,2024-11-14T10:00:00+05:30,811.6,816.35,811.35,816.0,420353
308,2024-11-14T10:15:00+05:30,815.8,818.0,813.45,813.75,294640
309,2024-11-14T10:30:00+05:30,813.6,815.7,810.0,811.3,604942
310,2024-11-14T10:45:00+05:30,811.35,811.75,807.35,807.5,450594
311,2024-11-14T11:00:00+05:30,807.5,808.95,803.0,803.85,696566
312,2024-11-14T11:15:00+05:30,803.8,808.3,803.25,806.8,501405
313,2024-11-14T11:30:00+05:30,807.1,808.8,806.0,806.55,250013
314,2024-11-14T11:45:00+05:30,806.55,808.45,804.5,808.3,229551
315,2024-11-14T12:00:00+05:30,808.2,810.7,806.2,810.05,398118
316,2024-11-14T12:15:00+05:30,809.8,810.35,805.65,806.25,236718
317,2024-11-14T12:30:00+05:30,806.15,806.5,803.65,805.05,297165
318,2024-11-14T12:45:00+05:30,805.05,807.0,804.05,805.05,251808
319,2024-11-14T13:00:00+05:30,804.7,807.0,803.85,806.9,262793
320,2024-11-14T13:15:00+05:30,806.8,807.65,805.2,806.45,173005
321,2024-11-14T13:30:00+05:30,806.45,806.8,801.65,802.25,306914
322,2024-11-14T13:45:00+05:30,802.0,804.9,801.8,804.0,239997
323,2024-11-14T14:00:00+05:30,804.0,805.25,803.0,804.2,183131
324,2024-11-14T14:15:00+05:30,804.2,804.4,802.3,803.15,171858
325,2024-11-14T14:30:00+05:30,803.35,803.6,801.05,802.15,311049
326,2024-11-14T14:45:00+05:30,802.15,804.1,801.6,803.9,414331
327,2024-11-14T15:00:00+05:30,803.9,805.6,802.05,804.95,740536
328,2024-11-14T15:15:00+05:30,804.9,805.95,803.9,805.95,649134
329,2024-11-18T09:15:00+05:30,810.6,812.1,803.25,803.7,730064
330,2024-11-18T09:30:00+05:30,803.8,804.5,799.25,800.85,495952
331,2024-11-18T09:45:00+05:30,800.6,804.9,800.1,803.0,338587
332,2024-11-18T10:00:00+05:30,802.8,806.0,802.45,802.75,394367
333,2024-11-18T10:15:00+05:30,802.7,804.0,801.65,802.2,199466
334,2024-11-18T10:30:00+05:30,802.2,803.75,801.8,802.25,153717
335,2024-11-18T10:45:00+05:30,802.2,805.95,801.25,805.95,230263
336,2024-11-18T11:00:00+05:30,805.9,807.95,805.55,806.15,296268
337,2024-11-18T11:15:00+05:30,805.85,809.4,805.8,808.55,245350
338,2024-11-18T11:30:00+05:30,808.45,809.1,807.4,808.85,161573
339,2024-11-18T11:45:00+05:30,808.85,809.5,805.55,807.4,237825
340,2024-11-18T12:00:00+05:30,807.3,809.45,807.15,809.0,321303
341,2024-11-18T12:15:00+05:30,808.95,812.45,807.95,811.65,456068
342,2024-11-18T12:30:00+05:30,811.35,812.4,808.65,809.5,448264
343,2024-11-18T12:45:00+05:30,809.3,810.2,807.2,807.75,353422
344,2024-11-18T13:00:00+05:30,807.75,809.95,807.3,809.5,167277
345,2024-11-18T13:15:00+05:30,809.5,809.7,807.8,808.45,229733
346,2024-11-18T13:30:00+05:30,808.4,810.0,807.2,808.9,188837
347,2024-11-18T13:45:00+05:30,808.9,811.5,808.65,810.8,223353
348,2024-11-18T14:00:00+05:30,810.75,814.5,810.65,814.0,458888
349,2024-11-18T14:15:00+05:30,813.95,814.3,810.6,810.95,415827
350,2024-11-18T14:30:00+05:30,810.9,811.1,809.5,810.2,448238
351,2024-11-18T14:45:00+05:30,810.45,813.0,810.0,811.9,343926
352,2024-11-18T15:00:00+05:30,811.9,816.3,811.5,815.95,919808
353,2024-11-18T15:15:00+05:30,815.9,816.7,813.9,814.15,734548
354,2024-11-19T09:15:00+05:30,818.55,818.95,813.25,815.5,842694
355,2024-11-19T09:30:00+05:30,815.4,818.9,813.5,818.7,646432
356,2024-11-19T09:45:00+05:30,818.65,820.0,815.25,815.6,474135
357,2024-11-19T10:00:00+05:30,815.7,817.65,815.5,816.8,213442
358,2024-11-19T10:15:00+05:30,816.6,819.2,816.2,818.8,255780
359,2024-11-19T10:30:00+05:30,818.8,820.3,815.05,815.5,407842
360,2024-11-19T10:45:00+05:30,815.5,815.9,814.0,814.8,387196
361,2024-11-19T11:00:00+05:30,814.8,815.05,813.05,814.9,322578
362,2024-11-19T11:15:00+05:30,814.65,815.15,813.25,813.6,347942
363,2024-11-19T11:30:00+05:30,813.75,814.45,813.05,813.85,246793
364,2024-11-19T11:45:00+05:30,813.5,814.0,810.3,810.35,461749
365,2024-11-19T12:00:00+05:30,810.35,810.85,807.65,809.65,558949
366,2024-11-19T12:15:00+05:30,809.9,810.8,809.55,809.7,590001
367,2024-11-19T12:30:00+05:30,809.85,810.55,809.5,809.65,231104
368,2024-11-19T12:45:00+05:30,809.55,810.0,808.65,809.25,229928
369,2024-11-19T13:00:00+05:30,809.5,809.5,808.0,808.75,431855
370,2024-11-19T13:15:00+05:30,808.8,810.2,808.55,809.65,280657
371,2024-11-19T13:30:00+05:30,809.7,809.9,808.85,809.35,212620
372,2024-11-19T13:45:00+05:30,809.35,809.4,808.8,809.05,194504
373,2024-11-19T14:00:00+05:30,809.05,809.15,805.0,805.6,612174
374,2024-11-19T14:15:00+05:30,805.4,806.95,804.6,805.85,430849
375,2024-11-19T14:30:00+05:30,805.7,808.25,805.1,806.5,545053
376,2024-11-19T14:45:00+05:30,806.5,807.0,803.5,803.65,871156
377,2024-11-19T15:00:00+05:30,803.65,805.95,801.6,802.1,2077790
378,2024-11-19T15:15:00+05:30,802.1,803.8,800.1,802.4,1735338
379,2024-11-21T09:15:00+05:30,798.4,798.5,771.45,771.65,4329473
380,2024-11-21T09:30:00+05:30,771.8,772.0,761.55,765.2,2983157
381,2024-11-21T09:45:00+05:30,765.2,767.85,762.55,765.0,1628417
382,2024-11-21T10:00:00+05:30,764.8,770.55,763.1,768.0,2517992
383,2024-11-21T10:15:00+05:30,767.95,772.3,767.0,770.9,1350539
384,2024-11-21T10:30:00+05:30,770.95,771.85,766.85,768.25,1877484
385,2024-11-21T10:45:00+05:30,768.35,772.25,767.65,770.95,1126634
386,2024-11-21T11:00:00+05:30,771.0,773.4,770.8,772.05,1030916
387,2024-11-21T11:15:00+05:30,772.2,774.95,771.45,773.7,844761
388,2024-11-21T11:30:00+05:30,773.6,776.65,773.1,776.2,799057
389,2024-11-21T11:45:00+05:30,776.2,777.5,773.3,777.0,1075253
390,2024-11-21T12:00:00+05:30,776.85,779.1,776.15,778.05,884015
391,2024-11-21T12:15:00+05:30,778.0,782.0,777.1,780.2,1014687
392,2024-11-21T12:30:00+05:30,780.1,782.65,779.05,781.9,786041
393,2024-11-21T12:45:00+05:30,781.75,782.85,778.0,778.05,945783
394,2024-11-21T13:00:00+05:30,778.1,780.5,776.4,779.8,587474
395,2024-11-21T13:15:00+05:30,779.85,784.65,779.15,784.25,650393
396,2024-11-21T13:30:00+05:30,784.1,784.8,781.8,782.7,439013
397,2024-11-21T13:45:00+05:30,782.7,784.3,781.1,783.8,414644
398,2024-11-21T14:00:00+05:30,783.9,784.25,780.55,780.95,307965
399,2024-11-21T14:15:00+05:30,781.0,783.45,779.6,783.1,476150
400,2024-11-21T14:30:00+05:30,783.1,783.25,778.45,781.0,521677
401,2024-11-21T14:45:00+05:30,781.0,781.25,778.05,778.95,579347
402,2024-11-21T15:00:00+05:30,778.8,781.5,778.2,780.75,1195121
403,2024-11-21T15:15:00+05:30,780.75,782.7,780.1,780.9,913282
404,2024-11-22T09:15:00+05:30,785.75,796.7,784.05,795.15,1813790
405,2024-11-22T09:30:00+05:30,795.25,797.95,792.1,793.75,887703
406,2024-11-22T09:45:00+05:30,793.8,796.0,790.15,796.0,676772
407,2024-11-22T10:00:00+05:30,795.9,798.9,794.25,797.9,716874
408,2024-11-22T10:15:00+05:30,797.9,798.7,795.4,797.65,446606
409,2024-11-22T10:30:00+05:30,797.65,799.9,796.45,798.5,474229
410,2024-11-22T10:45:00+05:30,798.45,803.75,796.5,802.65,882631
411,2024-11-22T11:00:00+05:30,802.6,803.85,800.4,800.95,482349
412,2024-11-22T11:15:00+05:30,800.85,802.85,800.0,802.4,446047
413,2024-11-22T11:30:00+05:30,802.35,806.9,802.0,805.7,959790
414,2024-11-22T11:45:00+05:30,805.55,809.0,805.2,808.75,728452
415,2024-11-22T12:00:00+05:30,808.8,811.0,807.4,809.5,853901
416,2024-11-22T12:15:00+05:30,809.35,810.4,808.6,810.15,552632
417,2024-11-22T12:30:00+05:30,810.15,810.2,807.6,809.1,544512
418,2024-11-22T12:45:00+05:30,809.2,810.4,809.0,810.0,338419
419,2024-11-22T13:00:00+05:30,810.0,811.4,809.6,810.3,358584
420,2024-11-22T13:15:00+05:30,810.25,812.5,810.0,811.25,501243
421,2024-11-22T13:30:00+05:30,811.55,815.55,810.3,814.75,759185
422,2024-11-22T13:45:00+05:30,814.75,818.9,814.55,818.0,1165864
423,2024-11-22T14:00:00+05:30,818.0,819.85,817.0,819.05,866377
424,2024-11-22T14:15:00+05:30,819.0,819.95,816.15,816.15,852513
425,2024-11-22T14:30:00+05:30,816.2,816.75,812.3,814.85,1079769
426,2024-11-22T14:45:00+05:30,814.85,818.0,813.9,816.35,962522
427,2024-11-22T15:00:00+05:30,816.35,816.85,814.7,816.65,1297418
428,2024-11-22T15:15:00+05:30,816.65,817.85,813.55,814.55,1950704
429,2024-11-25T09:15:00+05:30,827.0,842.4,825.65,837.0,3105791
430,2024-11-25T09:30:00+05:30,836.95,842.25,835.1,841.2,1455440
431,2024-11-25T09:45:00+05:30,841.1,844.8,840.6,844.25,1872501
432,2024-11-25T10:00:00+05:30,844.1,845.75,843.5,844.0,1440324
433,2024-11-25T10:15:00+05:30,844.0,846.85,844.0,846.65,941413
434,2024-11-25T10:30:00+05:30,846.6,846.85,845.3,846.15,606140
435,2024-11-25T10:45:00+05:30,846.15,846.8,845.9,846.4,313509
436,2024-11-25T11:00:00+05:30,846.35,847.5,845.2,846.0,701830
437,2024-11-25T11:15:00+05:30,846.05,846.65,845.15,845.85,688374
438,2024-11-25T11:30:00+05:30,845.9,846.2,844.75,846.1,673142
439,2024-11-25T11:45:00+05:30,846.1,846.9,845.05,846.0,713537
440,2024-11-25T12:00:00+05:30,846.0,846.7,845.8,846.5,304875
441,2024-11-25T12:15:00+05:30,846.5,849.6,846.35,848.6,745441
442,2024-11-25T12:30:00+05:30,848.4,848.8,847.35,847.85,289552
443,2024-11-25T12:45:00+05:30,847.85,848.4,844.35,844.6,695409
444,2024-11-25T13:00:00+05:30,844.55,847.35,843.6,846.35,613119
445,2024-11-25T13:15:00+05:30,846.2,847.0,845.1,846.6,299780
446,2024-11-25T13:30:00+05:30,846.6,846.85,845.4,845.65,243448
447,2024-11-25T13:45:00+05:30,845.45,846.75,845.25,845.9,303274
448,2024-11-25T14:00:00+05:30,845.95,846.35,844.85,845.65,287593
449,2024-11-25T14:15:00+05:30,845.65,845.7,844.55,844.85,232673
450,2024-11-25T14:30:00+05:30,844.7,847.4,844.6,847.0,564604
451,2024-11-25T14:45:00+05:30,847.0,847.55,846.5,847.05,512499
452,2024-11-25T15:00:00+05:30,847.05,847.15,844.05,845.7,2994966
453,2024-11-25T15:15:00+05:30,845.7,845.8,842.15,845.45,2490192
454,2024-11-26T09:15:00+05:30,844.0,846.7,839.0,843.5,862508
455,2024-11-26T09:30:00+05:30,843.5,844.0,841.25,842.3,359117
456,2024-11-26T09:45:00+05:30,842.45,842.55,839.4,839.65,461256
457,2024-11-26T10:00:00+05:30,839.65,845.45,839.5,843.35,480676
458,2024-11-26T10:15:00+05:30,843.15,843.4,839.55,840.8,297905
459,2024-11-26T10:30:00+05:30,841.0,841.4,839.55,840.7,150635
460,2024-11-26T10:45:00+05:30,840.7,841.6,840.2,840.4,208221
461,2024-11-26T11:00:00+05:30,840.4,842.4,840.0,841.25,218149
462,2024-11-26T11:15:00+05:30,841.5,842.5,840.0,841.6,484985
463,2024-11-26T11:30:00+05:30,841.6,842.5,840.0,840.75,461061
464,2024-11-26T11:45:00+05:30,840.9,841.9,839.75,840.35,313960
465,2024-11-26T12:00:00+05:30,840.05,840.4,837.25,838.7,479517
466,2024-11-26T12:15:00+05:30,838.5,838.75,836.85,837.15,313644
467,2024-11-26T12:30:00+05:30,837.1,838.2,835.55,836.4,431545
468,2024-11-26T12:45:00+05:30,836.4,838.5,836.1,837.9,341965
469,2024-11-26T13:00:00+05:30,837.9,838.3,837.05,837.15,170847
470,2024-11-26T13:15:00+05:30,837.45,838.2,836.4,836.55,186366
471,2024-11-26T13:30:00+05:30,836.4,837.55,835.85,836.2,197543
472,2024-11-26T13:45:00+05:30,836.2,839.4,836.15,839.35,197120
473,2024-11-26T14:00:00+05:30,839.15,839.3,838.05,838.25,151790
474,2024-11-26T14:15:00+05:30,838.25,839.4,837.5,838.05,121579
475,2024-11-26T14:30:00+05:30,837.9,840.4,837.8,839.75,232622
476,2024-11-26T14:45:00+05:30,839.7,841.0,839.0,839.6,376211
477,2024-11-26T15:00:00+05:30,839.55,841.8,839.0,840.05,631975
478,2024-11-26T15:15:00+05:30,840.25,840.95,837.0,838.3,707928
479,2024-11-27T09:15:00+05:30,838.55,840.95,833.35,837.6,726805
480,2024-11-27T09:30:00+05:30,837.4,838.2,834.5,835.15,332973
481,2024-11-27T09:45:00+05:30,835.0,836.55,834.65,834.9,214678
482,2024-11-27T10:00:00+05:30,835.1,835.7,833.75,834.9,206333
483,2024-11-27T10:15:00+05:30,834.8,836.0,834.05,834.25,125992
484,2024-11-27T10:30:00+05:30,834.25,835.9,833.8,835.4,164377
485,2024-11-27T10:45:00+05:30,835.4,835.4,832.1,833.9,297743
486,2024-11-27T11:00:00+05:30,833.9,834.2,832.95,833.4,155313
487,2024-11-27T11:15:00+05:30,833.3,835.15,833.3,834.25,189015
488,2024-11-27T11:30:00+05:30,834.25,838.95,834.25,837.65,483917
489,2024-11-27T11:45:00+05:30,837.7,838.5,835.1,837.9,400622
490,2024-11-27T12:00:00+05:30,838.05,840.6,836.0,839.6,700882
491,2024-11-27T12:15:00+05:30,839.65,840.85,839.0,839.85,355509
492,2024-11-27T12:30:00+05:30,839.95,842.5,839.65,841.55,350190
493,2024-11-27T12:45:00+05:30,841.4,841.6,840.1,840.6,133512
494,2024-11-27T13:00:00+05:30,840.6,840.9,839.6,840.15,156177
495,2024-11-27T13:15:00+05:30,840.0,840.3,838.5,838.75,186269
496,2024-11-27T13:30:00+05:30,838.75,839.3,837.95,838.85,184720
497,2024-11-27T13:45:00+05:30,838.8,839.9,838.1,838.9,157876
498,2024-11-27T14:00:00+05:30,838.65,839.3,837.0,837.15,222053
499,2024-11-27T14:15:00+05:30,837.15,837.45,836.5,837.25,195305
500,2024-11-27T14:30:00+05:30,837.15,838.8,835.8,836.1,514348
501,2024-11-27T14:45:00+05:30,836.0,836.15,833.25,834.1,674006
502,2024-11-27T15:00:00+05:30,834.35,834.9,832.55,833.95,569732
503,2024-11-27T15:15:00+05:30,834.0,835.2,833.25,834.85,586548
504,2024-11-28T09:15:00+05:30,834.1,837.1,830.5,836.35,710029
505,2024-11-28T09:30:00+05:30,836.2,838.65,834.8,837.6,356061
506,2024-11-28T09:45:00+05:30,837.6,844.35,836.7,844.0,867066
507,2024-11-28T10:00:00+05:30,844.0,845.8,842.75,844.6,688054
508,2024-11-28T10:15:00+05:30,844.55,844.95,840.75,840.95,315795
509,2024-11-28T10:30:00+05:30,840.9,843.0,836.4,839.0,845699
510,2024-11-28T10:45:00+05:30,839.2,839.35,835.5,837.2,624857
511,2024-11-28T11:00:00+05:30,837.35,838.7,836.65,837.85,293339
512,2024-11-28T11:15:00+05:30,837.75,838.3,835.55,838.3,341638
513,2024-11-28T11:30:00+05:30,838.3,838.9,837.3,838.7,219099
514,2024-11-28T11:45:00+05:30,838.75,841.65,838.2,838.8,420797
515,2024-11-28T12:00:00+05:30,838.85,840.45,838.8,840.05,222387
516,2024-11-28T12:15:00+05:30,840.05,840.1,838.5,839.95,210634
517,2024-11-28T12:30:00+05:30,839.95,840.25,836.1,838.5,456086
518,2024-11-28T12:45:00+05:30,838.5,838.5,837.0,837.0,319454
519,2024-11-28T13:00:00+05:30,837.3,837.65,836.05,836.8,314075
520,2024-11-28T13:15:00+05:30,836.75,839.4,836.0,839.35,485928
521,2024-11-28T13:30:00+05:30,839.35,840.2,837.95,838.2,492078
522,2024-11-28T13:45:00+05:30,838.2,841.0,837.1,840.3,404889
523,2024-11-28T14:00:00+05:30,840.55,841.9,835.05,837.9,748731
524,2024-11-28T14:15:00+05:30,837.9,840.7,836.0,840.05,778775
525,2024-11-28T14:30:00+05:30,840.05,841.45,836.75,838.7,590714
526,2024-11-28T14:45:00+05:30,838.55,840.05,837.45,837.75,765203
527,2024-11-28T15:00:00+05:30,837.7,839.9,836.45,839.75,862832
528,2024-11-28T15:15:00+05:30,839.75,841.4,839.05,840.55,1056272
529,2024-11-29T09:15:00+05:30,841.1,844.05,840.35,842.6,703680
530,2024-11-29T09:30:00+05:30,842.6,842.7,839.8,839.8,324993
531,2024-11-29T09:45:00+05:30,839.8,842.0,839.4,841.0,265835
532,2024-11-29T10:00:00+05:30,840.9,841.5,837.0,837.0,331620
533,2024-11-29T10:15:00+05:30,837.0,838.2,835.6,837.7,373879
534,2024-11-29T10:30:00+05:30,837.75,841.3,837.0,839.45,315722
535,2024-11-29T10:45:00+05:30,839.5,840.0,837.9,838.85,314097
536,2024-11-29T11:00:00+05:30,838.9,839.0,837.0,837.85,194839
537,2024-11-29T11:15:00+05:30,837.85,838.0,835.65,837.2,280780
538,2024-11-29T11:30:00+05:30,837.15,837.4,832.3,833.85,584366
539,2024-11-29T11:45:00+05:30,833.9,833.9,831.55,831.95,253298
540,2024-11-29T12:00:00+05:30,831.95,835.35,831.55,835.35,328983
541,2024-11-29T12:15:00+05:30,835.35,835.4,833.1,834.2,245077
542,2024-11-29T12:30:00+05:30,834.25,835.25,833.1,833.95,348744
543,2024-11-29T12:45:00+05:30,833.95,836.5,833.25,836.4,301901
544,2024-11-29T13:00:00+05:30,836.35,836.5,834.4,836.0,243471
545,2024-11-29T13:15:00+05:30,836.0,837.85,835.2,836.5,288711
546,2024-11-29T13:30:00+05:30,836.5,838.0,836.15,837.25,390737
547,2024-11-29T13:45:00+05:30,837.5,841.6,837.15,841.15,481060
548,2024-11-29T14:00:00+05:30,841.2,841.6,838.8,839.2,388935
549,2024-11-29T14:15:00+05:30,839.2,840.65,838.25,840.15,387950
550,2024-11-29T14:30:00+05:30,840.4,841.7,840.05,840.95,680709
551,2024-11-29T14:45:00+05:30,841.0,841.3,839.1,840.0,395473
552,2024-11-29T15:00:00+05:30,840.0,840.75,837.7,839.05,1501919
553,2024-11-29T15:15:00+05:30,839.05,839.35,837.25,838.7,870326
554,2024-12-02T09:15:00+05:30,839.0,841.1,834.25,837.0,510297
555,2024-12-02T09:30:00+05:30,836.95,842.0,836.4,839.7,435305
556,2024-12-02T09:45:00+05:30,839.7,840.9,837.2,837.35,233111
557,2024-12-02T10:00:00+05:30,837.35,837.5,834.55,835.5,288361
558,2024-12-02T10:15:00+05:30,835.5,837.0,835.2,836.25,208725
559,2024-12-02T10:30:00+05:30,836.25,837.1,833.5,834.2,362441
560,2024-12-02T10:45:00+05:30,834.1,835.3,833.5,834.5,187686
561,2024-12-02T11:00:00+05:30,834.55,834.7,833.45,833.9,111410
562,2024-12-02T11:15:00+05:30,833.9,834.85,833.4,833.9,201057
563,2024-12-02T11:30:00+05:30,833.9,834.25,832.7,833.9,185131
564,2024-12-02T11:45:00+05:30,834.0,834.65,833.0,834.55,175339
565,2024-12-02T12:00:00+05:30,834.5,835.45,833.85,834.75,157060
566,2024-12-02T12:15:00+05:30,834.75,836.15,833.8,836.05,213839
567,2024-12-02T12:30:00+05:30,836.1,836.25,834.3,834.8,209637
568,2024-12-02T12:45:00+05:30,834.85,835.45,834.4,834.6,113391
569,2024-12-02T13:00:00+05:30,834.7,834.95,833.8,834.0,184365
570,2024-12-02T13:15:00+05:30,833.95,834.5,833.3,833.9,135179
571,2024-12-02T13:30:00+05:30,833.85,834.9,833.65,834.4,219904
572,2024-12-02T13:45:00+05:30,834.4,835.7,833.2,835.35,213931
573,2024-12-02T14:00:00+05:30,835.45,836.7,835.0,836.05,287398
574,2024-12-02T14:15:00+05:30,836.1,836.95,835.75,836.3,256235
575,2024-12-02T14:30:00+05:30,836.6,839.8,836.4,838.95,479485
576,2024-12-02T14:45:00+05:30,838.95,839.85,836.6,836.9,352572
577,2024-12-02T15:00:00+05:30,836.8,837.75,836.05,836.4,360020
578,2024-12-02T15:15:00+05:30,836.4,837.05,835.25,837.05,521829
579,2024-12-03T09:15:00+05:30,838.0,846.9,836.9,846.8,1345560
580,2024-12-03T09:30:00+05:30,846.8,853.7,845.55,853.1,1323560
581,2024-12-03T09:45:00+05:30,853.1,853.6,850.0,851.45,647974
582,2024-12-03T10:00:00+05:30,851.6,852.85,850.55,851.1,362999
583,2024-12-03T10:15:00+05:30,851.1,852.0,850.55,851.7,307398
584,2024-12-03T10:30:00+05:30,851.9,854.5,851.6,853.15,719616
585,2024-12-03T10:45:00+05:30,853.15,853.55,852.4,853.25,383502
586,2024-12-03T11:00:00+05:30,853.5,856.0,853.3,855.0,797179
587,2024-12-03T11:15:00+05:30,855.05,856.6,854.75,854.9,468376
588,2024-12-03T11:30:00+05:30,854.9,856.0,853.3,853.35,379391
589,2024-12-03T11:45:00+05:30,853.35,854.0,852.05,853.15,325679
590,2024-12-03T12:00:00+05:30,853.4,853.75,852.25,853.1,194412
591,2024-12-03T12:15:00+05:30,853.1,853.9,851.45,853.1,240961
592,2024-12-03T12:30:00+05:30,853.1,854.5,852.6,854.45,223036
593,2024-12-03T12:45:00+05:30,854.25,854.5,853.0,853.2,174211
594,2024-12-03T13:00:00+05:30,853.2,853.6,852.75,853.1,161306
595,2024-12-03T13:15:00+05:30,853.1,854.1,852.6,853.6,196981
596,2024-12-03T13:30:00+05:30,853.65,855.0,853.1,853.75,328133
597,2024-12-03T13:45:00+05:30,853.75,854.45,852.85,853.85,358174
598,2024-12-03T14:00:00+05:30,853.95,854.45,853.05,853.4,252735
599,2024-12-03T14:15:00+05:30,853.4,854.4,852.8,853.85,262760
600,2024-12-03T14:30:00+05:30,853.85,854.9,853.05,853.55,357353
601,2024-12-03T14:45:00+05:30,853.8,854.0,853.0,853.4,281476
602,2024-12-03T15:00:00+05:30,853.4,854.9,853.2,853.65,900172
603,2024-12-03T15:15:00+05:30,853.7,854.75,852.0,853.5,1156310
604,2024-12-04T09:15:00+05:30,853.9,856.75,851.25,853.8,508045
605,2024-12-04T09:30:00+05:30,853.9,858.9,853.1,858.35,784455
606,2024-12-04T09:45:00+05:30,858.7,859.0,856.5,856.65,351549
607,2024-12-04T10:00:00+05:30,856.7,858.35,856.2,857.0,232004
608,2024-12-04T10:15:00+05:30,856.95,858.35,854.7,856.0,320324
609,2024-12-04T10:30:00+05:30,856.0,857.3,855.2,856.85,143813
610,2024-12-04T10:45:00+05:30,856.9,857.9,856.0,856.05,185700
611,2024-12-04T11:00:00+05:30,856.05,856.75,854.7,855.2,208085
612,2024-12-04T11:15:00+05:30,855.2,857.25,855.0,856.65,175654
613,2024-12-04T11:30:00+05:30,856.65,857.85,856.0,857.0,188215
614,2024-12-04T11:45:00+05:30,857.0,857.4,851.05,852.35,351048
615,2024-12-04T12:00:00+05:30,852.55,854.35,850.3,853.1,471304
616,2024-12-04T12:15:00+05:30,853.1,854.35,852.5,854.25,135570
617,2024-12-04T12:30:00+05:30,854.05,854.8,852.55,852.8,144034
618,2024-12-04T12:45:00+05:30,852.75,857.3,852.75,856.1,289472
619,2024-12-04T13:00:00+05:30,856.1,857.3,855.6,857.25,186486
620,2024-12-04T13:15:00+05:30,857.0,859.5,857.0,858.65,525719
621,2024-12-04T13:30:00+05:30,858.8,861.7,858.55,861.3,736799
622,2024-12-04T13:45:00+05:30,861.25,862.35,860.45,860.8,420736
623,2024-12-04T14:00:00+05:30,860.75,863.5,860.6,863.35,557858
624,2024-12-04T14:15:00+05:30,863.1,864.0,860.1,860.4,733517
625,2024-12-04T14:30:00+05:30,860.55,860.65,858.5,859.85,599495
626,2024-12-04T14:45:00+05:30,860.15,861.8,859.0,859.25,508214
627,2024-12-04T15:00:00+05:30,859.35,860.6,858.25,860.0,1036118
628,2024-12-04T15:15:00+05:30,859.95,860.5,858.0,858.55,884400
629,2024-12-05T09:15:00+05:30,860.55,861.8,857.1,858.95,570483
630,2024-12-05T09:30:00+05:30,859.25,859.9,856.9,857.75,252146
631,2024-12-05T09:45:00+05:30,857.75,858.95,856.7,858.35,307646
632,2024-12-05T10:00:00+05:30,858.35,859.5,857.25,857.6,166035
633,2024-12-05T10:15:00+05:30,857.75,865.75,857.0,861.15,836743
634,2024-12-05T10:30:00+05:30,861.15,861.5,859.2,860.3,264534
635,2024-12-05T10:45:00+05:30,860.3,860.4,856.0,857.0,286877
636,2024-12-05T11:00:00+05:30,856.8,858.35,856.15,857.95,179379
637,2024-12-05T11:15:00+05:30,857.95,858.0,856.15,856.5,275131
638,2024-12-05T11:30:00+05:30,856.9,859.9,855.6,859.85,261435
639,2024-12-05T11:45:00+05:30,859.9,863.0,859.25,861.85,389415
640,2024-12-05T12:00:00+05:30,861.85,868.9,861.45,868.8,1144351
641,2024-12-05T12:15:00+05:30,868.8,870.0,866.0,867.3,985673
642,2024-12-05T12:30:00+05:30,867.1,868.95,865.5,866.2,394562
643,2024-12-05T12:45:00+05:30,866.2,866.9,865.2,866.85,212370
644,2024-12-05T13:00:00+05:30,866.9,867.35,865.55,867.35,191624
645,2024-12-05T13:15:00+05:30,867.4,868.0,865.6,866.0,175227
646,2024-12-05T13:30:00+05:30,865.75,869.5,865.7,868.9,472096
647,2024-12-05T13:45:00+05:30,868.85,869.1,867.7,868.1,215153
648,2024-12-05T14:00:00+05:30,868.1,869.5,867.2,869.25,474952
649,2024-12-05T14:15:00+05:30,868.9,870.5,868.4,870.5,890111
650,2024-12-05T14:30:00+05:30,870.5,871.45,867.2,868.4,1055857
651,2024-12-05T14:45:00+05:30,868.35,869.05,860.0,860.85,1749519
652,2024-12-05T15:00:00+05:30,860.8,868.15,860.15,865.15,2009685
653,2024-12-05T15:15:00+05:30,865.15,866.2,864.05,864.25,914604
654,2024-12-06T09:15:00+05:30,865.1,865.25,860.5,863.3,743095
655,2024-12-06T09:30:00+05:30,863.4,864.15,861.8,863.55,334666
656,2024-12-06T09:45:00+05:30,863.45,866.9,863.05,864.25,537627
657,2024-12-06T10:00:00+05:30,864.45,867.0,857.0,860.1,1090066
658,2024-12-06T10:15:00+05:30,860.1,875.0,858.0,874.5,2513849
659,2024-12-06T10:30:00+05:30,874.5,875.45,867.55,873.4,1645182
660,2024-12-06T10:45:00+05:30,873.35,874.2,868.6,870.25,851366
661,2024-12-06T11:00:00+05:30,870.25,871.55,869.0,869.3,429877
662,2024-12-06T11:15:00+05:30,869.25,869.6,865.6,866.15,429080
663,2024-12-06T11:30:00+05:30,866.2,867.95,865.95,867.5,303669
664,2024-12-06T11:45:00+05:30,867.45,870.0,865.25,868.55,343556
665,2024-12-06T12:00:00+05:30,868.6,869.0,865.5,865.65,299652
666,2024-12-06T12:15:00+05:30,865.65,866.95,864.55,865.5,340877
667,2024-12-06T12:30:00+05:30,865.35,867.0,864.7,866.7,213298
668,2024-12-06T12:45:00+05:30,866.7,868.0,866.1,867.15,223519
669,2024-12-06T13:00:00+05:30,867.15,868.2,866.55,867.1,227392
670,2024-12-06T13:15:00+05:30,867.1,867.45,866.0,866.0,178869
671,2024-12-06T13:30:00+05:30,866.05,867.2,865.35,866.8,269295
672,2024-12-06T13:45:00+05:30,866.8,867.3,865.0,865.35,206899
673,2024-12-06T14:00:00+05:30,865.4,866.8,865.2,866.0,198412
674,2024-12-06T14:15:00+05:30,865.95,866.55,864.8,864.8,209374
675,2024-12-06T14:30:00+05:30,864.95,865.85,864.0,864.65,302310
676,2024-12-06T14:45:00+05:30,864.9,865.6,864.15,864.3,316164
677,2024-12-06T15:00:00+05:30,864.3,864.85,863.6,864.0,969957
678,2024-12-06T15:15:00+05:30,864.0,864.7,862.25,862.95,1267799
679,2024-12-09T09:15:00+05:30,859.05,866.85,858.25,864.85,671190
680,2024-12-09T09:30:00+05:30,864.55,865.75,862.55,862.85,275796
681,2024-12-09T09:45:00+05:30,862.85,865.2,861.0,861.6,272419
682,2024-12-09T10:00:00+05:30,861.5,861.95,859.3,859.5,544402
683,2024-12-09T10:15:00+05:30,859.5,861.35,859.1,861.0,530461
684,2024-12-09T10:30:00+05:30,860.7,861.8,859.5,860.95,240170
685,2024-12-09T10:45:00+05:30,860.8,862.4,860.45,861.4,212527
686,2024-12-09T11:00:00+05:30,861.4,863.4,861.1,863.0,274183
687,2024-12-09T11:15:00+05:30,863.3,866.5,863.0,865.55,402140
688,2024-12-09T11:30:00+05:30,865.35,866.25,864.5,865.35,283828
689,2024-12-09T11:45:00+05:30,865.35,865.6,863.55,864.55,254043
690,2024-12-09T12:00:00+05:30,864.5,865.4,863.7,864.7,271123
691,2024-12-09T12:15:00+05:30,864.7,865.15,863.65,864.2,311288
692,2024-12-09T12:30:00+05:30,864.2,864.55,862.2,862.2,373657
693,2024-12-09T12:45:00+05:30,862.35,863.9,861.7,863.35,392267
694,2024-12-09T13:00:00+05:30,863.35,863.4,861.15,861.45,292609
695,2024-12-09T13:15:00+05:30,861.4,862.7,860.4,860.65,254833
696,2024-12-09T13:30:00+05:30,860.65,861.3,859.1,860.0,258071
697,2024-12-09T13:45:00+05:30,860.2,860.45,859.0,859.85,225445
698,2024-12-09T14:00:00+05:30,859.85,860.0,859.1,859.65,245438
699,2024-12-09T14:15:00+05:30,859.65,860.9,858.0,858.6,346782
700,2024-12-09T14:30:00+05:30,858.55,859.5,857.2,857.9,879469
701,2024-12-09T14:45:00+05:30,857.9,859.45,857.35,859.25,270707
702,2024-12-09T15:00:00+05:30,859.1,859.5,857.05,857.6,733422
703,2024-12-09T15:15:00+05:30,857.6,858.2,856.95,858.2,702512
704,2024-12-10T09:15:00+05:30,861.5,862.0,858.05,858.9,635771
705,2024-12-10T09:30:00+05:30,858.9,860.5,858.8,860.5,160975
706,2024-12-10T09:45:00+05:30,860.5,862.9,859.55,861.95,351790
707,2024-12-10T10:00:00+05:30,861.8,862.2,860.0,861.0,143561
708,2024-12-10T10:15:00+05:30,860.85,862.05,859.65,860.7,182073
709,2024-12-10T10:30:00+05:30,860.75,861.0,859.2,859.6,120272
710,2024-12-10T10:45:00+05:30,859.55,861.9,859.4,861.7,134545
711,2024-12-10T11:00:00+05:30,861.9,863.95,861.15,863.45,311201
712,2024-12-10T11:15:00+05:30,863.5,864.3,862.0,862.5,243248
713,2024-12-10T11:30:00+05:30,862.65,863.3,862.0,862.8,98323
714,2024-12-10T11:45:00+05:30,862.8,863.3,862.0,862.75,106102
715,2024-12-10T12:00:00+05:30,863.0,863.5,862.25,862.8,148988
716,2024-12-10T12:15:00+05:30,862.85,863.0,860.9,862.4,311732
717,2024-12-10T12:30:00+05:30,862.35,862.4,860.0,860.75,268799
718,2024-12-10T12:45:00+05:30,860.7,861.9,860.3,861.8,140350
719,2024-12-10T13:00:00+05:30,861.85,862.25,861.0,861.8,111048
720,2024-12-10T13:15:00+05:30,861.8,861.8,860.45,861.0,115949
721,2024-12-10T13:30:00+05:30,861.0,863.0,860.8,861.7,227808
722,2024-12-10T13:45:00+05:30,862.0,862.5,861.3,862.2,151055
723,2024-12-10T14:00:00+05:30,862.4,863.35,861.25,863.05,250788
724,2024-12-10T14:15:00+05:30,863.0,864.8,862.5,864.75,278540
725,2024-12-10T14:30:00+05:30,864.8,865.9,864.15,865.3,523433
726,2024-12-10T14:45:00+05:30,865.45,868.8,865.0,867.95,589610
727,2024-12-10T15:00:00+05:30,867.75,868.95,866.75,867.5,827089
728,2024-12-10T15:15:00+05:30,867.5,868.6,866.5,868.3,910644
729,2024-12-11T09:15:00+05:30,867.3,869.85,865.2,866.8,451449
730,2024-12-11T09:30:00+05:30,866.7,869.0,866.6,867.6,208685
731,2024-12-11T09:45:00+05:30,867.55,868.7,865.2,868.5,187704
732,2024-12-11T10:00:00+05:30,868.5,868.85,866.6,867.65,154750
733,2024-12-11T10:15:00+05:30,867.65,869.7,867.1,868.7,436152
734,2024-12-11T10:30:00+05:30,868.7,868.7,866.2,866.65,519993
735,2024-12-11T10:45:00+05:30,866.65,867.05,865.65,865.8,126997
736,2024-12-11T11:00:00+05:30,865.8,866.45,865.75,866.3,100069
737,2024-12-11T11:15:00+05:30,866.25,868.0,865.45,867.95,180404
738,2024-12-11T11:30:00+05:30,867.65,869.0,867.55,868.0,359531
739,2024-12-11T11:45:00+05:30,868.0,868.25,866.45,866.75,139745
740,2024-12-11T12:00:00+05:30,866.6,867.0,865.15,865.35,278342
741,2024-12-11T12:15:00+05:30,865.35,865.95,863.5,864.1,346832
742,2024-12-11T12:30:00+05:30,864.0,864.5,862.05,862.6,302460
743,2024-12-11T12:45:00+05:30,862.6,863.4,861.8,862.2,308965
744,2024-12-11T13:00:00+05:30,862.15,863.2,862.0,862.5,195193
745,2024-12-11T13:15:00+05:30,862.4,863.25,862.15,862.35,146835
746,2024-12-11T13:30:00+05:30,862.25,863.45,861.8,862.25,243869
747,2024-12-11T13:45:00+05:30,862.2,863.0,861.3,861.7,323428
748,2024-12-11T14:00:00+05:30,861.7,862.75,861.3,861.4,164379
749,2024-12-11T14:15:00+05:30,861.4,862.4,861.15,861.65,139968
750,2024-12-11T14:30:00+05:30,861.65,863.5,861.1,861.65,314613
751,2024-12-11T14:45:00+05:30,861.5,862.1,861.0,861.7,261271
752,2024-12-11T15:00:00+05:30,861.55,862.4,861.15,861.5,369829
753,2024-12-11T15:15:00+05:30,861.45,862.5,860.95,861.8,712321
754,2024-12-12T09:15:00+05:30,861.5,864.3,860.5,861.95,374046
755,2024-12-12T09:30:00+05:30,862.0,862.0,856.7,856.8,359291
756,2024-12-12T09:45:00+05:30,857.0,857.6,855.6,857.2,299834
757,2024-12-12T10:00:00+05:30,857.0,857.8,856.0,856.75,209711
758,2024-12-12T10:15:00+05:30,856.45,858.0,856.05,856.5,161558
759,2024-12-12T10:30:00+05:30,856.65,857.0,854.0,854.5,286180
760,2024-12-12T10:45:00+05:30,854.4,854.9,852.1,852.95,302826
761,2024-12-12T11:00:00+05:30,853.2,855.0,852.45,853.8,341831
762,2024-12-12T11:15:00+05:30,853.75,854.75,853.5,853.95,208388
763,2024-12-12T11:30:00+05:30,854.0,854.1,853.55,853.9,230077
764,2024-12-12T11:45:00+05:30,854.0,856.6,853.55,854.35,481315
765,2024-12-12T12:00:00+05:30,854.35,854.35,852.25,852.55,249693
766,2024-12-12T12:15:00+05:30,852.55,853.0,851.2,852.95,262705
767,2024-12-12T12:30:00+05:30,852.95,853.8,852.4,853.3,315838
768,2024-12-12T12:45:00+05:30,853.3,854.7,852.45,854.45,360973
769,2024-12-12T13:00:00+05:30,854.45,854.5,852.0,853.3,291322
770,2024-12-12T13:15:00+05:30,853.3,854.1,852.2,854.0,218295
771,2024-12-12T13:30:00+05:30,854.0,854.7,852.6,854.5,299346
772,2024-12-12T13:45:00+05:30,854.5,854.55,851.15,851.7,446193
773,2024-12-12T14:00:00+05:30,851.65,852.7,851.45,852.5,312221
774,2024-12-12T14:15:00+05:30,852.5,853.95,852.0,852.4,435613
775,2024-12-12T14:30:00+05:30,852.45,853.25,851.45,852.9,405205
776,2024-12-12T14:45:00+05:30,852.9,853.3,852.35,852.95,441609
777,2024-12-12T15:00:00+05:30,852.9,854.35,852.85,853.9,753953
778,2024-12-12T15:15:00+05:30,853.9,854.5,853.1,853.4,754167
779,2024-12-13T09:15:00+05:30,852.5,855.0,846.15,848.35,536314
780,2024-12-13T09:30:00+05:30,848.35,848.65,843.7,845.35,328622
781,2024-12-13T09:45:00+05:30,845.2,845.25,841.2,842.2,525925
782,2024-12-13T10:00:00+05:30,842.45,844.85,841.9,842.9,357149
783,2024-12-13T10:15:00+05:30,842.9,842.9,839.0,839.95,387229
784,2024-12-13T10:30:00+05:30,839.8,840.0,835.05,837.15,378402
785,2024-12-13T10:45:00+05:30,837.15,841.0,835.0,840.3,279331
786,2024-12-13T11:00:00+05:30,840.0,842.9,839.1,840.25,306881
787,2024-12-13T11:15:00+05:30,840.25,842.85,839.15,842.0,266697
788,2024-12-13T11:30:00+05:30,842.0,843.9,841.0,843.15,252532
789,2024-12-13T11:45:00+05:30,843.15,848.85,842.45,848.4,415088
790,2024-12-13T12:00:00+05:30,848.4,851.0,847.65,850.7,524693
791,2024-12-13T12:15:00+05:30,850.4,854.5,850.0,852.55,324062
792,2024-12-13T12:30:00+05:30,852.55,852.75,849.45,849.95,183905
793,2024-12-13T12:45:00+05:30,849.95,854.0,848.5,853.95,177049
794,2024-12-13T13:00:00+05:30,853.95,856.45,853.6,854.0,341038
795,2024-12-13T13:15:00+05:30,854.0,855.5,851.65,854.65,293255
796,2024-12-13T13:30:00+05:30,854.9,858.3,853.5,858.0,400774
797,2024-12-13T13:45:00+05:30,858.0,859.0,856.95,858.0,285301
798,2024-12-13T14:00:00+05:30,857.8,859.0,857.05,858.15,165656
799,2024-12-13T14:15:00+05:30,858.1,860.65,857.5,860.3,258704
800,2024-12-13T14:30:00+05:30,860.2,862.5,859.65,861.5,611226
801,2024-12-13T14:45:00+05:30,861.5,861.85,859.5,861.3,432594
802,2024-12-13T15:00:00+05:30,861.25,862.9,860.75,861.95,646001
803,2024-12-13T15:15:00+05:30,862.0,862.3,860.35,861.9,647632
804,2024-12-16T09:15:00+05:30,859.5,861.7,858.4,859.1,344085
805,2024-12-16T09:30:00+05:30,858.9,863.5,857.8,863.5,330712
806,2024-12-16T09:45:00+05:30,863.5,866.4,863.3,864.75,455659
807,2024-12-16T10:00:00+05:30,864.75,865.2,863.25,864.0,275632
808,2024-12-16T10:15:00+05:30,863.9,864.0,861.15,861.3,225877
809,2024-12-16T10:30:00+05:30,861.3,862.7,860.6,860.85,224719
810,2024-12-16T10:45:00+05:30,860.85,860.9,858.6,858.7,192692
811,2024-12-16T11:00:00+05:30,858.7,861.1,858.6,859.5,284413
812,2024-12-16T11:15:00+05:30,859.5,862.45,859.0,861.55,287617
813,2024-12-16T11:30:00+05:30,861.55,862.45,861.0,861.7,210899
814,2024-12-16T11:45:00+05:30,861.7,863.45,860.35,861.3,351063
815,2024-12-16T12:00:00+05:30,861.1,861.35,859.2,859.25,247164
816,2024-12-16T12:15:00+05:30,859.25,860.65,859.0,859.35,176295
817,2024-12-16T12:30:00+05:30,859.35,860.9,859.05,860.45,121467
818,2024-12-16T12:45:00+05:30,860.3,861.0,860.0,860.35,123439
819,2024-12-16T13:00:00+05:30,860.45,862.5,860.35,861.95,142546
820,2024-12-16T13:15:00+05:30,861.85,863.0,861.0,861.55,207262
821,2024-12-16T13:30:00+05:30,861.55,862.35,860.85,861.95,213555
822,2024-12-16T13:45:00+05:30,861.95,862.3,860.3,861.55,171392
823,2024-12-16T14:00:00+05:30,861.55,862.8,861.0,861.2,177982
824,2024-12-16T14:15:00+05:30,861.25,862.0,860.35,860.55,147398
825,2024-12-16T14:30:00+05:30,860.7,862.6,860.65,862.2,256389
826,2024-12-16T14:45:00+05:30,862.4,862.45,861.05,861.8,250683
827,2024-12-16T15:00:00+05:30,861.9,862.5,860.3,860.45,444543
828,2024-12-16T15:15:00+05:30,860.45,861.4,860.0,860.65,548672
829,2024-12-17T09:15:00+05:30,858.6,862.6,858.35,860.75,353983
830,2024-12-17T09:30:00+05:30,860.8,861.9,859.1,859.15,235299
831,2024-12-17T09:45:00+05:30,859.1,860.0,856.55,859.8,336392
832,2024-12-17T10:00:00+05:30,859.75,860.4,857.3,860.0,220195
833,2024-12-17T10:15:00+05:30,859.6,860.45,855.65,856.55,312368
834,2024-12-17T10:30:00+05:30,856.55,856.8,854.1,856.65,276420
835,2024-12-17T10:45:00+05:30,856.65,858.9,856.0,858.35,229936
836,2024-12-17T11:00:00+05:30,858.35,859.5,857.0,857.1,184752
837,2024-12-17T11:15:00+05:30,857.3,858.3,855.05,855.5,185500
838,2024-12-17T11:30:00+05:30,855.6,855.95,851.85,852.0,440104
839,2024-12-17T11:45:00+05:30,852.05,852.55,851.0,851.15,364728
840,2024-12-17T12:00:00+05:30,851.0,853.0,850.25,851.5,297946
841,2024-12-17T12:15:00+05:30,851.35,853.1,849.7,852.7,441349
842,2024-12-17T12:30:00+05:30,852.75,854.3,851.1,851.4,237973
843,2024-12-17T12:45:00+05:30,851.45,852.45,850.45,852.1,299601
844,2024-12-17T13:00:00+05:30,852.05,852.95,849.7,849.9,252137
845,2024-12-17T13:15:00+05:30,849.7,850.4,848.8,849.4,296822
846,2024-12-17T13:30:00+05:30,849.4,850.35,848.5,848.7,249012
847,2024-12-17T13:45:00+05:30,848.8,851.0,848.35,850.0,349228
848,2024-12-17T14:00:00+05:30,850.0,850.5,848.4,848.45,250603
849,2024-12-17T14:15:00+05:30,848.6,849.3,847.05,847.55,340674
850,2024-12-17T14:30:00+05:30,847.55,849.35,847.2,848.15,336251
851,2024-12-17T14:45:00+05:30,848.0,852.6,847.9,851.1,595384
852,2024-12-17T15:00:00+05:30,850.95,852.0,849.5,849.65,773354
853,2024-12-17T15:15:00+05:30,849.85,851.3,848.45,849.8,912416
854,2024-12-18T09:15:00+05:30,850.65,852.0,844.65,845.95,578422
855,2024-12-18T09:30:00+05:30,845.7,850.4,845.15,850.1,257721
856,2024-12-18T09:45:00+05:30,850.25,850.25,845.0,845.05,218145
857,2024-12-18T10:00:00+05:30,845.2,845.65,843.35,843.6,258057
858,2024-12-18T10:15:00+05:30,843.6,844.8,843.1,843.95,146779
859,2024-12-18T10:30:00+05:30,843.95,846.75,843.55,845.6,125941
860,2024-12-18T10:45:00+05:30,845.6,846.3,842.5,842.65,182701
861,2024-12-18T11:00:00+05:30,842.5,843.3,842.0,842.4,156102
862,2024-12-18T11:15:00+05:30,842.4,842.9,840.4,842.45,223653
863,2024-12-18T11:30:00+05:30,842.25,843.55,840.95,841.0,205662
864,2024-12-18T11:45:00+05:30,841.0,844.85,840.1,843.5,303715
865,2024-12-18T12:00:00+05:30,843.5,844.5,840.8,841.1,326135
866,2024-12-18T12:15:00+05:30,841.1,841.5,840.0,840.0,247547
867,2024-12-18T12:30:00+05:30,840.2,841.4,838.0,838.75,340616
868,2024-12-18T12:45:00+05:30,839.0,840.05,837.4,839.05,328746
869,2024-12-18T13:00:00+05:30,839.2,843.45,838.35,840.75,449303
870,2024-12-18T13:15:00+05:30,840.6,842.0,839.2,839.3,311480
871,2024-12-18T13:30:00+05:30,839.25,840.6,838.0,838.35,276386
872,2024-12-18T13:45:00+05:30,838.25,839.8,837.2,839.05,286316
873,2024-12-18T14:00:00+05:30,839.1,840.8,838.35,838.6,325018
874,2024-12-18T14:15:00+05:30,838.6,839.0,837.2,837.25,198636
875,2024-12-18T14:30:00+05:30,837.2,838.8,837.2,838.45,270377
876,2024-12-18T14:45:00+05:30,838.5,838.95,837.0,837.05,198793
877,2024-12-18T15:00:00+05:30,837.15,839.9,837.05,837.25,1071846
878,2024-12-18T15:15:00+05:30,837.5,840.9,837.0,840.8,977595
879,2024-12-19T09:15:00+05:30,824.4,826.35,820.2,822.2,1389221
880,2024-12-19T09:30:00+05:30,822.15,829.55,820.5,828.8,733847
881,2024-12-19T09:45:00+05:30,828.5,828.85,825.1,825.4,474819
882,2024-12-19T10:00:00+05:30,825.5,826.85,824.55,826.1,530029
883,2024-12-19T10:15:00+05:30,826.1,830.0,825.3,828.8,646884
884,2024-12-19T10:30:00+05:30,828.7,832.85,827.75,830.2,509750
885,2024-12-19T10:45:00+05:30,830.05,831.75,829.15,830.5,199796
886,2024-12-19T11:00:00+05:30,830.6,832.25,830.0,831.85,210129
887,2024-12-19T11:15:00+05:30,831.6,832.45,830.85,831.7,149619
888,2024-12-19T11:30:00+05:30,831.7,838.0,831.35,834.4,534257
889,2024-12-19T11:45:00+05:30,834.35,835.8,832.85,833.35,177537
890,2024-12-19T12:00:00+05:30,833.1,835.45,833.0,834.6,165421
891,2024-12-19T12:15:00+05:30,834.6,834.8,833.0,833.15,122128
892,2024-12-19T12:30:00+05:30,833.1,833.5,831.55,832.0,194373
893,2024-12-19T12:45:00+05:30,832.0,834.05,830.95,833.85,297037
894,2024-12-19T13:00:00+05:30,833.65,834.5,831.6,832.2,162562
895,2024-12-19T13:15:00+05:30,832.2,832.3,828.85,829.0,340110
896,2024-12-19T13:30:00+05:30,829.15,832.05,828.3,830.55,293091
897,2024-12-19T13:45:00+05:30,830.55,831.1,829.65,830.6,183056
898,2024-12-19T14:00:00+05:30,830.6,832.0,830.25,831.6,119194
899,2024-12-19T14:15:00+05:30,831.3,833.0,831.3,832.9,259140
900,2024-12-19T14:30:00+05:30,832.9,833.0,832.2,832.65,180881
901,2024-12-19T14:45:00+05:30,832.65,833.6,831.4,832.55,514317
902,2024-12-19T15:00:00+05:30,832.55,834.25,832.0,832.25,563319
903,2024-12-19T15:15:00+05:30,832.45,833.45,831.25,832.25,435651
904,2024-12-20T09:15:00+05:30,834.85,836.0,829.0,829.4,570677
905,2024-12-20T09:30:00+05:30,829.45,834.0,828.15,833.5,355950
906,2024-12-20T09:45:00+05:30,833.6,834.55,827.1,828.0,411089
907,2024-12-20T10:00:00+05:30,827.8,828.0,824.6,826.1,337717
908,2024-12-20T10:15:00+05:30,826.0,829.8,825.0,826.7,278808
909,2024-12-20T10:30:00+05:30,826.8,829.45,826.75,828.6,149855
910,2024-12-20T10:45:00+05:30,828.65,830.7,827.6,829.0,173974
911,2024-12-20T11:00:00+05:30,829.05,830.5,828.8,830.2,94257
912,2024-12-20T11:15:00+05:30,830.4,830.6,827.25,828.05,169341
913,2024-12-20T11:30:00+05:30,827.85,829.45,827.5,828.65,86239
914,2024-12-20T11:45:00+05:30,828.65,830.5,828.5,829.75,121862
915,2024-12-20T12:00:00+05:30,829.75,830.5,827.55,827.8,111334
916,2024-12-20T12:15:00+05:30,827.55,827.65,825.4,826.3,221697
917,2024-12-20T12:30:00+05:30,826.2,826.8,824.0,824.05,283868
918,2024-12-20T12:45:00+05:30,824.05,824.55,822.5,822.9,276795
919,2024-12-20T13:00:00+05:30,822.8,822.85,819.15,819.65,340065
920,2024-12-20T13:15:00+05:30,819.5,821.3,817.9,820.4,244331
921,2024-12-20T13:30:00+05:30,820.25,820.9,816.2,817.75,274789
922,2024-12-20T13:45:00+05:30,817.9,819.15,816.0,817.75,197894
923,2024-12-20T14:00:00+05:30,817.75,817.75,815.2,815.8,212592
924,2024-12-20T14:15:00+05:30,815.8,819.0,815.7,817.25,223466
925,2024-12-20T14:30:00+05:30,817.5,817.6,814.0,815.6,441251
926,2024-12-20T14:45:00+05:30,815.6,815.95,813.0,813.4,482213
927,2024-12-20T15:00:00+05:30,813.4,813.65,810.1,810.4,2020101
928,2024-12-20T15:15:00+05:30,810.5,815.2,810.0,814.0,2106863
929,2024-12-23T09:15:00+05:30,817.75,820.8,814.65,817.6,581886
930,2024-12-23T09:30:00+05:30,817.75,820.3,816.1,816.8,362719
931,2024-12-23T09:45:00+05:30,816.85,818.8,812.2,814.0,234677
932,2024-12-23T10:00:00+05:30,814.0,819.75,813.1,818.2,187531
933,2024-12-23T10:15:00+05:30,818.25,818.75,816.0,817.7,169447
934,2024-12-23T10:30:00+05:30,817.7,818.6,817.0,817.75,139845
935,2024-12-23T10:45:00+05:30,817.7,821.0,817.1,820.4,156461
936,2024-12-23T11:00:00+05:30,820.4,822.0,820.25,821.1,180203
937,2024-12-23T11:15:00+05:30,821.3,823.95,821.05,823.6,255548
938,2024-12-23T11:30:00+05:30,823.6,824.0,822.05,823.15,178191
939,2024-12-23T11:45:00+05:30,823.2,823.65,821.0,821.0,187623
940,2024-12-23T12:00:00+05:30,821.0,822.2,819.55,821.8,192340
941,2024-12-23T12:15:00+05:30,821.7,823.4,821.2,822.15,144148
942,2024-12-23T12:30:00+05:30,822.15,823.0,821.5,822.75,99690
943,2024-12-23T12:45:00+05:30,822.75,823.4,820.75,821.35,176676
944,2024-12-23T13:00:00+05:30,821.6,822.7,820.55,822.05,120429
945,2024-12-23T13:15:00+05:30,822.25,823.4,821.2,821.75,121765
946,2024-12-23T13:30:00+05:30,821.45,822.3,820.3,821.9,149167
947,2024-12-23T13:45:00+05:30,821.9,822.35,820.1,820.15,100237
948,2024-12-23T14:00:00+05:30,820.15,820.4,818.5,820.3,157168
949,2024-12-23T14:15:00+05:30,820.15,822.25,819.7,821.65,121381
950,2024-12-23T14:30:00+05:30,821.6,822.2,821.15,821.15,91084
951,2024-12-23T14:45:00+05:30,821.2,821.45,819.5,820.55,137925
952,2024-12-23T15:00:00+05:30,820.55,821.95,820.2,821.7,249659
953,2024-12-23T15:15:00+05:30,821.8,821.8,820.0,820.5,396216
954,2024-12-24T09:15:00+05:30,824.25,826.2,820.1,820.35,315750
955,2024-12-24T09:30:00+05:30,820.1,821.45,819.4,819.9,197575
956,2024-12-24T09:45:00+05:30,820.0,821.95,819.05,820.1,158236
957,2024-12-24T10:00:00+05:30,820.4,823.25,820.1,822.5,236700
958,2024-12-24T10:15:00+05:30,822.45,823.25,822.0,823.2,128916
959,2024-12-24T10:30:00+05:30,823.2,824.75,821.4,821.6,404686
960,2024-12-24T10:45:00+05:30,821.5,821.65,820.5,820.85,167026
961,2024-12-24T11:00:00+05:30,820.85,821.0,820.5,820.6,138707
962,2024-12-24T11:15:00+05:30,820.55,821.85,819.8,819.95,196349
963,2024-12-24T11:30:00+05:30,819.8,819.95,814.9,815.75,445084
964,2024-12-24T11:45:00+05:30,815.75,816.75,815.0,816.0,179588
965,2024-12-24T12:00:00+05:30,816.0,816.2,814.35,814.9,174862
966,2024-12-24T12:15:00+05:30,814.75,815.5,814.0,814.7,194003
967,2024-12-24T12:30:00+05:30,814.7,816.65,814.0,815.2,316736
968,2024-12-24T12:45:00+05:30,815.45,816.0,813.5,813.8,302941
969,2024-12-24T13:00:00+05:30,813.55,814.7,813.1,814.15,507268
970,2024-12-24T13:15:00+05:30,814.1,815.05,813.5,813.8,257355
971,2024-12-24T13:30:00+05:30,813.8,814.15,811.6,812.25,277853
972,2024-12-24T13:45:00+05:30,812.15,812.7,810.1,810.45,890401
973,2024-12-24T14:00:00+05:30,810.35,813.25,809.2,813.25,551431
974,2024-12-24T14:15:00+05:30,813.1,813.1,810.6,810.8,467197
975,2024-12-24T14:30:00+05:30,810.8,811.3,810.3,811.3,339389
976,2024-12-24T14:45:00+05:30,811.3,813.15,810.55,811.75,930625
977,2024-12-24T15:00:00+05:30,811.65,812.4,811.0,811.5,1177091
978,2024-12-24T15:15:00+05:30,811.4,813.7,811.0,813.0,1612403
979,2024-12-26T09:15:00+05:30,812.9,822.0,812.05,821.05,593036
980,2024-12-26T09:30:00+05:30,821.0,822.85,820.4,821.2,334673
981,2024-12-26T09:45:00+05:30,821.05,821.35,818.25,819.0,262694
982,2024-12-26T10:00:00+05:30,818.9,819.2,816.2,816.4,429904
983,2024-12-26T10:15:00+05:30,816.4,818.0,815.2,815.25,209414
984,2024-12-26T10:30:00+05:30,815.25,815.95,814.5,814.95,257002
985,2024-12-26T10:45:00+05:30,815.0,815.0,812.5,813.2,182529
986,2024-12-26T11:00:00+05:30,813.0,814.9,812.8,814.8,261657
987,2024-12-26T11:15:00+05:30,814.8,815.6,812.9,814.95,399542
988,2024-12-26T11:30:00+05:30,814.95,816.4,812.5,813.2,405328
989,2024-12-26T11:45:00+05:30,813.05,813.95,812.65,813.55,116059
990,2024-12-26T12:00:00+05:30,813.45,813.7,811.5,811.85,172227
991,2024-12-26T12:15:00+05:30,811.85,812.0,811.1,811.75,125473
992,2024-12-26T12:30:00+05:30,811.75,812.4,811.6,812.1,178460
993,2024-12-26T12:45:00+05:30,812.1,813.55,812.05,812.75,361390
994,2024-12-26T13:00:00+05:30,812.8,813.25,811.3,812.4,312600
995,2024-12-26T13:15:00+05:30,812.4,812.45,811.45,811.65,123602
996,2024-12-26T13:30:00+05:30,811.65,812.2,808.45,811.0,534130
997,2024-12-26T13:45:00+05:30,811.0,812.0,809.0,809.8,187138
998,2024-12-26T14:00:00+05:30,809.8,810.8,809.0,810.25,267643
999,2024-12-26T14:15:00+05:30,810.3,811.0,808.65,809.4,505706
1000,2024-12-26T14:30:00+05:30,809.35,810.0,808.0,809.55,330474
1001,2024-12-26T14:45:00+05:30,809.55,810.15,809.0,809.5,183650
1002,2024-12-26T15:00:00+05:30,809.3,812.5,809.0,812.0,499193
1003,2024-12-26T15:15:00+05:30,812.05,814.9,811.65,814.0,1009368
1004,2024-12-27T09:15:00+05:30,816.4,818.3,813.55,813.95,515932
1005,2024-12-27T09:30:00+05:30,813.65,814.35,809.9,812.35,449986
1006,2024-12-27T09:45:00+05:30,812.25,815.0,812.25,814.3,316597
1007,2024-12-27T10:00:00+05:30,814.15,815.9,813.2,814.95,300170
1008,2024-12-27T10:15:00+05:30,814.9,815.1,811.95,813.1,298668
1009,2024-12-27T10:30:00+05:30,812.9,814.35,812.35,812.35,217071
1010,2024-12-27T10:45:00+05:30,812.4,813.1,811.55,812.5,245691
1011,2024-12-27T11:00:00+05:30,812.3,814.25,812.0,813.25,213233
1012,2024-12-27T11:15:00+05:30,813.15,813.15,810.7,812.1,395476
1013,2024-12-27T11:30:00+05:30,812.1,812.5,810.55,811.25,343060
1014,2024-12-27T11:45:00+05:30,811.5,813.05,811.0,811.8,160677
1015,2024-12-27T12:00:00+05:30,811.8,811.95,810.6,810.75,72660
1016,2024-12-27T12:15:00+05:30,810.8,810.8,809.45,810.0,203971
1017,2024-12-27T12:30:00+05:30,809.95,810.3,809.5,809.95,137131
1018,2024-12-27T12:45:00+05:30,810.0,810.55,809.7,810.0,164883
1019,2024-12-27T13:00:00+05:30,810.05,810.05,807.3,808.15,385285
1020,2024-12-27T13:15:00+05:30,808.15,808.15,806.55,807.2,188906
1021,2024-12-27T13:30:00+05:30,807.2,807.4,806.6,806.95,139825
1022,2024-12-27T13:45:00+05:30,806.95,807.2,805.55,806.15,412470
1023,2024-12-27T14:00:00+05:30,806.1,807.15,805.2,805.3,263589
1024,2024-12-27T14:15:00+05:30,805.35,805.45,801.75,803.9,1512501
1025,2024-12-27T14:30:00+05:30,803.9,803.95,801.95,802.35,608869
1026,2024-12-27T14:45:00+05:30,802.3,803.3,797.2,799.25,1390678
1027,2024-12-27T15:00:00+05:30,799.2,800.3,798.75,799.45,648546
1028,2024-12-27T15:15:00+05:30,799.45,800.85,798.65,800.85,1033666
1029,2024-12-30T09:15:00+05:30,801.6,803.0,795.25,795.8,514037
1030,2024-12-30T09:30:00+05:30,795.8,798.0,793.85,796.3,475275
1031,2024-12-30T09:45:00+05:30,796.25,800.0,796.05,797.05,370887
1032,2024-12-30T10:00:00+05:30,796.85,798.95,796.8,798.45,166681
1033,2024-12-30T10:15:00+05:30,798.4,802.4,798.2,801.6,315686
1034,2024-12-30T10:30:00+05:30,801.95,802.9,800.0,801.95,315539
1035,2024-12-30T10:45:00+05:30,801.95,803.7,799.75,800.15,386858
1036,2024-12-30T11:00:00+05:30,800.15,800.3,797.75,798.85,288381
1037,2024-12-30T11:15:00+05:30,798.85,803.0,798.3,803.0,509866
1038,2024-12-30T11:30:00+05:30,803.0,804.9,801.95,804.9,617189
1039,2024-12-30T11:45:00+05:30,804.9,807.95,804.0,806.1,840568
1040,2024-12-30T12:00:00+05:30,806.0,806.55,803.6,805.5,366076
1041,2024-12-30T12:15:00+05:30,805.6,806.15,799.25,799.35,713593
1042,2024-12-30T12:30:00+05:30,799.3,801.2,795.75,799.65,931501
1043,2024-12-30T12:45:00+05:30,799.65,800.25,797.0,798.2,377450
1044,2024-12-30T13:00:00+05:30,798.2,798.3,796.0,797.55,428029
1045,2024-12-30T13:15:00+05:30,797.55,799.15,794.5,794.85,406176
1046,2024-12-30T13:30:00+05:30,794.85,795.15,791.5,791.75,633100
1047,2024-12-30T13:45:00+05:30,791.75,791.85,789.1,790.95,539465
1048,2024-12-30T14:00:00+05:30,790.9,792.45,790.0,790.85,410536
1049,2024-12-30T14:15:00+05:30,790.7,791.8,788.9,790.9,352655
1050,2024-12-30T14:30:00+05:30,790.9,792.7,790.2,792.55,420596
1051,2024-12-30T14:45:00+05:30,792.55,794.0,791.7,793.8,828746
1052,2024-12-30T15:00:00+05:30,793.8,794.2,785.0,787.05,5466176
1053,2024-12-30T15:15:00+05:30,787.35,795.05,786.0,793.3,4718452
1054,2024-12-31T09:15:00+05:30,786.8,796.0,786.0,792.6,782841
1055,2024-12-31T09:30:00+05:30,792.6,795.0,791.2,792.75,426362
1056,2024-12-31T09:45:00+05:30,792.6,794.45,792.0,793.55,181865
1057,2024-12-31T10:00:00+05:30,793.6,793.9,790.25,792.2,210930
1058,2024-12-31T10:15:00+05:30,792.2,794.2,791.85,793.05,198954
1059,2024-12-31T10:30:00+05:30,793.05,796.2,792.65,793.2,294213
1060,2024-12-31T10:45:00+05:30,793.2,795.0,792.3,793.85,150459
1061,2024-12-31T11:00:00+05:30,793.85,795.9,793.85,795.45,149848
1062,2024-12-31T11:15:00+05:30,795.45,795.65,793.05,793.2,213961
1063,2024-12-31T11:30:00+05:30,793.2,793.45,792.0,793.25,207201
1064,2024-12-31T11:45:00+05:30,793.25,793.55,791.6,792.7,150915
1065,2024-12-31T12:00:00+05:30,792.4,793.8,792.4,793.3,103517
1066,2024-12-31T12:15:00+05:30,793.1,794.85,792.9,794.35,118912
1067,2024-12-31T12:30:00+05:30,794.3,798.0,793.9,797.8,320331
1068,2024-12-31T12:45:00+05:30,797.7,797.85,795.85,796.25,232446
1069,2024-12-31T13:00:00+05:30,796.1,797.0,795.8,796.65,143922
1070,2024-12-31T13:15:00+05:30,796.7,797.5,795.05,796.9,464178
1071,2024-12-31T13:30:00+05:30,796.85,798.65,796.5,797.95,348222
1072,2024-12-31T13:45:00+05:30,798.0,799.2,797.2,797.55,269156
1073,2024-12-31T14:00:00+05:30,797.5,797.7,795.85,796.1,381342
1074,2024-12-31T14:15:00+05:30,796.15,796.3,794.25,794.55,402286
1075,2024-12-31T14:30:00+05:30,794.5,796.0,793.0,795.55,523961
1076,2024-12-31T14:45:00+05:30,795.55,796.4,794.35,795.5,370219
1077,2024-12-31T15:00:00+05:30,795.4,795.75,793.8,793.95,1144902
1078,2024-12-31T15:15:00+05:30,793.95,796.0,793.8,796.0,1239855
1079,2025-01-01T09:15:00+05:30,795.6,798.0,792.5,795.45,343003
1080,2025-01-01T09:30:00+05:30,795.45,796.0,792.05,793.0,188373
1081,2025-01-01T09:45:00+05:30,793.0,793.0,789.5,791.4,316099
1082,2025-01-01T10:00:00+05:30,791.4,793.85,790.25,792.5,213039
1083,2025-01-01T10:15:00+05:30,792.5,792.8,791.05,792.3,263256
1084,2025-01-01T10:30:00+05:30,792.5,793.4,791.5,791.95,254949
1085,2025-01-01T10:45:00+05:30,791.95,796.25,791.65,795.45,745587
1086,2025-01-01T11:00:00+05:30,795.45,796.3,794.9,796.15,283355
1087,2025-01-01T11:15:00+05:30,796.15,797.25,794.5,795.0,252245
1088,2025-01-01T11:30:00+05:30,794.95,795.5,793.5,794.3,248705
1089,2025-01-01T11:45:00+05:30,794.35,794.65,792.25,792.95,269140
1090,2025-01-01T12:00:00+05:30,792.9,793.7,792.55,793.3,220833
1091,2025-01-01T12:15:00+05:30,793.25,795.25,793.05,793.75,269114
1092,2025-01-01T12:30:00+05:30,794.0,794.05,793.0,793.2,101050
1093,2025-01-01T12:45:00+05:30,793.25,793.6,791.8,791.9,254261
1094,2025-01-01T13:00:00+05:30,791.95,792.45,791.6,792.1,122470
1095,2025-01-01T13:15:00+05:30,791.85,792.5,791.65,792.0,140885
1096,2025-01-01T13:30:00+05:30,792.0,792.8,791.55,792.55,135738
1097,2025-01-01T13:45:00+05:30,792.6,794.5,792.15,794.5,238420
1098,2025-01-01T14:00:00+05:30,794.5,798.65,794.5,795.25,624965
1099,2025-01-01T14:15:00+05:30,795.45,795.95,794.05,794.75,313582
1100,2025-01-01T14:30:00+05:30,794.9,795.55,794.1,794.2,219382
1101,2025-01-01T14:45:00+05:30,794.15,794.15,793.1,793.45,209432
1102,2025-01-01T15:00:00+05:30,793.45,793.65,792.15,793.3,436398
1103,2025-01-01T15:15:00+05:30,793.35,794.4,792.9,794.3,595397
1104,2025-01-02T09:15:00+05:30,795.05,797.4,792.6,794.0,416196
1105,2025-01-02T09:30:00+05:30,794.0,794.4,792.2,793.7,298888
1106,2025-01-02T09:45:00+05:30,793.65,793.85,791.5,792.15,280219
1107,2025-01-02T10:00:00+05:30,792.15,792.45,790.15,790.2,288367
1108,2025-01-02T10:15:00+05:30,790.35,792.0,790.1,791.3,227258
1109,2025-01-02T10:30:00+05:30,791.5,791.5,790.25,791.1,164417
1110,2025-01-02T10:45:00+05:30,791.1,792.65,790.6,791.6,273974
1111,2025-01-02T11:00:00+05:30,791.55,792.5,790.6,792.35,226741
1112,2025-01-02T11:15:00+05:30,792.35,793.05,791.95,792.2,306574
1113,2025-01-02T11:30:00+05:30,792.2,792.7,789.5,790.2,381835
1114,2025-01-02T11:45:00+05:30,790.25,790.35,787.0,788.2,493166
1115,2025-01-02T12:00:00+05:30,788.25,788.8,787.5,787.85,286615
1116,2025-01-02T12:15:00+05:30,787.85,790.55,787.3,790.1,290649
1117,2025-01-02T12:30:00+05:30,790.1,794.95,790.1,794.05,835190
1118,2025-01-02T12:45:00+05:30,794.05,794.7,793.55,794.1,513073
1119,2025-01-02T13:00:00+05:30,794.25,795.95,793.7,795.1,481188
1120,2025-01-02T13:15:00+05:30,795.1,799.0,795.0,795.8,869760
1121,2025-01-02T13:30:00+05:30,795.9,802.4,795.7,801.55,919063
1122,2025-01-02T13:45:00+05:30,801.55,801.7,798.45,799.2,384304
1123,2025-01-02T14:00:00+05:30,799.2,800.0,798.1,799.15,263200
1124,2025-01-02T14:15:00+05:30,799.25,800.45,798.55,798.7,291111
1125,2025-01-02T14:30:00+05:30,798.7,799.6,798.05,798.25,354528
1126,2025-01-02T14:45:00+05:30,798.45,801.25,798.1,800.25,486837
1127,2025-01-02T15:00:00+05:30,800.3,801.55,799.5,801.25,803643
1128,2025-01-02T15:15:00+05:30,801.3,802.35,800.75,802.25,1246539
1129,2025-01-03T09:15:00+05:30,801.2,809.5,800.25,808.0,924980
1130,2025-01-03T09:30:00+05:30,808.0,809.5,804.0,804.0,685570
1131,2025-01-03T09:45:00+05:30,804.0,806.15,802.7,803.05,379213
1132,2025-01-03T10:00:00+05:30,803.0,804.75,801.7,802.2,346715
1133,2025-01-03T10:15:00+05:30,802.2,803.45,800.55,800.8,333007
1134,2025-01-03T10:30:00+05:30,800.75,800.85,798.75,799.3,450121
1135,2025-01-03T10:45:00+05:30,799.15,799.85,798.2,799.25,307232
1136,2025-01-03T11:00:00+05:30,799.1,801.05,798.6,800.75,536974
1137,2025-01-03T11:15:00+05:30,800.85,802.5,800.1,801.7,588865
1138,2025-01-03T11:30:00+05:30,801.8,802.8,800.55,802.3,590248
1139,2025-01-03T11:45:00+05:30,802.4,802.5,800.65,801.45,713669
1140,2025-01-03T12:00:00+05:30,801.4,801.5,798.8,799.3,582509
1141,2025-01-03T12:15:00+05:30,799.3,799.5,796.95,797.6,1003684
1142,2025-01-03T12:30:00+05:30,797.6,799.7,797.4,799.1,181221
1143,2025-01-03T12:45:00+05:30,799.1,800.5,798.55,799.85,266723
1144,2025-01-03T13:00:00+05:30,799.85,801.0,799.25,799.6,212059
1145,2025-01-03T13:15:00+05:30,799.6,800.8,798.8,800.1,214996
1146,2025-01-03T13:30:00+05:30,800.05,800.5,799.05,799.85,165702
1147,2025-01-03T13:45:00+05:30,799.85,799.85,797.05,797.2,286302
1148,2025-01-03T14:00:00+05:30,797.2,797.45,795.0,795.7,505051
1149,2025-01-03T14:15:00+05:30,795.7,795.95,793.4,794.0,754595
1150,2025-01-03T14:30:00+05:30,793.95,794.5,792.55,793.3,602326
1151,2025-01-03T14:45:00+05:30,793.5,794.15,793.0,793.65,650870
1152,2025-01-03T15:00:00+05:30,793.65,794.0,792.15,793.45,965447
1153,2025-01-03T15:15:00+05:30,793.35,795.0,792.85,793.3,1032929
1154,2025-01-06T09:15:00+05:30,797.4,797.6,788.5,788.85,590049
1155,2025-01-06T09:30:00+05:30,788.85,789.85,784.0,784.0,565406
1156,2025-01-06T09:45:00+05:30,784.0,786.4,782.55,785.3,450186
1157,2025-01-06T10:00:00+05:30,785.3,788.9,785.05,788.9,371381
1158,2025-01-06T10:15:00+05:30,788.85,789.8,788.05,788.85,492102
1159,2025-01-06T10:30:00+05:30,789.1,789.95,785.7,786.1,358404
1160,2025-01-06T10:45:00+05:30,786.0,787.1,784.05,786.05,586982
1161,2025-01-06T11:00:00+05:30,786.1,786.15,782.0,783.2,513958
1162,2025-01-06T11:15:00+05:30,783.2,785.2,781.2,784.4,497963
1163,2025-01-06T11:30:00+05:30,784.4,785.45,782.25,782.7,301184
1164,2025-01-06T11:45:00+05:30,782.7,782.9,778.05,779.0,848703
1165,2025-01-06T12:00:00+05:30,778.85,784.0,778.85,783.9,348776
1166,2025-01-06T12:15:00+05:30,783.9,783.95,781.25,781.25,181548
1167,2025-01-06T12:30:00+05:30,781.45,784.65,781.2,782.75,196212
1168,2025-01-06T12:45:00+05:30,782.55,784.5,780.75,781.8,444987
1169,2025-01-06T13:00:00+05:30,781.75,782.7,779.45,779.9,324683
1170,2025-01-06T13:15:00+05:30,779.9,780.05,776.7,777.2,512228
1171,2025-01-06T13:30:00+05:30,777.0,777.25,775.45,775.9,323971
1172,2025-01-06T13:45:00+05:30,775.7,775.95,773.15,775.0,463355
1173,2025-01-06T14:00:00+05:30,775.0,777.45,774.15,774.9,285977
1174,2025-01-06T14:15:00+05:30,774.7,777.15,774.3,775.7,345307
1175,2025-01-06T14:30:00+05:30,775.7,776.35,773.55,774.0,450990
1176,2025-01-06T14:45:00+05:30,774.1,776.5,774.0,775.95,401930
1177,2025-01-06T15:00:00+05:30,775.9,777.5,774.8,775.7,809437
1178,2025-01-06T15:15:00+05:30,775.65,779.1,775.2,778.4,730141
1179,2025-01-07T09:15:00+05:30,779.85,783.6,778.85,780.35,924735
1180,2025-01-07T09:30:00+05:30,780.15,783.85,780.15,782.45,343644
1181,2025-01-07T09:45:00+05:30,782.45,782.75,776.0,777.0,479831
1182,2025-01-07T10:00:00+05:30,776.95,780.8,775.7,780.8,288563
1183,2025-01-07T10:15:00+05:30,780.8,781.5,774.85,776.95,1235182
1184,2025-01-07T10:30:00+05:30,776.95,777.5,774.95,776.6,638771
1185,2025-01-07T10:45:00+05:30,776.6,778.85,775.0,776.0,288615
1186,2025-01-07T11:00:00+05:30,776.2,777.7,775.65,776.75,264349
1187,2025-01-07T11:15:00+05:30,776.9,778.3,776.0,778.15,225799
1188,2025-01-07T11:30:00+05:30,778.15,780.0,777.5,778.6,310831
1189,2025-01-07T11:45:00+05:30,778.6,780.8,778.5,779.8,257891
1190,2025-01-07T12:00:00+05:30,779.8,780.9,779.0,779.85,196403
1191,2025-01-07T12:15:00+05:30,779.85,780.85,779.05,779.4,124110
1192,2025-01-07T12:30:00+05:30,779.4,780.85,778.3,779.15,307454
1193,2025-01-07T12:45:00+05:30,779.15,781.0,778.55,779.65,257038
1194,2025-01-07T13:00:00+05:30,779.65,780.45,779.05,780.0,137344
1195,2025-01-07T13:15:00+05:30,780.2,780.9,779.6,780.2,142322
1196,2025-01-07T13:30:00+05:30,780.5,782.3,780.05,780.05,236768
1197,2025-01-07T13:45:00+05:30,780.15,782.05,779.0,779.35,307148
1198,2025-01-07T14:00:00+05:30,779.5,781.0,778.65,779.8,273648
1199,2025-01-07T14:15:00+05:30,779.8,780.35,779.1,779.3,203443
1200,2025-01-07T14:30:00+05:30,779.5,779.55,777.55,777.85,319456
1201,2025-01-07T14:45:00+05:30,777.75,779.3,776.95,778.75,454673
1202,2025-01-07T15:00:00+05:30,778.75,780.4,778.2,779.15,645864
1203,2025-01-07T15:15:00+05:30,779.0,779.25,777.5,778.4,781527
1204,2025-01-08T09:15:00+05:30,780.75,783.95,776.25,777.25,506337
1205,2025-01-08T09:30:00+05:30,777.45,779.55,775.8,776.75,591896
1206,2025-01-08T09:45:00+05:30,776.5,777.2,774.7,776.25,416175
1207,2025-01-08T10:00:00+05:30,776.25,776.5,774.0,775.75,221215
1208,2025-01-08T10:15:00+05:30,775.5,775.75,771.3,771.7,512018
1209,2025-01-08T10:30:00+05:30,771.7,772.0,767.7,767.8,584257
1210,2025-01-08T10:45:00+05:30,767.8,769.2,767.5,767.8,797770
1211,2025-01-08T11:00:00+05:30,768.0,768.9,766.8,767.7,332628
1212,2025-01-08T11:15:00+05:30,767.7,768.0,765.5,766.0,793833
1213,2025-01-08T11:30:00+05:30,766.0,766.65,763.7,763.95,1176603
1214,2025-01-08T11:45:00+05:30,763.95,764.7,763.0,764.25,373996
1215,2025-01-08T12:00:00+05:30,764.4,764.5,761.0,761.05,649337
1216,2025-01-08T12:15:00+05:30,761.15,764.15,760.5,762.5,1390342
1217,2025-01-08T12:30:00+05:30,762.5,762.75,760.85,761.9,798364
1218,2025-01-08T12:45:00+05:30,761.9,762.2,760.75,761.45,786716
1219,2025-01-08T13:00:00+05:30,761.45,762.0,760.1,761.7,446065
1220,2025-01-08T13:15:00+05:30,761.75,765.5,760.4,764.1,662354
1221,2025-01-08T13:30:00+05:30,764.25,767.45,763.95,766.9,570479
1222,2025-01-08T13:45:00+05:30,766.95,769.0,766.4,768.25,507023
1223,2025-01-08T14:00:00+05:30,768.15,772.85,767.75,772.1,715267
1224,2025-01-08T14:15:00+05:30,772.1,774.35,770.3,770.8,819299
1225,2025-01-08T14:30:00+05:30,770.9,772.5,770.1,771.75,456318
1226,2025-01-08T14:45:00+05:30,771.5,772.2,770.1,770.65,399320
1227,2025-01-08T15:00:00+05:30,770.55,771.9,770.0,771.4,496871
1228,2025-01-08T15:15:00+05:30,771.4,771.9,770.35,771.35,597391
1229,2025-01-09T09:15:00+05:30,771.15,771.35,726.25,764.05,3465819
1230,2025-01-09T09:30:00+05:30,764.05,770.0,762.5,769.4,1159838
1231,2025-01-09T09:45:00+05:30,769.2,770.3,767.0,768.0,690069
1232,2025-01-09T10:00:00+05:30,767.95,770.1,766.65,768.7,824228
1233,2025-01-09T10:15:00+05:30,768.55,768.75,764.4,764.4,645924
1234,2025-01-09T10:30:00+05:30,764.4,765.0,763.5,764.75,308867
1235,2025-01-09T10:45:00+05:30,764.75,764.9,760.0,760.0,428236
1236,2025-01-09T11:00:00+05:30,760.05,761.4,759.4,761.05,497842
1237,2025-01-09T11:15:00+05:30,761.05,762.15,760.15,761.3,264503
1238,2025-01-09T11:30:00+05:30,761.3,762.6,760.75,761.1,224072
1239,2025-01-09T11:45:00+05:30,761.15,762.0,760.55,761.75,254478
1240,2025-01-09T12:00:00+05:30,761.75,762.05,757.6,759.5,799518
1241,2025-01-09T12:15:00+05:30,759.5,763.1,758.6,760.0,535865
1242,2025-01-09T12:30:00+05:30,759.95,762.05,759.6,759.75,300472
1243,2025-01-09T12:45:00+05:30,759.75,759.8,758.0,758.15,225000
1244,2025-01-09T13:00:00+05:30,758.25,759.9,758.1,759.55,160302
1245,2025-01-09T13:15:00+05:30,759.55,761.4,759.05,761.2,230805
1246,2025-01-09T13:30:00+05:30,761.2,763.0,760.5,761.75,311549
1247,2025-01-09T13:45:00+05:30,761.75,762.5,760.2,760.45,351141
1248,2025-01-09T14:00:00+05:30,760.4,762.0,759.75,761.55,377268
1249,2025-01-09T14:15:00+05:30,761.55,762.55,758.85,759.1,403686
1250,2025-01-09T14:30:00+05:30,759.1,760.9,759.1,760.9,419947
1251,2025-01-09T14:45:00+05:30,760.9,761.5,759.8,760.05,684482
1252,2025-01-09T15:00:00+05:30,760.0,761.55,759.7,760.55,852887
1253,2025-01-09T15:15:00+05:30,760.55,762.0,759.15,762.0,880590
1254,2025-01-10T09:15:00+05:30,760.3,763.4,750.35,750.9,902096
1255,2025-01-10T09:30:00+05:30,750.9,752.45,747.2,751.0,633840
1256,2025-01-10T09:45:00+05:30,751.0,751.15,745.55,746.95,899268
1257,2025-01-10T10:00:00+05:30,746.95,749.9,746.2,749.45,434502
1258,2025-01-10T10:15:00+05:30,749.35,750.65,747.0,747.8,536042
1259,2025-01-10T10:30:00+05:30,747.8,750.8,747.05,750.2,279154
1260,2025-01-10T10:45:00+05:30,750.2,751.2,749.3,750.85,270991
1261,2025-01-10T11:00:00+05:30,750.75,754.4,750.7,754.0,687110
1262,2025-01-10T11:15:00+05:30,753.9,755.55,750.7,752.5,439142
1263,2025-01-10T11:30:00+05:30,752.35,753.9,748.5,748.85,361402
1264,2025-01-10T11:45:00+05:30,748.85,749.9,748.1,749.6,239901
1265,2025-01-10T12:00:00+05:30,749.35,749.95,745.25,747.25,539255
1266,2025-01-10T12:15:00+05:30,746.9,748.75,745.0,745.05,476675
1267,2025-01-10T12:30:00+05:30,745.2,747.85,744.35,747.3,357794
1268,2025-01-10T12:45:00+05:30,747.25,748.9,746.8,747.5,238184
1269,2025-01-10T13:00:00+05:30,747.5,750.2,747.0,749.5,278829
1270,2025-01-10T13:15:00+05:30,749.35,750.5,747.5,747.5,295344
1271,2025-01-10T13:30:00+05:30,747.5,748.3,746.0,747.5,299772
1272,2025-01-10T13:45:00+05:30,747.55,748.3,746.55,747.25,155698
1273,2025-01-10T14:00:00+05:30,747.25,747.9,745.2,745.35,319904
1274,2025-01-10T14:15:00+05:30,745.35,746.0,742.1,745.0,735722
1275,2025-01-10T14:30:00+05:30,745.05,745.3,742.35,743.45,412612
1276,2025-01-10T14:45:00+05:30,743.45,744.75,742.5,742.55,411584
1277,2025-01-10T15:00:00+05:30,742.55,744.05,742.45,742.8,588472
1278,2025-01-10T15:15:00+05:30,742.9,745.0,742.05,744.8,942874
1279,2025-01-13T09:15:00+05:30,741.3,741.3,731.0,738.65,1097959
1280,2025-01-13T09:30:00+05:30,738.6,740.95,736.0,738.3,465642
1281,2025-01-13T09:45:00+05:30,738.15,738.8,732.65,733.0,559974
1282,2025-01-13T10:00:00+05:30,732.85,739.8,732.0,739.35,477313
1283,2025-01-13T10:15:00+05:30,739.5,742.55,738.5,741.8,365504
1284,2025-01-13T10:30:00+05:30,741.8,743.15,738.95,741.15,256245
1285,2025-01-13T10:45:00+05:30,740.9,742.9,740.05,740.35,217760
1286,2025-01-13T11:00:00+05:30,740.35,742.4,739.4,741.8,248184
1287,2025-01-13T11:15:00+05:30,741.85,743.95,740.5,740.95,213037
1288,2025-01-13T11:30:00+05:30,740.95,741.0,738.1,739.5,229036
1289,2025-01-13T11:45:00+05:30,739.5,740.1,737.5,737.75,259835
1290,2025-01-13T12:00:00+05:30,737.55,738.85,737.0,737.8,150364
1291,2025-01-13T12:15:00+05:30,737.7,737.8,736.1,737.2,263312
1292,2025-01-13T12:30:00+05:30,737.0,737.6,735.3,736.65,257957
1293,2025-01-13T12:45:00+05:30,736.5,736.7,733.8,734.35,238993
1294,2025-01-13T13:00:00+05:30,734.25,734.95,733.6,734.4,174396
1295,2025-01-13T13:15:00+05:30,734.4,735.85,733.2,734.5,251461
1296,2025-01-13T13:30:00+05:30,734.5,735.3,732.45,732.75,274505
1297,2025-01-13T13:45:00+05:30,732.75,733.35,730.05,730.75,474618
1298,2025-01-13T14:00:00+05:30,730.5,732.6,730.05,731.4,302820
1299,2025-01-13T14:15:00+05:30,731.2,732.6,728.5,729.9,491873
1300,2025-01-13T14:30:00+05:30,729.7,730.3,722.5,727.5,901013
1301,2025-01-13T14:45:00+05:30,727.3,730.0,726.45,729.05,512572
1302,2025-01-13T15:00:00+05:30,728.95,730.0,727.5,729.9,713693
1303,2025-01-13T15:15:00+05:30,729.8,731.45,728.05,728.95,948822
1304,2025-01-14T09:15:00+05:30,732.95,745.9,732.95,745.0,911653
1305,2025-01-14T09:30:00+05:30,744.95,747.25,742.35,744.35,461291
1306,2025-01-14T09:45:00+05:30,744.3,746.5,739.2,740.75,432285
1307,2025-01-14T10:00:00+05:30,740.4,744.5,738.0,743.6,475101
1308,2025-01-14T10:15:00+05:30,743.6,746.25,741.05,745.65,552773
1309,2025-01-14T10:30:00+05:30,745.9,749.75,745.05,749.25,466349
1310,2025-01-14T10:45:00+05:30,749.25,750.7,748.95,750.4,448849
1311,2025-01-14T11:00:00+05:30,750.15,752.5,750.15,752.25,489616
1312,2025-01-14T11:15:00+05:30,752.2,754.0,751.0,752.85,612622
1313,2025-01-14T11:30:00+05:30,752.85,753.25,751.2,751.5,358644
1314,2025-01-14T11:45:00+05:30,751.6,751.95,750.05,750.75,382011
1315,2025-01-14T12:00:00+05:30,750.7,751.0,749.7,750.7,245248
1316,2025-01-14T12:15:00+05:30,750.65,751.35,748.0,749.45,356473
1317,2025-01-14T12:30:00+05:30,749.45,750.6,747.9,750.0,220520
1318,2025-01-14T12:45:00+05:30,750.15,752.0,750.0,750.8,252744
1319,2025-01-14T13:00:00+05:30,750.8,752.05,750.0,752.05,299979
1320,2025-01-14T13:15:00+05:30,752.0,753.6,751.65,753.45,260005
1321,2025-01-14T13:30:00+05:30,753.4,753.45,752.25,752.5,249162
1322,2025-01-14T13:45:00+05:30,752.5,752.9,750.95,751.7,254511
1323,2025-01-14T14:00:00+05:30,751.7,753.3,750.35,752.8,416713
1324,2025-01-14T14:15:00+05:30,752.8,757.0,752.65,754.85,880130
1325,2025-01-14T14:30:00+05:30,754.95,755.4,747.4,748.1,654332
1326,2025-01-14T14:45:00+05:30,748.1,748.85,746.25,748.15,613360
1327,2025-01-14T15:00:00+05:30,748.15,748.9,745.75,747.4,796230
1328,2025-01-14T15:15:00+05:30,747.4,750.9,747.05,750.5,815572
1329,2025-01-15T09:15:00+05:30,753.2,756.25,751.0,753.25,754246
1330,2025-01-15T09:30:00+05:30,753.3,753.75,750.0,753.35,455093
1331,2025-01-15T09:45:00+05:30,753.35,757.0,753.0,755.9,471035
1332,2025-01-15T10:00:00+05:30,755.75,757.9,755.0,757.3,351769
1333,2025-01-15T10:15:00+05:30,757.3,758.9,756.0,756.5,315807
1334,2025-01-15T10:30:00+05:30,756.5,758.0,756.15,756.95,200599
1335,2025-01-15T10:45:00+05:30,756.95,757.85,756.5,756.55,215943
1336,2025-01-15T11:00:00+05:30,756.75,757.5,755.0,756.8,285741
1337,2025-01-15T11:15:00+05:30,756.8,757.5,756.1,756.5,100991
1338,2025-01-15T11:30:00+05:30,756.35,756.5,754.55,755.6,212331
1339,2025-01-15T11:45:00+05:30,755.6,757.5,755.4,756.95,126928
1340,2025-01-15T12:00:00+05:30,756.95,758.5,756.65,757.5,185413
1341,2025-01-15T12:15:00+05:30,757.35,758.2,756.05,757.1,159142
1342,2025-01-15T12:30:00+05:30,757.0,757.95,757.0,757.75,105772
1343,2025-01-15T12:45:00+05:30,757.6,758.3,757.0,757.0,189117
1344,2025-01-15T13:00:00+05:30,757.05,757.1,754.2,754.55,352355
1345,2025-01-15T13:15:00+05:30,754.45,754.55,752.0,752.0,373763
1346,2025-01-15T13:30:00+05:30,752.0,753.5,750.9,752.3,368948
1347,2025-01-15T13:45:00+05:30,752.25,753.3,750.3,752.2,328606
1348,2025-01-15T14:00:00+05:30,752.2,753.1,751.6,752.45,323463
1349,2025-01-15T14:15:00+05:30,752.25,753.6,751.35,751.5,259346
1350,2025-01-15T14:30:00+05:30,751.5,755.45,751.3,754.35,322037
1351,2025-01-15T14:45:00+05:30,754.35,754.8,753.05,753.2,215195
1352,2025-01-15T15:00:00+05:30,753.5,754.25,752.65,753.75,483027
1353,2025-01-15T15:15:00+05:30,753.7,754.95,752.7,754.95,600552
1354,2025-01-16T09:15:00+05:30,761.0,772.6,760.5,770.6,1833269
1355,2025-01-16T09:30:00+05:30,770.5,772.95,769.2,769.4,466079
1356,2025-01-16T09:45:00+05:30,769.35,770.95,768.55,769.65,294555
1357,2025-01-16T10:00:00+05:30,769.55,771.8,768.35,768.85,305142
1358,2025-01-16T10:15:00+05:30,768.85,774.95,768.65,773.1,701894
1359,2025-01-16T10:30:00+05:30,773.1,776.7,772.9,774.85,858578
1360,2025-01-16T10:45:00+05:30,774.85,774.9,770.15,771.05,472904
1361,2025-01-16T11:00:00+05:30,771.05,773.2,769.65,769.9,350750
1362,2025-01-16T11:15:00+05:30,769.7,770.4,767.65,767.85,436654
1363,2025-01-16T11:30:00+05:30,767.85,768.95,767.25,768.0,203491
1364,2025-01-16T11:45:00+05:30,767.7,768.0,763.5,764.05,368837
1365,2025-01-16T12:00:00+05:30,764.05,765.25,762.05,763.4,306713
1366,2025-01-16T12:15:00+05:30,763.45,764.0,762.65,763.75,370036
1367,2025-01-16T12:30:00+05:30,763.45,765.5,763.35,764.8,432428
1368,2025-01-16T12:45:00+05:30,764.5,766.8,764.45,766.15,345223
1369,2025-01-16T13:00:00+05:30,766.0,768.5,765.0,766.4,348052
1370,2025-01-16T13:15:00+05:30,766.4,766.8,765.1,765.5,147061
1371,2025-01-16T13:30:00+05:30,765.5,766.5,764.5,765.9,163990
1372,2025-01-16T13:45:00+05:30,766.0,767.55,765.75,766.55,216803
1373,2025-01-16T14:00:00+05:30,766.6,767.95,766.35,767.6,159689
1374,2025-01-16T14:15:00+05:30,767.6,767.6,763.75,763.9,329120
1375,2025-01-16T14:30:00+05:30,763.9,764.85,763.0,764.5,285221
1376,2025-01-16T14:45:00+05:30,764.7,764.85,763.3,764.2,268940
1377,2025-01-16T15:00:00+05:30,764.2,766.55,763.7,766.55,956435
1378,2025-01-16T15:15:00+05:30,766.55,768.05,765.6,767.0,1144946
1379,2025-01-17T09:15:00+05:30,766.0,767.85,761.5,766.05,591287
1380,2025-01-17T09:30:00+05:30,766.35,767.95,763.65,764.25,289859
1381,2025-01-17T09:45:00+05:30,764.25,766.3,763.05,765.7,195199
1382,2025-01-17T10:00:00+05:30,765.7,767.0,765.1,766.4,144276
1383,2025-01-17T10:15:00+05:30,766.3,767.4,765.55,767.3,197185
1384,2025-01-17T10:30:00+05:30,767.3,767.4,763.5,763.5,207996
1385,2025-01-17T10:45:00+05:30,763.5,764.75,761.35,761.7,285538
1386,2025-01-17T11:00:00+05:30,761.8,762.5,760.6,761.7,215609
1387,2025-01-17T11:15:00+05:30,761.7,762.8,761.0,761.85,234766
1388,2025-01-17T11:30:00+05:30,762.0,763.8,761.55,761.75,206006
1389,2025-01-17T11:45:00+05:30,761.75,762.4,760.7,762.1,141650
1390,2025-01-17T12:00:00+05:30,762.05,764.4,762.0,762.25,152540
1391,2025-01-17T12:15:00+05:30,762.25,764.75,761.5,762.0,226915
1392,2025-01-17T12:30:00+05:30,761.9,763.95,761.85,763.25,160885
1393,2025-01-17T12:45:00+05:30,763.25,763.5,762.3,762.35,107343
1394,2025-01-17T13:00:00+05:30,762.45,762.65,761.5,761.6,120942
1395,2025-01-17T13:15:00+05:30,761.6,761.75,760.05,760.5,184367
1396,2025-01-17T13:30:00+05:30,760.8,761.9,759.4,760.6,199653
1397,2025-01-17T13:45:00+05:30,760.6,762.4,760.35,761.7,104017
1398,2025-01-17T14:00:00+05:30,761.7,763.0,760.8,762.9,176020
1399,2025-01-17T14:15:00+05:30,762.9,764.55,762.35,763.7,266778
1400,2025-01-17T14:30:00+05:30,763.65,765.0,763.65,764.45,247747
1401,2025-01-17T14:45:00+05:30,764.3,765.9,763.55,765.7,204851
1402,2025-01-17T15:00:00+05:30,765.7,765.7,763.1,764.45,412882
1403,2025-01-17T15:15:00+05:30,764.45,764.95,762.95,763.8,445168
1404,2025-01-20T09:15:00+05:30,769.75,773.3,767.85,771.8,908107
1405,2025-01-20T09:30:00+05:30,771.8,774.85,770.45,774.6,462981
1406,2025-01-20T09:45:00+05:30,774.6,776.75,773.75,775.0,575685
1407,2025-01-20T10:00:00+05:30,775.0,777.0,774.6,775.75,374854
1408,2025-01-20T10:15:00+05:30,775.75,777.8,774.5,777.0,287134
1409,2025-01-20T10:30:00+05:30,776.9,777.15,773.6,774.0,294814
1410,2025-01-20T10:45:00+05:30,774.0,775.9,773.2,775.0,348859
1411,2025-01-20T11:00:00+05:30,775.0,778.75,774.95,775.95,764788
1412,2025-01-20T11:15:00+05:30,775.95,779.45,775.85,778.7,397095
1413,2025-01-20T11:30:00+05:30,778.7,781.9,778.7,781.7,488690
1414,2025-01-20T11:45:00+05:30,781.7,783.35,780.4,782.0,591978
1415,2025-01-20T12:00:00+05:30,782.0,783.0,780.7,781.4,277127
1416,2025-01-20T12:15:00+05:30,781.4,782.95,780.75,781.45,253397
1417,2025-01-20T12:30:00+05:30,781.4,782.2,780.5,781.0,214973
1418,2025-01-20T12:45:00+05:30,781.0,781.8,780.65,781.15,145726
1419,2025-01-20T13:00:00+05:30,781.15,783.85,780.75,783.55,355577
1420,2025-01-20T13:15:00+05:30,783.55,785.0,783.0,783.0,308796
1421,2025-01-20T13:30:00+05:30,783.2,783.45,782.3,782.6,142437
1422,2025-01-20T13:45:00+05:30,782.65,784.0,782.3,782.8,259632
1423,2025-01-20T14:00:00+05:30,782.85,783.8,781.8,781.85,170081
1424,2025-01-20T14:15:00+05:30,782.0,783.15,781.0,781.25,185744
1425,2025-01-20T14:30:00+05:30,781.15,781.5,780.15,780.8,257146
1426,2025-01-20T14:45:00+05:30,780.85,781.0,780.15,780.5,211281
1427,2025-01-20T15:00:00+05:30,780.5,780.8,779.1,779.8,432753
1428,2025-01-20T15:15:00+05:30,779.6,780.0,777.6,778.5,443458
1429,2025-01-21T09:15:00+05:30,784.5,784.9,774.7,775.8,663439
1430,2025-01-21T09:30:00+05:30,776.0,776.5,773.75,773.85,388370
1431,2025-01-21T09:45:00+05:30,773.95,774.0,771.5,772.4,340259
1432,2025-01-21T10:00:00+05:30,772.3,773.25,770.25,771.05,294534
1433,2025-01-21T10:15:00+05:30,771.05,771.05,765.0,765.6,541620
1434,2025-01-21T10:30:00+05:30,765.6,767.9,764.0,766.5,356146
1435,2025-01-21T10:45:00+05:30,766.8,767.85,765.55,765.55,219140
1436,2025-01-21T11:00:00+05:30,765.55,765.7,763.15,764.6,263698
1437,2025-01-21T11:15:00+05:30,764.8,765.3,761.6,761.8,279803
1438,2025-01-21T11:30:00+05:30,761.75,765.5,761.65,765.1,319807
1439,2025-01-21T11:45:00+05:30,765.2,774.65,765.1,770.75,1836624
1440,2025-01-21T12:00:00+05:30,770.75,771.45,765.7,766.0,538869
1441,2025-01-21T12:15:00+05:30,765.9,766.05,761.75,763.35,741937
1442,2025-01-21T12:30:00+05:30,763.25,764.8,762.6,763.7,294056
1443,2025-01-21T12:45:00+05:30,763.6,767.5,763.3,766.25,432481
1444,2025-01-21T13:00:00+05:30,766.1,768.75,765.8,766.85,253237
1445,2025-01-21T13:15:00+05:30,766.75,768.0,763.1,767.5,450252
1446,2025-01-21T13:30:00+05:30,767.6,768.0,766.0,767.25,285066
1447,2025-01-21T13:45:00+05:30,767.05,767.55,765.45,766.4,277251
1448,2025-01-21T14:00:00+05:30,766.35,767.4,764.5,764.7,269401
1449,2025-01-21T14:15:00+05:30,764.7,765.45,762.5,763.7,406321
1450,2025-01-21T14:30:00+05:30,763.7,764.5,756.25,756.95,1118586
1451,2025-01-21T14:45:00+05:30,756.95,759.8,756.05,759.2,830380
1452,2025-01-21T15:00:00+05:30,759.35,760.5,757.6,758.9,1252675
1453,2025-01-21T15:15:00+05:30,758.9,760.0,758.3,759.8,1044227
1454,2025-01-22T09:15:00+05:30,762.05,763.0,753.55,755.6,917136
1455,2025-01-22T09:30:00+05:30,755.6,757.35,753.35,753.5,616246
1456,2025-01-22T09:45:00+05:30,753.4,754.9,751.25,754.05,459079
1457,2025-01-22T10:00:00+05:30,754.0,756.5,753.35,755.6,223324
1458,2025-01-22T10:15:00+05:30,755.45,755.9,752.75,755.0,169261
1459,2025-01-22T10:30:00+05:30,755.0,756.2,753.35,754.4,171283
1460,2025-01-22T10:45:00+05:30,754.15,755.75,751.5,752.1,272692
1461,2025-01-22T11:00:00+05:30,752.05,752.35,750.0,750.3,318470
1462,2025-01-22T11:15:00+05:30,750.2,750.5,748.0,749.0,308915
1463,2025-01-22T11:30:00+05:30,749.05,749.7,747.5,747.95,177108
1464,2025-01-22T11:45:00+05:30,747.95,749.3,747.15,748.05,182650
1465,2025-01-22T12:00:00+05:30,748.0,748.5,746.25,747.3,260353
1466,2025-01-22T12:15:00+05:30,747.0,748.3,743.5,745.25,498018
1467,2025-01-22T12:30:00+05:30,745.25,747.45,745.0,745.25,241292
1468,2025-01-22T12:45:00+05:30,745.45,746.0,744.1,744.3,179447
1469,2025-01-22T13:00:00+05:30,744.25,744.4,741.6,744.3,338981
1470,2025-01-22T13:15:00+05:30,744.2,744.4,742.05,742.55,149701
1471,2025-01-22T13:30:00+05:30,742.45,743.15,740.0,740.4,306753
1472,2025-01-22T13:45:00+05:30,740.15,741.65,738.0,739.15,335396
1473,2025-01-22T14:00:00+05:30,739.1,742.25,738.5,740.45,414552
1474,2025-01-22T14:15:00+05:30,740.3,744.85,740.05,743.6,574270
1475,2025-01-22T14:30:00+05:30,743.6,747.5,743.0,746.9,565171
1476,2025-01-22T14:45:00+05:30,746.9,751.2,745.05,751.15,726594
1477,2025-01-22T15:00:00+05:30,751.15,755.05,751.0,754.95,746552
1478,2025-01-22T15:15:00+05:30,754.95,755.2,752.2,753.45,717716
1479,2025-01-23T09:15:00+05:30,750.7,751.7,743.4,744.1,1042744
1480,2025-01-23T09:30:00+05:30,744.05,747.85,743.1,747.3,637308
1481,2025-01-23T09:45:00+05:30,747.25,749.75,745.8,748.05,427472
1482,2025-01-23T10:00:00+05:30,748.05,751.95,747.5,750.55,472541
1483,2025-01-23T10:15:00+05:30,750.55,753.0,750.3,751.85,400468
1484,2025-01-23T10:30:00+05:30,751.7,752.35,748.85,749.85,280821
1485,2025-01-23T10:45:00+05:30,749.85,750.6,746.35,747.9,333949
1486,2025-01-23T11:00:00+05:30,747.9,750.65,747.25,748.85,320488
1487,2025-01-23T11:15:00+05:30,748.85,749.15,747.75,748.8,129759
1488,2025-01-23T11:30:00+05:30,748.75,749.7,747.5,747.7,199306
1489,2025-01-23T11:45:00+05:30,747.75,748.5,746.05,747.6,217880
1490,2025-01-23T12:00:00+05:30,747.55,747.8,746.15,747.65,156207
1491,2025-01-23T12:15:00+05:30,747.65,748.95,746.6,748.9,216897
1492,2025-01-23T12:30:00+05:30,748.9,751.5,748.6,749.5,313341
1493,2025-01-23T12:45:00+05:30,749.5,750.95,748.85,750.7,248748
1494,2025-01-23T13:00:00+05:30,750.75,751.7,750.0,751.15,234305
1495,2025-01-23T13:15:00+05:30,751.15,752.1,750.45,750.55,304873
1496,2025-01-23T13:30:00+05:30,750.55,753.5,749.65,752.75,304287
1497,2025-01-23T13:45:00+05:30,752.75,755.65,750.65,751.5,733467
1498,2025-01-23T14:00:00+05:30,751.5,751.85,748.1,748.7,358955
1499,2025-01-23T14:15:00+05:30,748.75,749.75,746.35,746.4,416169
1500,2025-01-23T14:30:00+05:30,746.5,748.75,746.5,748.1,321958
1501,2025-01-23T14:45:00+05:30,748.15,748.6,744.45,746.2,832291
1502,2025-01-23T15:00:00+05:30,746.25,747.1,745.0,745.95,923746
1503,2025-01-23T15:15:00+05:30,745.95,746.65,745.05,746.25,1122564
1504,2025-01-24T09:15:00+05:30,749.6,750.55,745.0,745.05,945058
1505,2025-01-24T09:30:00+05:30,745.05,746.45,742.25,743.9,632935
1506,2025-01-24T09:45:00+05:30,743.9,745.1,741.4,742.75,508860
1507,2025-01-24T10:00:00+05:30,742.75,743.5,741.0,741.4,339260
1508,2025-01-24T10:15:00+05:30,741.4,743.4,739.0,742.4,519382
1509,2025-01-24T10:30:00+05:30,742.4,745.65,741.65,745.2,311334
1510,2025-01-24T10:45:00+05:30,745.05,746.15,744.0,746.0,295075
1511,2025-01-24T11:00:00+05:30,746.1,751.15,745.9,750.0,513293
1512,2025-01-24T11:15:00+05:30,749.85,751.2,748.0,751.0,354406
1513,2025-01-24T11:30:00+05:30,751.15,751.95,748.35,751.95,457855
1514,2025-01-24T11:45:00+05:30,751.9,752.9,751.3,751.7,292107
1515,2025-01-24T12:00:00+05:30,751.7,752.15,749.85,752.0,235095
1516,2025-01-24T12:15:00+05:30,751.9,753.7,751.25,751.75,301568
1517,2025-01-24T12:30:00+05:30,751.65,751.75,748.15,748.5,435037
1518,2025-01-24T12:45:00+05:30,748.4,749.2,747.5,747.85,279857
1519,2025-01-24T13:00:00+05:30,747.8,748.75,746.15,748.05,291758
1520,2025-01-24T13:15:00+05:30,748.05,748.9,746.1,748.8,285079
1521,2025-01-24T13:30:00+05:30,748.75,748.95,746.35,746.75,311953
1522,2025-01-24T13:45:00+05:30,746.75,748.9,745.5,747.45,372565
1523,2025-01-24T14:00:00+05:30,747.4,749.25,746.0,746.15,357626
1524,2025-01-24T14:15:00+05:30,746.05,746.2,744.0,745.45,441565
1525,2025-01-24T14:30:00+05:30,745.55,746.0,742.35,743.0,460779
1526,2025-01-24T14:45:00+05:30,742.95,743.85,741.65,743.2,369911
1527,2025-01-24T15:00:00+05:30,743.2,744.8,742.1,743.45,484634
1528,2025-01-24T15:15:00+05:30,743.45,746.2,743.2,744.5,760094
1529,2025-01-27T09:15:00+05:30,740.25,745.5,735.9,742.6,610564
1530,2025-01-27T09:30:00+05:30,742.35,748.25,741.15,747.85,809345
1531,2025-01-27T09:45:00+05:30,748.0,749.45,745.6,748.0,891695
1532,2025-01-27T10:00:00+05:30,748.0,751.45,747.4,748.5,567331
1533,2025-01-27T10:15:00+05:30,748.5,748.7,742.5,742.5,667736
1534,2025-01-27T10:30:00+05:30,742.55,746.45,742.35,746.3,273477
1535,2025-01-27T10:45:00+05:30,746.2,750.35,746.0,748.0,525982
1536,2025-01-27T11:00:00+05:30,748.25,750.7,747.35,749.8,360406
1537,2025-01-27T11:15:00+05:30,749.8,751.3,748.5,750.25,464044
1538,2025-01-27T11:30:00+05:30,750.25,750.75,748.3,750.2,374044
1539,2025-01-27T11:45:00+05:30,750.2,752.15,750.0,751.5,423352
1540,2025-01-27T12:00:00+05:30,751.6,755.35,751.2,751.65,630852
1541,2025-01-27T12:15:00+05:30,751.7,754.0,751.4,753.9,236210
1542,2025-01-27T12:30:00+05:30,753.75,754.0,750.0,750.35,334779
1543,2025-01-27T12:45:00+05:30,750.7,752.0,749.85,751.2,234307
1544,2025-01-27T13:00:00+05:30,751.5,753.8,750.95,753.7,356318
1545,2025-01-27T13:15:00+05:30,753.7,754.5,751.45,752.0,599832
1546,2025-01-27T13:30:00+05:30,751.85,753.45,750.0,751.8,354300
1547,2025-01-27T13:45:00+05:30,751.8,752.2,747.15,750.65,475764
1548,2025-01-27T14:00:00+05:30,750.5,751.8,750.0,751.15,221772
1549,2025-01-27T14:15:00+05:30,751.15,753.65,750.85,751.5,271309
1550,2025-01-27T14:30:00+05:30,751.4,751.5,749.2,749.8,396801
1551,2025-01-27T14:45:00+05:30,749.8,750.6,747.75,750.0,341557
1552,2025-01-27T15:00:00+05:30,750.05,750.5,749.5,749.95,372593
1553,2025-01-27T15:15:00+05:30,749.95,750.0,747.5,747.5,541484
1554,2025-01-28T09:15:00+05:30,756.95,757.5,751.2,752.45,1029725
1555,2025-01-28T09:30:00+05:30,752.4,752.75,749.25,751.0,610695
1556,2025-01-28T09:45:00+05:30,751.0,752.0,746.65,748.75,617140
1557,2025-01-28T10:00:00+05:30,748.7,751.7,746.75,747.05,446975
1558,2025-01-28T10:15:00+05:30,747.25,750.8,745.4,750.2,527359
1559,2025-01-28T10:30:00+05:30,750.0,750.6,748.05,748.5,383281
1560,2025-01-28T10:45:00+05:30,748.5,750.55,747.5,749.8,401438
1561,2025-01-28T11:00:00+05:30,749.65,751.5,749.55,750.75,749733
1562,2025-01-28T11:15:00+05:30,750.95,751.35,749.15,750.35,674466
1563,2025-01-28T11:30:00+05:30,750.35,752.3,749.1,751.65,576875
1564,2025-01-28T11:45:00+05:30,751.65,752.8,750.0,751.35,288869
1565,2025-01-28T12:00:00+05:30,751.45,753.0,750.65,752.5,230773
1566,2025-01-28T12:15:00+05:30,752.35,752.75,749.3,749.35,431236
1567,2025-01-28T12:30:00+05:30,749.35,751.35,749.0,750.6,301159
1568,2025-01-28T12:45:00+05:30,750.65,754.55,750.4,754.2,371899
1569,2025-01-28T13:00:00+05:30,754.0,756.45,753.5,755.75,511958
1570,2025-01-28T13:15:00+05:30,755.9,756.1,754.55,755.15,302873
1571,2025-01-28T13:30:00+05:30,755.15,756.0,754.35,754.55,357782
1572,2025-01-28T13:45:00+05:30,754.45,755.95,754.35,755.75,465418
1573,2025-01-28T14:00:00+05:30,755.6,756.2,754.55,755.3,462489
1574,2025-01-28T14:15:00+05:30,755.2,756.55,753.35,755.8,471408
1575,2025-01-28T14:30:00+05:30,755.8,759.0,755.45,759.0,594649
1576,2025-01-28T14:45:00+05:30,758.95,759.75,752.8,753.7,1230173
1577,2025-01-28T15:00:00+05:30,753.55,753.8,749.0,752.2,911611
1578,2025-01-28T15:15:00+05:30,752.1,755.05,751.8,752.15,1112911
1579,2025-01-29T09:15:00+05:30,754.0,755.5,749.8,752.95,639825
1580,2025-01-29T09:30:00+05:30,752.5,756.45,752.3,756.15,314610
1581,2025-01-29T09:45:00+05:30,756.0,757.0,755.0,756.5,317864
1582,2025-01-29T10:00:00+05:30,756.35,758.6,755.65,757.85,324031
1583,2025-01-29T10:15:00+05:30,757.8,758.9,756.45,758.0,217264
1584,2025-01-29T10:30:00+05:30,758.0,758.5,756.9,757.6,152699
1585,2025-01-29T10:45:00+05:30,757.55,758.5,757.4,758.35,153144
1586,2025-01-29T11:00:00+05:30,758.35,759.5,757.45,758.1,408704
1587,2025-01-29T11:15:00+05:30,758.05,758.25,753.1,756.05,915265
1588,2025-01-29T11:30:00+05:30,756.1,758.0,755.7,756.8,244468
1589,2025-01-29T11:45:00+05:30,756.85,758.5,756.6,757.85,150075
1590,2025-01-29T12:00:00+05:30,757.85,758.5,756.6,758.15,122555
1591,2025-01-29T12:15:00+05:30,758.15,760.8,758.0,758.65,466202
1592,2025-01-29T12:30:00+05:30,758.55,759.0,757.65,758.1,151432
1593,2025-01-29T12:45:00+05:30,758.1,758.9,757.1,757.55,169387
1594,2025-01-29T13:00:00+05:30,757.55,757.8,755.8,756.85,262073
1595,2025-01-29T13:15:00+05:30,756.8,758.45,756.35,758.35,220091
1596,2025-01-29T13:30:00+05:30,758.35,758.9,757.25,757.9,205166
1597,2025-01-29T13:45:00+05:30,757.8,759.55,757.3,758.35,364700
1598,2025-01-29T14:00:00+05:30,758.3,758.95,757.3,758.7,396263
1599,2025-01-29T14:15:00+05:30,758.65,759.2,757.05,757.35,299832
1600,2025-01-29T14:30:00+05:30,757.35,758.5,756.1,758.35,597342
1601,2025-01-29T14:45:00+05:30,758.4,759.2,757.35,758.0,313810
1602,2025-01-29T15:00:00+05:30,758.0,760.0,757.0,759.15,1114900
1603,2025-01-29T15:15:00+05:30,759.15,759.65,758.05,758.5,711200
1604,2025-01-30T09:15:00+05:30,758.6,760.65,755.0,756.15,771563
1605,2025-01-30T09:30:00+05:30,756.0,757.45,754.75,755.75,515737
1606,2025-01-30T09:45:00+05:30,755.75,758.0,755.15,757.25,372243
1607,2025-01-30T10:00:00+05:30,757.25,760.2,757.05,759.75,432499
1608,2025-01-30T10:15:00+05:30,759.75,761.55,758.8,761.0,587039
1609,2025-01-30T10:30:00+05:30,761.1,761.65,760.95,761.15,262765
1610,2025-01-30T10:45:00+05:30,761.05,762.9,757.4,758.15,438683
1611,2025-01-30T11:00:00+05:30,758.15,760.85,757.15,760.1,413161
1612,2025-01-30T11:15:00+05:30,760.4,761.4,759.65,761.3,259861
1613,2025-01-30T11:30:00+05:30,761.1,761.5,759.55,761.05,362428
1614,2025-01-30T11:45:00+05:30,761.1,762.4,760.85,762.05,241022
1615,2025-01-30T12:00:00+05:30,762.0,762.5,761.6,761.85,188394
1616,2025-01-30T12:15:00+05:30,761.85,762.6,761.15,762.1,271852
1617,2025-01-30T12:30:00+05:30,762.25,762.8,761.3,761.7,405009
1618,2025-01-30T12:45:00+05:30,761.7,762.0,760.0,761.2,295569
1619,2025-01-30T13:00:00+05:30,761.0,761.75,760.25,760.4,310601
1620,2025-01-30T13:15:00+05:30,760.55,761.3,760.3,761.0,195564
1621,2025-01-30T13:30:00+05:30,760.8,762.8,760.65,761.8,450006
1622,2025-01-30T13:45:00+05:30,761.95,762.5,761.0,762.15,550722
1623,2025-01-30T14:00:00+05:30,762.45,763.95,761.65,762.0,529927
1624,2025-01-30T14:15:00+05:30,762.0,762.5,760.1,761.1,473154
1625,2025-01-30T14:30:00+05:30,761.1,761.8,759.1,761.3,538437
1626,2025-01-30T14:45:00+05:30,761.2,761.95,760.3,761.35,398337
1627,2025-01-30T15:00:00+05:30,761.3,762.9,760.65,762.3,854305
1628,2025-01-30T15:15:00+05:30,762.25,765.0,762.2,764.5,942923
1629,2025-01-31T09:15:00+05:30,764.85,764.9,759.5,763.2,472069
1630,2025-01-31T09:30:00+05:30,763.55,763.8,760.0,761.75,321384
1631,2025-01-31T09:45:00+05:30,761.8,763.9,761.2,763.2,328527
1632,2025-01-31T10:00:00+05:30,763.2,763.9,761.05,762.0,291316
1633,2025-01-31T10:15:00+05:30,762.05,766.3,761.2,765.4,370255
1634,2025-01-31T10:30:00+05:30,765.4,767.65,765.35,767.45,556679
1635,2025-01-31T10:45:00+05:30,767.45,769.8,767.0,769.5,462368
1636,2025-01-31T11:00:00+05:30,769.5,769.75,768.0,768.75,275014
1637,2025-01-31T11:15:00+05:30,768.75,769.8,767.05,767.45,321336
1638,2025-01-31T11:30:00+05:30,767.25,770.8,766.9,770.05,409771
1639,2025-01-31T11:45:00+05:30,770.05,772.0,769.2,772.0,339216
1640,2025-01-31T12:00:00+05:30,771.95,774.5,771.8,772.9,427121
1641,2025-01-31T12:15:00+05:30,772.95,775.7,772.1,772.8,498979
1642,2025-01-31T12:30:00+05:30,772.55,773.9,772.35,773.3,148512
1643,2025-01-31T12:45:00+05:30,773.45,774.0,772.4,773.9,142485
1644,2025-01-31T13:00:00+05:30,773.95,774.55,772.2,774.2,188514
1645,2025-01-31T13:15:00+05:30,774.15,777.55,774.1,777.25,593923
1646,2025-01-31T13:30:00+05:30,777.2,777.35,774.0,774.6,302911
1647,2025-01-31T13:45:00+05:30,774.5,774.95,771.55,771.95,464210
1648,2025-01-31T14:00:00+05:30,771.9,772.1,769.25,771.3,487566
1649,2025-01-31T14:15:00+05:30,771.3,773.4,770.0,772.95,342933
1650,2025-01-31T14:30:00+05:30,772.9,773.75,772.1,773.2,271488
1651,2025-01-31T14:45:00+05:30,773.2,773.75,772.5,773.0,254409
1652,2025-01-31T15:00:00+05:30,773.0,773.3,771.75,772.8,755469
1653,2025-01-31T15:15:00+05:30,772.85,774.25,771.0,773.1,999564
1654,2025-02-01T09:15:00+05:30,774.75,777.35,770.1,770.8,391329
1655,2025-02-01T09:30:00+05:30,770.85,775.15,770.75,773.65,292300
1656,2025-02-01T09:45:00+05:30,773.7,776.15,773.3,773.8,338052
1657,2025-02-01T10:00:00+05:30,773.5,775.3,773.45,774.1,146881
1658,2025-02-01T10:15:00+05:30,774.15,774.7,773.15,773.95,114378
1659,2025-02-01T10:30:00+05:30,773.95,775.5,773.5,775.25,150649
1660,2025-02-01T10:45:00+05:30,775.25,776.2,775.15,775.8,161750
1661,2025-02-01T11:00:00+05:30,775.8,776.0,773.35,775.8,292071
1662,2025-02-01T11:15:00+05:30,775.8,778.75,775.0,778.1,330430
1663,2025-02-01T11:30:00+05:30,778.1,778.2,773.35,776.0,230700
1664,2025-02-01T11:45:00+05:30,776.0,776.0,765.05,769.05,562005
1665,2025-02-01T12:00:00+05:30,768.8,772.45,762.0,762.95,838312
1666,2025-02-01T12:15:00+05:30,762.45,769.0,762.45,764.7,346860
1667,2025-02-01T12:30:00+05:30,764.7,765.75,756.95,757.7,653806
1668,2025-02-01T12:45:00+05:30,757.7,758.65,753.5,756.7,636867
1669,2025-02-01T13:00:00+05:30,756.55,758.0,752.15,755.65,342424
1670,2025-02-01T13:15:00+05:30,755.75,759.55,752.45,758.4,458277
1671,2025-02-01T13:30:00+05:30,758.4,762.0,757.0,761.8,440265
1672,2025-02-01T13:45:00+05:30,761.7,763.5,760.1,761.75,288639
1673,2025-02-01T14:00:00+05:30,761.7,765.75,760.15,765.2,422233
1674,2025-02-01T14:15:00+05:30,765.2,766.4,763.35,765.8,291207
1675,2025-02-01T14:30:00+05:30,765.85,766.0,761.45,765.2,665636
1676,2025-02-01T14:45:00+05:30,765.25,766.5,765.0,766.0,218630
1677,2025-02-01T15:00:00+05:30,766.0,766.5,764.8,766.0,329468
1678,2025-02-01T15:15:00+05:30,765.8,767.3,765.05,766.4,381111
1679,2025-02-03T09:15:00+05:30,762.6,762.8,755.55,761.9,674896
1680,2025-02-03T09:30:00+05:30,761.9,762.75,756.0,756.4,467263
1681,2025-02-03T09:45:00+05:30,756.25,757.25,753.5,754.5,403948
1682,2025-02-03T10:00:00+05:30,754.6,759.25,753.8,758.2,246440
1683,2025-02-03T10:15:00+05:30,758.15,761.95,757.05,760.45,445972
1684,2025-02-03T10:30:00+05:30,760.6,762.35,758.8,761.75,291004
1685,2025-02-03T10:45:00+05:30,761.6,762.1,758.0,759.3,411561
1686,2025-02-03T11:00:00+05:30,759.3,760.55,758.0,759.1,565319
1687,2025-02-03T11:15:00+05:30,759.05,760.5,756.2,756.45,342858
1688,2025-02-03T11:30:00+05:30,756.45,756.5,753.15,755.25,412496
1689,2025-02-03T11:45:00+05:30,755.25,756.75,755.2,756.35,144035
1690,2025-02-03T12:00:00+05:30,756.35,757.0,755.5,755.85,156480
1691,2025-02-03T12:15:00+05:30,756.0,756.95,755.5,756.35,144583
1692,2025-02-03T12:30:00+05:30,756.25,756.8,755.0,755.2,152997
1693,2025-02-03T12:45:00+05:30,755.2,756.5,754.7,756.4,198560
1694,2025-02-03T13:00:00+05:30,756.4,759.5,756.0,758.75,303256
1695,2025-02-03T13:15:00+05:30,758.75,759.7,757.55,757.9,220598
1696,2025-02-03T13:30:00+05:30,757.9,760.3,757.6,759.95,252020
1697,2025-02-03T13:45:00+05:30,760.05,760.4,757.5,757.75,173156
1698,2025-02-03T14:00:00+05:30,757.75,762.75,757.45,761.65,303143
1699,2025-02-03T14:15:00+05:30,761.7,761.75,760.0,760.9,171193
1700,2025-02-03T14:30:00+05:30,760.9,760.9,759.75,760.75,161262
1701,2025-02-03T14:45:00+05:30,760.75,761.55,758.9,759.45,246433
1702,2025-02-03T15:00:00+05:30,759.55,762.0,759.45,761.3,438792
1703,2025-02-03T15:15:00+05:30,761.4,762.4,760.1,761.05,475342
1704,2025-02-04T09:15:00+05:30,766.75,772.0,765.65,769.35,589783
1705,2025-02-04T09:30:00+05:30,769.35,776.4,769.3,774.5,693300
1706,2025-02-04T09:45:00+05:30,774.35,776.25,774.2,774.95,319956
1707,2025-02-04T10:00:00+05:30,775.0,775.3,772.05,772.25,292215
1708,2025-02-04T10:15:00+05:30,772.3,773.5,772.0,772.3,397413
1709,2025-02-04T10:30:00+05:30,772.5,773.0,769.15,770.6,530689
1710,2025-02-04T10:45:00+05:30,770.85,773.0,769.5,772.8,406394
1711,2025-02-04T11:00:00+05:30,772.7,775.3,772.05,775.0,256292
1712,2025-02-04T11:15:00+05:30,774.95,776.35,774.3,774.95,236567
1713,2025-02-04T11:30:00+05:30,774.7,775.85,774.65,774.7,194318
1714,2025-02-04T11:45:00+05:30,774.7,776.1,773.5,773.55,304771
1715,2025-02-04T12:00:00+05:30,773.55,774.6,773.0,774.0,119094
1716,2025-02-04T12:15:00+05:30,774.0,774.7,772.55,774.0,237800
1717,2025-02-04T12:30:00+05:30,774.0,777.2,773.8,776.15,427481
1718,2025-02-04T12:45:00+05:30,776.35,778.5,775.25,778.35,287644
1719,2025-02-04T13:00:00+05:30,778.35,780.6,777.15,779.0,632236
1720,2025-02-04T13:15:00+05:30,779.15,779.3,776.8,777.15,413179
1721,2025-02-04T13:30:00+05:30,777.4,779.65,776.9,777.2,405120
1722,2025-02-04T13:45:00+05:30,777.35,778.3,776.1,776.45,441288
1723,2025-02-04T14:00:00+05:30,776.5,777.2,774.6,775.3,639186
1724,2025-02-04T14:15:00+05:30,775.3,776.4,774.5,775.1,495118
1725,2025-02-04T14:30:00+05:30,775.05,781.25,775.0,780.0,703131
1726,2025-02-04T14:45:00+05:30,780.1,780.9,778.4,779.25,867250
1727,2025-02-04T15:00:00+05:30,779.25,780.05,778.5,779.1,1022980
1728,2025-02-04T15:15:00+05:30,779.1,780.2,778.0,778.5,1071895
1729,2025-02-05T09:15:00+05:30,779.95,782.0,774.1,778.7,1133136
1730,2025-02-05T09:30:00+05:30,778.7,779.95,776.2,778.55,699052
1731,2025-02-05T09:45:00+05:30,778.5,778.95,776.45,777.5,443459
1732,2025-02-05T10:00:00+05:30,777.5,778.3,776.05,776.05,447007
1733,2025-02-05T10:15:00+05:30,776.1,776.95,774.4,774.85,567342
1734,2025-02-05T10:30:00+05:30,774.9,775.05,772.5,774.45,793808
1735,2025-02-05T10:45:00+05:30,774.25,777.0,774.05,775.7,756935
1736,2025-02-05T11:00:00+05:30,775.65,776.1,774.35,774.9,230204
1737,2025-02-05T11:15:00+05:30,774.9,775.0,772.75,773.6,372225
1738,2025-02-05T11:30:00+05:30,773.6,774.5,773.05,774.05,188440
1739,2025-02-05T11:45:00+05:30,774.0,774.5,772.0,772.3,359053
1740,2025-02-05T12:00:00+05:30,772.3,772.65,768.55,769.2,891043
1741,2025-02-05T12:15:00+05:30,769.05,770.9,767.05,769.1,805665
1742,2025-02-05T12:30:00+05:30,769.1,770.6,768.05,769.8,356181
1743,2025-02-05T12:45:00+05:30,769.85,770.9,769.5,769.9,209174
1744,2025-02-05T13:00:00+05:30,769.9,771.15,768.75,771.1,288043
1745,2025-02-05T13:15:00+05:30,771.0,771.7,770.65,771.0,225267
1746,2025-02-05T13:30:00+05:30,771.0,771.8,770.8,771.15,152451
1747,2025-02-05T13:45:00+05:30,771.05,772.0,770.55,771.9,163943
1748,2025-02-05T14:00:00+05:30,771.85,772.5,768.3,768.4,452824
1749,2025-02-05T14:15:00+05:30,768.4,769.15,767.0,768.4,514601
1750,2025-02-05T14:30:00+05:30,768.55,769.55,768.0,768.4,335113
1751,2025-02-05T14:45:00+05:30,768.5,768.95,767.55,768.5,317920
1752,2025-02-05T15:00:00+05:30,768.5,769.2,765.1,765.85,1350975
1753,2025-02-05T15:15:00+05:30,765.8,766.25,765.0,765.5,1271002
1754,2025-02-06T09:15:00+05:30,768.8,770.85,763.7,764.4,1417106
1755,2025-02-06T09:30:00+05:30,764.2,765.6,762.05,763.95,635488
1756,2025-02-06T09:45:00+05:30,763.8,766.3,763.5,764.4,436979
1757,2025-02-06T10:00:00+05:30,764.45,765.0,763.0,763.9,286391
1758,2025-02-06T10:15:00+05:30,763.9,766.95,763.3,765.85,393851
1759,2025-02-06T10:30:00+05:30,765.95,767.75,765.6,766.6,673139
1760,2025-02-06T10:45:00+05:30,766.55,766.6,763.2,764.05,516352
1761,2025-02-06T11:00:00+05:30,763.95,765.3,762.1,762.6,620930
1762,2025-02-06T11:15:00+05:30,762.6,764.15,761.5,763.4,433773
1763,2025-02-06T11:30:00+05:30,763.4,763.8,761.65,762.9,1565508
1764,2025-02-06T11:45:00+05:30,762.75,763.25,760.35,761.0,360788
1765,2025-02-06T12:00:00+05:30,761.15,762.05,760.15,761.05,411354
1766,2025-02-06T12:15:00+05:30,761.05,761.4,757.2,759.35,936322
1767,2025-02-06T12:30:00+05:30,759.4,759.85,757.25,758.25,391132
1768,2025-02-06T12:45:00+05:30,758.25,759.05,755.75,756.7,528556
1769,2025-02-06T13:00:00+05:30,756.7,759.9,756.55,759.7,530816
1770,2025-02-06T13:15:00+05:30,759.8,760.5,758.8,759.8,356257
1771,2025-02-06T13:30:00+05:30,759.9,761.0,759.8,760.5,266607
1772,2025-02-06T13:45:00+05:30,760.6,760.8,756.8,758.35,533259
1773,2025-02-06T14:00:00+05:30,758.4,762.0,751.35,756.1,2353069
1774,2025-02-06T14:15:00+05:30,756.4,768.9,753.3,760.15,5677914
1775,2025-02-06T14:30:00+05:30,760.45,764.25,753.0,761.5,2872827
1776,2025-02-06T14:45:00+05:30,761.3,761.5,751.05,753.55,3818413
1777,2025-02-06T15:00:00+05:30,753.9,754.8,750.05,751.4,3486488
1778,2025-02-06T15:15:00+05:30,751.45,754.5,750.3,753.95,3146128
1779,2025-02-07T09:15:00+05:30,759.75,759.9,740.8,742.85,3855571
1780,2025-02-07T09:30:00+05:30,743.15,744.9,741.5,743.95,1741190
1781,2025-02-07T09:45:00+05:30,743.95,744.4,741.65,743.35,1084184
1782,2025-02-07T10:00:00+05:30,743.35,746.9,735.2,741.0,3981911
1783,2025-02-07T10:15:00+05:30,741.25,741.9,733.4,738.85,2739713
1784,2025-02-07T10:30:00+05:30,738.55,744.0,737.85,743.25,1808819
1785,2025-02-07T10:45:00+05:30,743.25,745.0,741.0,744.85,805333
1786,2025-02-07T11:00:00+05:30,744.95,745.2,742.8,744.5,820176
1787,2025-02-07T11:15:00+05:30,744.5,748.45,744.5,747.15,1116260
1788,2025-02-07T11:30:00+05:30,747.0,747.3,743.2,745.65,967325
1789,2025-02-07T11:45:00+05:30,745.7,745.9,744.2,744.25,564850
1790,2025-02-07T12:00:00+05:30,744.25,745.0,738.25,738.6,5544917
1791,2025-02-07T12:15:00+05:30,738.75,740.45,737.0,740.3,798284
1792,2025-02-07T12:30:00+05:30,740.2,741.5,739.25,740.25,663575
1793,2025-02-07T12:45:00+05:30,740.05,740.95,739.5,740.5,390148
1794,2025-02-07T13:00:00+05:30,740.5,742.0,739.35,739.55,466856
1795,2025-02-07T13:15:00+05:30,739.55,740.4,738.5,739.4,473458
1796,2025-02-07T13:30:00+05:30,739.4,740.35,739.25,739.4,359270
1797,2025-02-07T13:45:00+05:30,739.4,740.1,735.15,736.75,890593
1798,2025-02-07T14:00:00+05:30,736.75,737.65,731.75,733.6,1380860
1799,2025-02-07T14:15:00+05:30,733.35,733.95,732.2,733.65,770806
1800,2025-02-07T14:30:00+05:30,733.65,735.1,732.5,733.3,726787
1801,2025-02-07T14:45:00+05:30,733.3,735.3,733.05,735.1,739024
1802,2025-02-07T15:00:00+05:30,735.1,738.15,735.0,738.05,2077618
1803,2025-02-07T15:15:00+05:30,738.05,738.5,736.05,736.4,2250020
1804,2025-02-10T09:15:00+05:30,739.95,743.9,736.45,741.4,1437212
1805,2025-02-10T09:30:00+05:30,741.4,741.95,738.5,739.3,659911
1806,2025-02-10T09:45:00+05:30,739.3,740.95,739.0,739.9,263796
1807,2025-02-10T10:00:00+05:30,739.8,740.45,733.7,734.3,831570
1808,2025-02-10T10:15:00+05:30,734.4,735.5,733.4,735.1,368376
1809,2025-02-10T10:30:00+05:30,735.25,737.15,734.8,736.65,330894
1810,2025-02-10T10:45:00+05:30,736.65,738.25,735.0,737.55,363380
1811,2025-02-10T11:00:00+05:30,737.85,739.7,737.5,738.25,307636
1812,2025-02-10T11:15:00+05:30,738.25,738.5,737.0,737.55,210440
1813,2025-02-10T11:30:00+05:30,737.55,739.0,737.05,738.5,221653
1814,2025-02-10T11:45:00+05:30,738.45,738.8,736.15,736.35,392442
1815,2025-02-10T12:00:00+05:30,736.35,736.65,734.0,736.3,596241
1816,2025-02-10T12:15:00+05:30,736.15,738.5,736.0,738.45,242437
1817,2025-02-10T12:30:00+05:30,738.25,738.5,737.0,737.9,227750
1818,2025-02-10T12:45:00+05:30,738.0,739.4,737.25,738.05,330242
1819,2025-02-10T13:00:00+05:30,738.2,738.5,737.5,738.0,313659
1820,2025-02-10T13:15:00+05:30,737.75,739.0,737.2,738.7,262760
1821,2025-02-10T13:30:00+05:30,738.7,738.85,736.0,736.35,406218
1822,2025-02-10T13:45:00+05:30,736.35,737.9,736.0,737.0,251873
1823,2025-02-10T14:00:00+05:30,737.0,737.15,734.75,734.8,474847
1824,2025-02-10T14:15:00+05:30,734.8,736.1,734.6,735.5,422160
1825,2025-02-10T14:30:00+05:30,735.5,737.5,735.5,736.05,487629
1826,2025-02-10T14:45:00+05:30,736.0,736.75,735.85,736.7,625501
1827,2025-02-10T15:00:00+05:30,736.75,739.45,735.45,737.0,1341779
1828,2025-02-10T15:15:00+05:30,737.0,737.45,735.8,736.5,1233648
1829,2025-02-11T09:15:00+05:30,737.4,740.15,730.25,731.9,1015615
1830,2025-02-11T09:30:00+05:30,731.85,735.0,731.5,733.3,466193
1831,2025-02-11T09:45:00+05:30,733.3,733.3,728.4,729.85,609419
1832,2025-02-11T10:00:00+05:30,729.85,731.1,729.0,730.2,352535
1833,2025-02-11T10:15:00+05:30,730.15,731.4,728.0,730.2,353187
1834,2025-02-11T10:30:00+05:30,730.25,730.55,728.5,728.75,230797
1835,2025-02-11T10:45:00+05:30,728.75,730.2,727.4,730.1,350516
1836,2025-02-11T11:00:00+05:30,730.1,731.8,729.7,731.2,287999
1837,2025-02-11T11:15:00+05:30,731.1,733.65,730.15,731.0,470875
1838,2025-02-11T11:30:00+05:30,731.1,732.4,730.2,731.9,251584
1839,2025-02-11T11:45:00+05:30,731.7,733.25,731.5,732.85,359449
1840,2025-02-11T12:00:00+05:30,732.85,735.85,732.65,735.05,524090
1841,2025-02-11T12:15:00+05:30,735.05,736.0,734.55,735.15,623779
1842,2025-02-11T12:30:00+05:30,735.15,736.8,733.25,734.0,332627
1843,2025-02-11T12:45:00+05:30,733.95,735.0,732.15,733.1,349310
1844,2025-02-11T13:00:00+05:30,733.05,733.1,729.0,729.0,678910
1845,2025-02-11T13:15:00+05:30,729.0,731.3,728.5,729.05,517730
1846,2025-02-11T13:30:00+05:30,729.0,729.9,727.5,729.15,655035
1847,2025-02-11T13:45:00+05:30,729.05,729.8,728.0,728.65,306238
1848,2025-02-11T14:00:00+05:30,728.65,729.4,726.55,728.9,647899
1849,2025-02-11T14:15:00+05:30,728.9,729.4,728.0,729.0,349608
1850,2025-02-11T14:30:00+05:30,729.0,730.6,728.85,730.05,577223
1851,2025-02-11T14:45:00+05:30,730.05,731.75,729.9,730.45,568897
1852,2025-02-11T15:00:00+05:30,730.4,733.15,730.05,731.0,1211254
1853,2025-02-11T15:15:00+05:30,731.05,732.3,730.25,731.0,881659
1854,2025-02-12T09:15:00+05:30,733.25,736.7,729.55,730.05,772186
1855,2025-02-12T09:30:00+05:30,730.25,730.25,722.05,724.4,1061067
1856,2025-02-12T09:45:00+05:30,724.25,725.2,718.4,718.4,1117757
1857,2025-02-12T10:00:00+05:30,718.6,721.5,717.15,719.85,560448
1858,2025-02-12T10:15:00+05:30,719.95,723.15,718.1,722.4,495639
1859,2025-02-12T10:30:00+05:30,722.4,726.4,721.6,724.0,776121
1860,2025-02-12T10:45:00+05:30,724.0,728.45,723.85,725.55,583097
1861,2025-02-12T11:00:00+05:30,725.7,728.9,724.0,728.0,641869
1862,2025-02-12T11:15:00+05:30,728.0,730.4,727.0,728.95,616421
1863,2025-02-12T11:30:00+05:30,729.1,734.65,727.85,734.5,787308
1864,2025-02-12T11:45:00+05:30,734.55,737.55,732.15,735.2,595319
1865,2025-02-12T12:00:00+05:30,735.2,737.7,733.5,735.2,310193
1866,2025-02-12T12:15:00+05:30,734.95,735.4,732.8,734.15,236562
1867,2025-02-12T12:30:00+05:30,734.25,737.0,734.2,735.3,239825
1868,2025-02-12T12:45:00+05:30,735.3,738.7,735.3,736.05,319382
1869,2025-02-12T13:00:00+05:30,736.3,738.25,735.05,737.25,217470
1870,2025-02-12T13:15:00+05:30,737.3,737.9,736.2,737.5,241791
1871,2025-02-12T13:30:00+05:30,737.7,738.3,734.05,735.75,244920
1872,2025-02-12T13:45:00+05:30,735.7,735.9,731.35,731.5,344443
1873,2025-02-12T14:00:00+05:30,731.45,733.35,730.0,731.9,318011
1874,2025-02-12T14:15:00+05:30,731.8,733.35,730.55,731.75,228757
1875,2025-02-12T14:30:00+05:30,731.9,732.8,729.5,731.95,404565
1876,2025-02-12T14:45:00+05:30,732.15,732.7,730.7,732.0,244259
1877,2025-02-12T15:00:00+05:30,732.0,734.15,731.85,733.3,596311
1878,2025-02-12T15:15:00+05:30,733.45,734.0,731.85,732.95,706566
1879,2025-02-13T09:15:00+05:30,734.05,736.1,729.1,729.95,967667
1880,2025-02-13T09:30:00+05:30,729.95,734.05,729.7,733.4,433598
1881,2025-02-13T09:45:00+05:30,733.4,734.0,732.0,733.6,358507
1882,2025-02-13T10:00:00+05:30,733.6,734.4,732.05,732.55,328159
1883,2025-02-13T10:15:00+05:30,732.55,733.1,730.55,732.9,333503
1884,2025-02-13T10:30:00+05:30,732.9,737.5,732.75,735.3,688511
1885,2025-02-13T10:45:00+05:30,735.3,736.15,734.15,734.45,327741
1886,2025-02-13T11:00:00+05:30,734.45,735.2,733.15,735.1,470780
1887,2025-02-13T11:15:00+05:30,735.1,736.45,734.65,735.8,488866
1888,2025-02-13T11:30:00+05:30,735.8,736.25,734.8,735.65,357156
1889,2025-02-13T11:45:00+05:30,735.7,736.85,735.05,735.9,334842
1890,2025-02-13T12:00:00+05:30,735.85,736.75,734.6,735.45,395900
1891,2025-02-13T12:15:00+05:30,735.4,737.2,735.15,735.75,295012
1892,2025-02-13T12:30:00+05:30,735.8,736.45,733.75,734.6,280502
1893,2025-02-13T12:45:00+05:30,734.6,735.35,734.1,734.6,211966
1894,2025-02-13T13:00:00+05:30,734.6,735.25,732.0,732.3,357857
1895,2025-02-13T13:15:00+05:30,732.35,734.3,731.6,732.2,474620
1896,2025-02-13T13:30:00+05:30,732.05,732.35,729.15,730.45,733811
1897,2025-02-13T13:45:00+05:30,730.45,730.6,729.0,729.45,447325
1898,2025-02-13T14:00:00+05:30,729.45,730.65,727.5,728.65,477025
1899,2025-02-13T14:15:00+05:30,728.65,728.8,727.6,728.2,360403
1900,2025-02-13T14:30:00+05:30,728.2,729.25,727.2,729.0,503825
1901,2025-02-13T14:45:00+05:30,729.0,729.8,728.25,729.4,474696
1902,2025-02-13T15:00:00+05:30,729.4,729.95,727.15,727.3,1096228
1903,2025-02-13T15:15:00+05:30,727.45,728.0,726.15,726.8,1135223
1904,2025-02-14T09:15:00+05:30,730.6,732.9,728.1,728.25,565243
1905,2025-02-14T09:30:00+05:30,728.2,731.2,728.1,729.6,287316
1906,2025-02-14T09:45:00+05:30,729.9,731.45,728.35,730.8,279321
1907,2025-02-14T10:00:00+05:30,730.7,732.45,729.55,729.9,316043
1908,2025-02-14T10:15:00+05:30,729.9,731.9,729.75,729.85,190296
1909,2025-02-14T10:30:00+05:30,729.9,730.4,726.0,727.0,635646
1910,2025-02-14T10:45:00+05:30,727.0,729.15,725.0,728.2,567696
1911,2025-02-14T11:00:00+05:30,728.1,729.2,726.1,728.5,520029
1912,2025-02-14T11:15:00+05:30,728.5,728.6,726.3,726.9,247309
1913,2025-02-14T11:30:00+05:30,726.9,727.95,725.6,727.4,331021
1914,2025-02-14T11:45:00+05:30,727.45,728.5,727.1,727.65,409344
1915,2025-02-14T12:00:00+05:30,727.7,727.95,722.0,723.15,473626
1916,2025-02-14T12:15:00+05:30,723.15,723.25,720.55,722.65,289821
1917,2025-02-14T12:30:00+05:30,722.65,724.0,722.0,722.4,251811
1918,2025-02-14T12:45:00+05:30,722.5,722.85,719.7,720.05,262923
1919,2025-02-14T13:00:00+05:30,720.15,720.45,718.5,719.75,291864
1920,2025-02-14T13:15:00+05:30,719.7,721.35,719.4,719.85,239170
1921,2025-02-14T13:30:00+05:30,719.8,720.35,718.0,718.7,298444
1922,2025-02-14T13:45:00+05:30,718.7,719.95,717.3,717.85,311570
1923,2025-02-14T14:00:00+05:30,717.85,718.95,716.2,718.2,389807
1924,2025-02-14T14:15:00+05:30,718.15,721.85,718.05,721.45,440444
1925,2025-02-14T14:30:00+05:30,721.55,725.5,721.05,724.3,1203599
1926,2025-02-14T14:45:00+05:30,724.35,724.95,721.5,723.15,536455
1927,2025-02-14T15:00:00+05:30,723.35,723.8,722.0,722.45,461140
1928,2025-02-14T15:15:00+05:30,722.25,722.5,720.0,720.8,589870
1929,2025-02-17T09:15:00+05:30,719.5,720.7,711.55,719.05,969945
1930,2025-02-17T09:30:00+05:30,719.3,720.6,716.45,718.3,397777
1931,2025-02-17T09:45:00+05:30,718.05,720.45,715.0,716.25,362529
1932,2025-02-17T10:00:00+05:30,716.25,716.4,713.4,714.1,296520
1933,2025-02-17T10:15:00+05:30,714.1,717.4,713.2,717.3,292386
1934,2025-02-17T10:30:00+05:30,717.3,722.4,716.2,720.8,570422
1935,2025-02-17T10:45:00+05:30,720.85,722.0,720.1,720.5,304518
1936,2025-02-17T11:00:00+05:30,720.5,721.2,718.45,718.6,436584
1937,2025-02-17T11:15:00+05:30,718.8,721.45,718.7,720.35,316016
1938,2025-02-17T11:30:00+05:30,720.35,722.0,720.15,721.9,223466
1939,2025-02-17T11:45:00+05:30,721.9,723.2,721.0,723.05,218727
1940,2025-02-17T12:00:00+05:30,723.05,724.2,720.9,721.4,409009
1941,2025-02-17T12:15:00+05:30,721.45,722.1,719.5,720.7,345532
1942,2025-02-17T12:30:00+05:30,720.7,721.85,719.45,721.2,176444
1943,2025-02-17T12:45:00+05:30,721.1,723.65,721.1,723.0,221971
1944,2025-02-17T13:00:00+05:30,723.25,724.3,721.65,721.7,166390
1945,2025-02-17T13:15:00+05:30,721.95,723.15,721.65,722.9,126013
1946,2025-02-17T13:30:00+05:30,722.85,727.0,722.5,726.05,396486
1947,2025-02-17T13:45:00+05:30,726.3,727.0,723.6,725.1,259825
1948,2025-02-17T14:00:00+05:30,725.1,726.85,724.35,725.0,207061
1949,2025-02-17T14:15:00+05:30,725.0,725.45,724.7,724.85,364852
1950,2025-02-17T14:30:00+05:30,724.75,725.0,723.05,725.0,230630
1951,2025-02-17T14:45:00+05:30,724.9,726.8,723.85,726.4,459849
1952,2025-02-17T15:00:00+05:30,726.45,728.45,726.2,727.6,656743
1953,2025-02-17T15:15:00+05:30,727.6,728.75,726.75,727.9,646339
1954,2025-02-18T09:15:00+05:30,727.7,728.25,719.1,719.3,660289
1955,2025-02-18T09:30:00+05:30,719.3,721.7,717.35,721.0,581591
1956,2025-02-18T09:45:00+05:30,721.0,722.95,720.4,721.8,355843
1957,2025-02-18T10:00:00+05:30,721.75,723.6,720.6,721.25,334508
1958,2025-02-18T10:15:00+05:30,721.2,722.3,719.65,721.2,311119
1959,2025-02-18T10:30:00+05:30,721.2,725.0,720.75,724.05,686474
1960,2025-02-18T10:45:00+05:30,724.0,726.4,723.0,725.85,501979
1961,2025-02-18T11:00:00+05:30,725.8,726.8,723.5,724.8,442879
1962,2025-02-18T11:15:00+05:30,724.75,725.75,724.2,725.0,151208
1963,2025-02-18T11:30:00+05:30,725.0,726.4,724.5,726.15,164784
1964,2025-02-18T11:45:00+05:30,726.0,727.0,724.5,724.65,204592
1965,2025-02-18T12:00:00+05:30,724.6,725.9,724.4,725.25,147970
1966,2025-02-18T12:15:00+05:30,725.5,725.9,724.5,725.3,104660
1967,2025-02-18T12:30:00+05:30,725.35,725.85,724.65,725.0,112131
1968,2025-02-18T12:45:00+05:30,724.95,725.35,722.2,723.3,271987
1969,2025-02-18T13:00:00+05:30,723.2,724.1,722.0,722.95,274690
1970,2025-02-18T13:15:00+05:30,722.65,724.25,722.05,723.6,355135
1971,2025-02-18T13:30:00+05:30,723.5,725.95,723.4,725.05,415480
1972,2025-02-18T13:45:00+05:30,725.05,725.3,723.1,723.85,243737
1973,2025-02-18T14:00:00+05:30,723.7,724.5,722.5,723.3,284848
1974,2025-02-18T14:15:00+05:30,723.3,725.6,723.0,725.6,266150
1975,2025-02-18T14:30:00+05:30,725.6,726.95,724.6,725.6,255869
1976,2025-02-18T14:45:00+05:30,725.6,726.9,725.0,725.9,264018
1977,2025-02-18T15:00:00+05:30,725.9,726.6,725.65,726.15,357757
1978,2025-02-18T15:15:00+05:30,726.15,726.25,724.5,725.5,784081
1979,2025-02-19T09:15:00+05:30,722.2,729.7,722.2,729.25,665731
1980,2025-02-19T09:30:00+05:30,729.2,731.35,728.5,730.6,444931
1981,2025-02-19T09:45:00+05:30,730.6,733.8,730.5,733.1,435805
1982,2025-02-19T10:00:00+05:30,733.05,734.4,731.5,732.9,316711
1983,2025-02-19T10:15:00+05:30,732.85,734.8,732.7,734.15,260028
1984,2025-02-19T10:30:00+05:30,733.95,734.85,732.55,733.55,190196
1985,2025-02-19T10:45:00+05:30,733.6,733.95,729.0,729.75,323901
1986,2025-02-19T11:00:00+05:30,729.85,731.3,729.3,731.25,185347
1987,2025-02-19T11:15:00+05:30,731.2,731.7,728.65,729.55,154476
1988,2025-02-19T11:30:00+05:30,729.3,730.85,729.15,729.85,115738
1989,2025-02-19T11:45:00+05:30,729.75,731.35,729.55,731.3,117544
1990,2025-02-19T12:00:00+05:30,731.1,731.6,730.4,730.6,110158
1991,2025-02-19T12:15:00+05:30,730.55,731.5,729.6,729.85,140638
1992,2025-02-19T12:30:00+05:30,729.7,730.0,727.25,728.15,165020
1993,2025-02-19T12:45:00+05:30,727.95,728.35,726.9,727.6,152943
1994,2025-02-19T13:00:00+05:30,727.6,727.85,725.2,726.5,188018
1995,2025-02-19T13:15:00+05:30,726.55,727.45,726.3,727.1,106247
1996,2025-02-19T13:30:00+05:30,727.15,729.0,726.55,726.75,322523
1997,2025-02-19T13:45:00+05:30,726.7,727.2,725.5,725.8,169558
1998,2025-02-19T14:00:00+05:30,725.75,727.25,725.7,727.05,104325
1999,2025-02-19T14:15:00+05:30,726.9,727.3,723.05,723.2,277748
2000,2025-02-19T14:30:00+05:30,723.2,725.8,723.05,724.8,208408
2001,2025-02-19T14:45:00+05:30,724.75,727.25,724.75,726.95,208380
2002,2025-02-19T15:00:00+05:30,726.95,728.45,725.8,727.5,923558
2003,2025-02-19T15:15:00+05:30,727.5,727.55,725.05,726.0,450179
2004,2025-02-20T09:15:00+05:30,724.65,728.35,723.35,725.6,498658
2005,2025-02-20T09:30:00+05:30,725.55,728.95,725.3,727.7,367287
2006,2025-02-20T09:45:00+05:30,727.45,728.5,725.0,728.45,360218
2007,2025-02-20T10:00:00+05:30,728.45,729.4,727.5,728.3,239260
2008,2025-02-20T10:15:00+05:30,728.3,730.2,728.15,728.6,247143
2009,2025-02-20T10:30:00+05:30,728.4,729.95,728.2,729.2,180165
2010,2025-02-20T10:45:00+05:30,729.25,730.85,728.75,730.0,387137
2011,2025-02-20T11:00:00+05:30,730.05,731.25,730.0,730.6,220060
2012,2025-02-20T11:15:00+05:30,730.55,730.75,730.0,730.2,160856
2013,2025-02-20T11:30:00+05:30,730.25,731.5,730.2,731.0,273760
2014,2025-02-20T11:45:00+05:30,731.05,731.05,729.55,730.0,282571
2015,2025-02-20T12:00:00+05:30,730.0,730.45,729.55,729.55,181263
2016,2025-02-20T12:15:00+05:30,729.55,730.0,729.0,729.5,193980
2017,2025-02-20T12:30:00+05:30,729.6,729.8,728.55,728.7,153260
2018,2025-02-20T12:45:00+05:30,728.8,729.55,728.0,729.5,207587
2019,2025-02-20T13:00:00+05:30,729.4,729.5,728.0,728.05,144848
2020,2025-02-20T13:15:00+05:30,728.05,728.25,727.4,727.7,186127
2021,2025-02-20T13:30:00+05:30,727.7,730.0,727.7,728.9,307352
2022,2025-02-20T13:45:00+05:30,728.9,731.0,728.3,730.0,285652
2023,2025-02-20T14:00:00+05:30,730.0,730.55,729.7,729.9,231918
2024,2025-02-20T14:15:00+05:30,729.9,730.55,729.55,730.05,261116
2025,2025-02-20T14:30:00+05:30,730.05,730.5,729.6,729.75,232094
2026,2025-02-20T14:45:00+05:30,729.65,730.5,729.5,729.9,337448
2027,2025-02-20T15:00:00+05:30,730.0,731.45,729.45,729.65,769821
2028,2025-02-20T15:15:00+05:30,729.65,730.0,728.65,728.85,674463
2029,2025-02-21T09:15:00+05:30,727.3,731.5,726.7,730.2,546056
2030,2025-02-21T09:30:00+05:30,730.15,731.7,728.6,729.05,293509
2031,2025-02-21T09:45:00+05:30,729.05,729.8,727.3,727.6,251931
2032,2025-02-21T10:00:00+05:30,727.6,728.2,724.4,724.65,319621
2033,2025-02-21T10:15:00+05:30,724.5,726.0,723.0,724.15,417076
2034,2025-02-21T10:30:00+05:30,724.15,725.9,724.0,725.7,119612
2035,2025-02-21T10:45:00+05:30,725.65,726.3,724.0,725.95,259416
2036,2025-02-21T11:00:00+05:30,725.7,726.25,724.0,725.0,287591
2037,2025-02-21T11:15:00+05:30,724.85,726.1,724.4,725.55,304947
2038,2025-02-21T11:30:00+05:30,725.45,727.8,725.1,726.85,211233
2039,2025-02-21T11:45:00+05:30,726.8,727.5,726.25,726.5,94068
2040,2025-02-21T12:00:00+05:30,726.5,727.0,726.0,726.25,151553
2041,2025-02-21T12:15:00+05:30,726.25,726.95,726.0,726.1,123056
2042,2025-02-21T12:30:00+05:30,726.05,727.0,725.75,725.9,110186
2043,2025-02-21T12:45:00+05:30,725.7,725.9,724.8,725.0,168188
2044,2025-02-21T13:00:00+05:30,724.85,725.0,723.0,723.85,220233
2045,2025-02-21T13:15:00+05:30,723.75,724.15,722.35,722.4,172467
2046,2025-02-21T13:30:00+05:30,722.4,723.35,720.6,720.95,336821
2047,2025-02-21T13:45:00+05:30,720.9,721.75,720.0,721.45,381183
2048,2025-02-21T14:00:00+05:30,721.3,722.7,721.0,722.4,156223
2049,2025-02-21T14:15:00+05:30,722.3,723.15,720.7,720.85,177116
2050,2025-02-21T14:30:00+05:30,720.75,723.1,720.55,722.7,218811
2051,2025-02-21T14:45:00+05:30,722.5,723.0,721.65,721.95,170017
2052,2025-02-21T15:00:00+05:30,721.9,723.9,721.9,722.9,469054
2053,2025-02-21T15:15:00+05:30,722.95,723.0,720.2,720.35,581719
2054,2025-02-24T09:15:00+05:30,710.65,717.5,710.5,716.15,817385
2055,2025-02-24T09:30:00+05:30,716.15,717.75,713.05,713.95,319807
2056,2025-02-24T09:45:00+05:30,713.9,717.0,713.7,715.85,334607
2057,2025-02-24T10:00:00+05:30,715.7,716.45,714.9,715.55,136305
2058,2025-02-24T10:15:00+05:30,715.45,715.75,713.5,714.25,175451
2059,2025-02-24T10:30:00+05:30,714.25,715.45,713.85,714.35,225903
2060,2025-02-24T10:45:00+05:30,714.35,715.65,714.05,714.65,179901
2061,2025-02-24T11:00:00+05:30,714.55,715.5,714.45,714.8,94021
2062,2025-02-24T11:15:00+05:30,714.7,715.35,714.15,715.25,98162
2063,2025-02-24T11:30:00+05:30,715.2,718.0,715.0,717.7,210500
2064,2025-02-24T11:45:00+05:30,717.7,719.75,717.0,718.15,386655
2065,2025-02-24T12:00:00+05:30,718.15,718.75,717.1,717.75,386447
2066,2025-02-24T12:15:00+05:30,717.7,718.35,717.0,717.4,241404
2067,2025-02-24T12:30:00+05:30,717.3,717.85,716.5,716.75,211730
2068,2025-02-24T12:45:00+05:30,716.75,717.5,716.25,717.0,134226
2069,2025-02-24T13:00:00+05:30,717.05,718.0,716.7,717.0,110079
2070,2025-02-24T13:15:00+05:30,717.0,717.05,715.2,715.8,199624
2071,2025-02-24T13:30:00+05:30,715.7,717.2,715.0,715.4,171194
2072,2025-02-24T13:45:00+05:30,715.4,715.45,714.6,715.25,172226
2073,2025-02-24T14:00:00+05:30,715.3,716.8,714.95,715.1,220146
2074,2025-02-24T14:15:00+05:30,715.1,716.3,714.9,715.45,227966
2075,2025-02-24T14:30:00+05:30,715.25,717.75,715.25,716.7,231478
2076,2025-02-24T14:45:00+05:30,716.75,717.7,716.0,716.4,213809
2077,2025-02-24T15:00:00+05:30,716.5,718.35,715.25,716.4,522817
2078,2025-02-24T15:15:00+05:30,716.35,716.65,715.6,716.2,555806
2079,2025-02-25T09:15:00+05:30,718.95,718.95,714.5,716.35,937628
2080,2025-02-25T09:30:00+05:30,716.05,718.45,715.2,717.45,357610
2081,2025-02-25T09:45:00+05:30,717.45,718.1,716.5,717.0,277778
2082,2025-02-25T10:00:00+05:30,716.95,717.1,716.0,716.35,203102
2083,2025-02-25T10:15:00+05:30,716.35,716.55,714.0,714.45,391396
2084,2025-02-25T10:30:00+05:30,714.4,715.75,714.05,715.0,245632
2085,2025-02-25T10:45:00+05:30,715.0,715.35,714.1,715.0,315967
2086,2025-02-25T11:00:00+05:30,715.2,715.3,714.55,715.0,229034
2087,2025-02-25T11:15:00+05:30,714.85,715.0,714.1,714.4,253307
2088,2025-02-25T11:30:00+05:30,714.4,715.25,713.05,715.25,316376
2089,2025-02-25T11:45:00+05:30,715.25,715.5,714.05,714.35,141888
2090,2025-02-25T12:00:00+05:30,714.35,714.95,713.55,714.6,163818
2091,2025-02-25T12:15:00+05:30,714.6,715.0,714.05,714.35,161359
2092,2025-02-25T12:30:00+05:30,714.4,714.55,713.5,713.5,176500
2093,2025-02-25T12:45:00+05:30,713.6,714.0,713.2,713.5,145035
2094,2025-02-25T13:00:00+05:30,713.5,714.0,712.6,713.25,229323
2095,2025-02-25T13:15:00+05:30,713.4,713.65,712.0,712.3,217796
2096,2025-02-25T13:30:00+05:30,712.25,713.2,712.1,712.7,164086
2097,2025-02-25T13:45:00+05:30,712.7,713.0,712.0,712.3,173939
2098,2025-02-25T14:00:00+05:30,712.25,712.9,711.6,712.3,334563
2099,2025-02-25T14:15:00+05:30,712.55,713.0,712.0,712.0,271845
2100,2025-02-25T14:30:00+05:30,712.1,713.4,711.75,713.15,387324
2101,2025-02-25T14:45:00+05:30,713.0,713.25,711.7,711.95,244112
2102,2025-02-25T15:00:00+05:30,711.95,712.3,710.45,711.1,1066177
2103,2025-02-25T15:15:00+05:30,711.2,711.8,710.0,710.05,1166073
2104,2025-02-27T09:15:00+05:30,715.95,717.7,710.3,710.7,1023045
2105,2025-02-27T09:30:00+05:30,710.7,714.5,709.05,710.85,818392
2106,2025-02-27T09:45:00+05:30,710.85,710.9,707.5,708.2,577973
2107,2025-02-27T10:00:00+05:30,708.2,708.6,706.55,707.15,375173
2108,2025-02-27T10:15:00+05:30,707.3,708.5,706.2,708.3,240422
2109,2025-02-27T10:30:00+05:30,708.35,710.7,708.05,710.4,360666
2110,2025-02-27T10:45:00+05:30,710.5,712.2,710.0,711.55,521749
2111,2025-02-27T11:00:00+05:30,711.6,711.9,709.9,710.35,487101
2112,2025-02-27T11:15:00+05:30,710.4,710.9,709.35,710.0,209222
2113,2025-02-27T11:30:00+05:30,710.0,710.0,707.9,708.4,310074
2114,2025-02-27T11:45:00+05:30,708.45,708.45,707.15,707.85,208577
2115,2025-02-27T12:00:00+05:30,707.85,708.0,706.0,706.2,279242
2116,2025-02-27T12:15:00+05:30,706.4,707.6,706.05,707.1,188915
2117,2025-02-27T12:30:00+05:30,707.15,707.15,706.0,706.65,163405
2118,2025-02-27T12:45:00+05:30,706.65,706.85,705.65,705.95,160090
2119,2025-02-27T13:00:00+05:30,705.95,706.5,705.9,706.3,155422
2120,2025-02-27T13:15:00+05:30,706.3,707.15,706.0,706.7,208770
2121,2025-02-27T13:30:00+05:30,706.7,707.95,705.15,705.85,329941
2122,2025-02-27T13:45:00+05:30,705.9,705.9,705.0,705.65,246904
2123,2025-02-27T14:00:00+05:30,705.65,706.1,704.2,704.55,391375
2124,2025-02-27T14:15:00+05:30,704.55,705.65,704.2,704.75,358751
2125,2025-02-27T14:30:00+05:30,704.75,705.65,703.8,703.9,509515
2126,2025-02-27T14:45:00+05:30,703.9,705.0,703.05,704.65,667802
2127,2025-02-27T15:00:00+05:30,704.7,705.5,704.0,704.75,1723533
2128,2025-02-27T15:15:00+05:30,704.8,705.0,701.1,702.3,1395842
2129,2025-02-28T09:15:00+05:30,700.85,701.35,692.05,695.9,1196024
2130,2025-02-28T09:30:00+05:30,695.75,695.9,691.05,693.7,761827
2131,2025-02-28T09:45:00+05:30,693.45,695.0,692.3,692.5,429889
2132,2025-02-28T10:00:00+05:30,692.7,695.0,692.0,694.95,405665
2133,2025-02-28T10:15:00+05:30,695.0,696.9,694.6,695.2,487686
2134,2025-02-28T10:30:00+05:30,695.2,696.55,694.45,696.0,412737
2135,2025-02-28T10:45:00+05:30,696.1,696.65,694.05,694.1,299612
2136,2025-02-28T11:00:00+05:30,694.05,695.5,693.4,694.55,490864
2137,2025-02-28T11:15:00+05:30,694.35,695.0,693.25,694.9,299065
2138,2025-02-28T11:30:00+05:30,695.0,695.5,692.6,692.8,325257
2139,2025-02-28T11:45:00+05:30,692.8,693.15,691.25,692.25,406888
2140,2025-02-28T12:00:00+05:30,692.15,692.25,690.7,690.9,266574
2141,2025-02-28T12:15:00+05:30,690.8,691.3,690.25,691.0,279516
2142,2025-02-28T12:30:00+05:30,690.9,691.0,685.0,685.0,770083
2143,2025-02-28T12:45:00+05:30,685.05,686.15,682.9,683.05,562527
2144,2025-02-28T13:00:00+05:30,683.05,685.1,682.6,684.2,436984
2145,2025-02-28T13:15:00+05:30,684.15,686.6,683.7,684.85,431782
2146,2025-02-28T13:30:00+05:30,685.0,685.85,684.15,685.1,362500
2147,2025-02-28T13:45:00+05:30,685.15,686.8,684.5,685.6,459686
2148,2025-02-28T14:00:00+05:30,685.65,686.5,684.85,686.0,385936
2149,2025-02-28T14:15:00+05:30,686.0,687.9,685.1,687.35,395123
2150,2025-02-28T14:30:00+05:30,687.3,688.8,685.05,688.7,510011
2151,2025-02-28T14:45:00+05:30,688.7,689.9,688.15,689.9,629232
2152,2025-02-28T15:00:00+05:30,689.9,691.65,688.25,688.5,2620171
2153,2025-02-28T15:15:00+05:30,688.5,690.05,686.95,689.8,2088586
2154,2025-03-03T09:15:00+05:30,690.8,692.75,687.0,687.6,894436
2155,2025-03-03T09:30:00+05:30,687.85,688.6,684.25,684.4,450645
2156,2025-03-03T09:45:00+05:30,684.4,685.0,682.75,684.1,371672
2157,2025-03-03T10:00:00+05:30,684.3,684.4,680.0,680.35,458794
2158,2025-03-03T10:15:00+05:30,680.2,685.5,680.2,685.35,377970
2159,2025-03-03T10:30:00+05:30,685.25,685.45,682.0,682.5,203535
2160,2025-03-03T10:45:00+05:30,682.5,686.5,682.0,686.1,532683
2161,2025-03-03T11:00:00+05:30,686.1,686.6,685.0,686.5,414348
2162,2025-03-03T11:15:00+05:30,686.5,687.85,686.0,687.6,337838
2163,2025-03-03T11:30:00+05:30,687.6,688.3,687.0,687.7,168800
2164,2025-03-03T11:45:00+05:30,687.7,689.4,686.8,687.05,323885
2165,2025-03-03T12:00:00+05:30,687.1,690.15,686.55,690.05,622374
2166,2025-03-03T12:15:00+05:30,690.05,691.85,688.55,690.35,290500
2167,2025-03-03T12:30:00+05:30,690.2,691.0,688.05,689.9,674741
2168,2025-03-03T12:45:00+05:30,689.85,691.95,688.8,689.6,308789
2169,2025-03-03T13:00:00+05:30,689.6,692.7,689.25,692.45,185721
2170,2025-03-03T13:15:00+05:30,692.45,694.45,690.15,690.75,299233
2171,2025-03-03T13:30:00+05:30,690.75,690.9,688.7,689.85,324938
2172,2025-03-03T13:45:00+05:30,690.05,691.55,689.7,689.85,204751
2173,2025-03-03T14:00:00+05:30,689.7,692.5,689.6,691.9,215727
2174,2025-03-03T14:15:00+05:30,691.9,695.0,690.6,694.8,416940
2175,2025-03-03T14:30:00+05:30,694.95,695.75,694.0,695.05,339208
2176,2025-03-03T14:45:00+05:30,695.3,695.45,694.0,694.95,244452
2177,2025-03-03T15:00:00+05:30,694.6,694.95,694.0,694.65,465277
2178,2025-03-03T15:15:00+05:30,694.65,697.4,694.0,696.15,1413474
2179,2025-03-04T09:15:00+05:30,693.3,708.9,692.1,706.95,2188515
2180,2025-03-04T09:30:00+05:30,706.9,714.65,706.15,713.5,1668185
2181,2025-03-04T09:45:00+05:30,713.5,715.6,712.0,715.05,917749
2182,2025-03-04T10:00:00+05:30,715.05,717.35,712.65,714.0,985806
2183,2025-03-04T10:15:00+05:30,714.0,716.8,714.0,714.95,374090
2184,2025-03-04T10:30:00+05:30,714.9,716.4,714.5,715.2,288349
2185,2025-03-04T10:45:00+05:30,715.25,716.25,714.85,715.15,297142
2186,2025-03-04T11:00:00+05:30,715.15,717.0,715.0,715.3,265228
2187,2025-03-04T11:15:00+05:30,715.3,715.9,714.2,715.05,300195
2188,2025-03-04T11:30:00+05:30,715.05,715.8,714.0,714.1,239244
2189,2025-03-04T11:45:00+05:30,714.2,714.4,712.55,713.75,357896
2190,2025-03-04T12:00:00+05:30,713.8,714.6,713.0,713.6,216909
2191,2025-03-04T12:15:00+05:30,713.65,716.5,713.2,716.35,328885
2192,2025-03-04T12:30:00+05:30,716.35,716.8,715.8,715.95,295920
2193,2025-03-04T12:45:00+05:30,715.95,716.25,714.5,715.3,304622
2194,2025-03-04T13:00:00+05:30,715.3,715.45,713.4,714.45,352025
2195,2025-03-04T13:15:00+05:30,714.3,715.2,714.05,715.0,409609
2196,2025-03-04T13:30:00+05:30,715.0,715.1,713.0,714.5,317744
2197,2025-03-04T13:45:00+05:30,714.5,715.25,714.1,715.2,294306
2198,2025-03-04T14:00:00+05:30,715.2,718.45,715.0,717.4,575409
2199,2025-03-04T14:15:00+05:30,717.4,718.3,716.65,717.25,500630
2200,2025-03-04T14:30:00+05:30,717.5,717.7,716.5,716.9,401768
2201,2025-03-04T14:45:00+05:30,716.9,716.95,715.7,716.5,426750
2202,2025-03-04T15:00:00+05:30,716.45,716.8,715.2,715.65,982949
2203,2025-03-04T15:15:00+05:30,715.55,717.0,715.5,716.4,1003128
2204,2025-03-05T09:15:00+05:30,717.95,723.8,717.0,722.95,1082300
2205,2025-03-05T09:30:00+05:30,722.95,725.0,722.35,722.8,516695
2206,2025-03-05T09:45:00+05:30,722.9,726.6,722.7,725.3,576933
2207,2025-03-05T10:00:00+05:30,725.4,726.4,723.1,723.55,425527
2208,2025-03-05T10:15:00+05:30,723.35,723.55,721.05,722.15,371685
2209,2025-03-05T10:30:00+05:30,722.35,724.4,721.5,724.35,406690
2210,2025-03-05T10:45:00+05:30,724.35,724.65,723.2,724.1,294370
2211,2025-03-05T11:00:00+05:30,724.1,724.85,722.4,722.7,435341
2212,2025-03-05T11:15:00+05:30,722.7,723.9,722.05,723.5,181184
2213,2025-03-05T11:30:00+05:30,723.65,724.5,723.45,723.9,212208
2214,2025-03-05T11:45:00+05:30,723.9,724.4,723.05,723.25,223964
2215,2025-03-05T12:00:00+05:30,723.55,724.5,723.25,724.2,134555
2216,2025-03-05T12:15:00+05:30,724.2,725.1,724.0,724.6,176551
2217,2025-03-05T12:30:00+05:30,724.6,725.45,724.5,724.65,163474
2218,2025-03-05T12:45:00+05:30,724.65,725.0,722.9,723.05,254005
2219,2025-03-05T13:00:00+05:30,723.2,724.25,722.45,723.6,312576
2220,2025-03-05T13:15:00+05:30,723.75,726.05,723.65,725.1,457434
2221,2025-03-05T13:30:00+05:30,725.3,726.1,724.55,725.0,589394
2222,2025-03-05T13:45:00+05:30,725.05,726.95,724.9,726.8,221974
2223,2025-03-05T14:00:00+05:30,726.85,726.9,726.0,726.3,148181
2224,2025-03-05T14:15:00+05:30,726.3,727.8,725.65,727.7,359441
2225,2025-03-05T14:30:00+05:30,727.7,729.8,727.5,729.5,422575
2226,2025-03-05T14:45:00+05:30,729.5,730.45,729.0,730.2,365258
2227,2025-03-05T15:00:00+05:30,730.2,731.2,729.85,731.05,695767
2228,2025-03-05T15:15:00+05:30,731.05,731.3,729.2,730.0,1333011
2229,2025-03-06T09:15:00+05:30,735.5,736.75,728.05,730.1,1497337
2230,2025-03-06T09:30:00+05:30,730.05,730.65,727.0,729.65,601068
2231,2025-03-06T09:45:00+05:30,729.7,730.45,727.2,729.4,514104
2232,2025-03-06T10:00:00+05:30,729.35,731.5,727.85,730.4,467478
2233,2025-03-06T10:15:00+05:30,730.4,731.5,729.15,730.35,348794
2234,2025-03-06T10:30:00+05:30,730.45,731.9,729.75,731.3,338247
2235,2025-03-06T10:45:00+05:30,731.15,731.3,729.2,729.45,279796
2236,2025-03-06T11:00:00+05:30,729.35,732.4,729.0,732.2,452593
2237,2025-03-06T11:15:00+05:30,732.15,732.4,729.75,730.2,460600
2238,2025-03-06T11:30:00+05:30,730.2,731.9,729.8,731.7,195909
2239,2025-03-06T11:45:00+05:30,731.65,732.4,731.25,731.95,180275
2240,2025-03-06T12:00:00+05:30,731.9,732.9,731.35,731.9,254729
2241,2025-03-06T12:15:00+05:30,731.8,732.65,731.5,731.65,206731
2242,2025-03-06T12:30:00+05:30,731.65,732.4,730.9,731.4,220955
2243,2025-03-06T12:45:00+05:30,731.35,732.7,730.8,731.05,227357
2244,2025-03-06T13:00:00+05:30,731.05,732.1,730.55,731.65,160785
2245,2025-03-06T13:15:00+05:30,731.7,732.4,730.9,732.2,518141
2246,2025-03-06T13:30:00+05:30,732.0,732.5,731.55,732.25,472229
2247,2025-03-06T13:45:00+05:30,732.15,732.95,732.0,732.1,305888
2248,2025-03-06T14:00:00+05:30,732.1,733.9,732.0,733.35,352746
2249,2025-03-06T14:15:00+05:30,733.2,733.9,732.6,732.7,294514
2250,2025-03-06T14:30:00+05:30,732.9,733.5,732.05,732.8,325845
2251,2025-03-06T14:45:00+05:30,732.8,732.95,731.4,732.55,513403
2252,2025-03-06T15:00:00+05:30,732.6,732.85,731.55,732.1,891079
2253,2025-03-06T15:15:00+05:30,732.05,732.45,730.0,730.25,781643
2254,2025-03-07T09:15:00+05:30,732.1,734.85,728.5,729.15,765543
2255,2025-03-07T09:30:00+05:30,729.15,731.0,728.1,729.05,346488
2256,2025-03-07T09:45:00+05:30,729.05,729.2,728.0,728.7,177484
2257,2025-03-07T10:00:00+05:30,728.9,730.85,728.7,730.55,252793
2258,2025-03-07T10:15:00+05:30,730.55,731.75,729.15,729.5,262446
2259,2025-03-07T10:30:00+05:30,729.5,730.95,729.2,730.25,177396
2260,2025-03-07T10:45:00+05:30,730.25,731.25,729.8,730.1,303023
2261,2025-03-07T11:00:00+05:30,730.0,732.0,730.0,731.75,230367
2262,2025-03-07T11:15:00+05:30,731.6,734.0,731.3,733.25,393831
2263,2025-03-07T11:30:00+05:30,733.5,734.0,733.05,733.35,183012
2264,2025-03-07T11:45:00+05:30,733.35,733.6,731.15,731.85,231525
2265,2025-03-07T12:00:00+05:30,731.85,731.85,730.55,731.25,256501
2266,2025-03-07T12:15:00+05:30,731.1,732.3,730.5,732.0,168288
2267,2025-03-07T12:30:00+05:30,732.0,733.9,731.9,733.6,211808
2268,2025-03-07T12:45:00+05:30,733.6,733.9,731.55,732.55,178163
2269,2025-03-07T13:00:00+05:30,732.55,732.6,730.5,730.75,201399
2270,2025-03-07T13:15:00+05:30,730.8,732.4,730.25,732.05,239591
2271,2025-03-07T13:30:00+05:30,732.2,733.0,731.55,732.75,212409
2272,2025-03-07T13:45:00+05:30,732.75,732.8,730.05,730.2,225039
2273,2025-03-07T14:00:00+05:30,730.2,731.75,730.15,731.15,188046
2274,2025-03-07T14:15:00+05:30,731.45,732.55,731.0,732.5,208681
2275,2025-03-07T14:30:00+05:30,732.45,733.6,731.85,733.5,249984
2276,2025-03-07T14:45:00+05:30,733.45,733.9,732.8,733.65,259859
2277,2025-03-07T15:00:00+05:30,733.65,733.95,732.2,733.1,625777
2278,2025-03-07T15:15:00+05:30,733.1,733.2,730.2,731.95,672312
2279,2025-03-10T09:15:00+05:30,732.75,736.0,730.5,735.5,583896
2280,2025-03-10T09:30:00+05:30,735.3,737.95,733.35,737.7,426575
2281,2025-03-10T09:45:00+05:30,737.7,738.5,735.8,736.5,416606
2282,2025-03-10T10:00:00+05:30,736.5,736.9,734.0,734.35,342911
2283,2025-03-10T10:15:00+05:30,734.35,734.5,731.55,732.0,342736
2284,2025-03-10T10:30:00+05:30,732.25,734.4,731.5,734.3,251224
2285,2025-03-10T10:45:00+05:30,734.15,736.8,734.1,735.7,523904
2286,2025-03-10T11:00:00+05:30,735.7,736.0,733.95,734.25,140254
2287,2025-03-10T11:15:00+05:30,734.1,735.4,733.95,734.4,111188
2288,2025-03-10T11:30:00+05:30,734.5,735.4,734.4,735.3,67452
2289,2025-03-10T11:45:00+05:30,735.3,735.35,733.6,733.7,108364
2290,2025-03-10T12:00:00+05:30,733.7,733.95,732.2,732.2,199774
2291,2025-03-10T12:15:00+05:30,732.25,733.8,731.6,733.5,210396
2292,2025-03-10T12:30:00+05:30,733.55,733.85,731.95,733.0,185914
2293,2025-03-10T12:45:00+05:30,733.0,733.15,732.05,732.8,101039
2294,2025-03-10T13:00:00+05:30,732.8,733.6,732.1,732.95,115114
2295,2025-03-10T13:15:00+05:30,732.95,733.0,732.05,732.55,96156
2296,2025-03-10T13:30:00+05:30,732.65,732.7,732.05,732.45,151490
2297,2025-03-10T13:45:00+05:30,732.45,732.45,731.55,732.25,168682
2298,2025-03-10T14:00:00+05:30,732.2,732.65,731.8,732.1,141258
2299,2025-03-10T14:15:00+05:30,732.15,732.3,728.0,728.2,627324
2300,2025-03-10T14:30:00+05:30,728.2,728.9,727.25,728.15,423387
2301,2025-03-10T14:45:00+05:30,728.2,728.85,726.6,728.65,500797
2302,2025-03-10T15:00:00+05:30,728.65,730.9,728.35,729.25,589454
2303,2025-03-10T15:15:00+05:30,729.4,729.45,727.05,727.7,548353
2304,2025-03-11T09:15:00+05:30,724.9,727.7,722.7,727.25,903299
2305,2025-03-11T09:30:00+05:30,727.0,729.55,725.7,728.0,308762
2306,2025-03-11T09:45:00+05:30,727.7,729.2,727.0,728.9,220728
2307,2025-03-11T10:00:00+05:30,728.9,729.9,726.5,728.55,186760
2308,2025-03-11T10:15:00+05:30,728.5,731.35,727.25,730.3,245974
2309,2025-03-11T10:30:00+05:30,730.35,732.2,729.0,731.75,285678
2310,2025-03-11T10:45:00+05:30,731.55,732.9,730.9,732.1,155435
2311,2025-03-11T11:00:00+05:30,732.25,734.05,731.7,732.0,275194
2312,2025-03-11T11:15:00+05:30,732.0,732.1,730.5,730.95,130021
2313,2025-03-11T11:30:00+05:30,730.9,731.65,730.6,731.1,88317
2314,2025-03-11T11:45:00+05:30,731.1,731.95,730.8,731.3,81845
2315,2025-03-11T12:00:00+05:30,731.25,731.5,730.0,730.45,119035
2316,2025-03-11T12:15:00+05:30,730.3,730.95,730.1,730.65,98335
2317,2025-03-11T12:30:00+05:30,730.65,731.75,730.3,731.35,98104
2318,2025-03-11T12:45:00+05:30,731.4,731.5,730.0,730.0,98017
2319,2025-03-11T13:00:00+05:30,730.0,730.7,729.45,729.75,280828
2320,2025-03-11T13:15:00+05:30,729.75,730.95,728.9,730.55,172686
2321,2025-03-11T13:30:00+05:30,730.55,730.85,729.55,730.15,119712
2322,2025-03-11T13:45:00+05:30,730.3,731.9,730.0,731.35,177278
2323,2025-03-11T14:00:00+05:30,731.45,731.7,730.5,731.05,122364
2324,2025-03-11T14:15:00+05:30,731.3,732.0,730.65,731.0,163399
2325,2025-03-11T14:30:00+05:30,731.05,731.7,730.1,730.45,125688
2326,2025-03-11T14:45:00+05:30,730.55,731.2,729.4,730.6,249963
2327,2025-03-11T15:00:00+05:30,730.65,731.0,729.4,729.85,384555
2328,2025-03-11T15:15:00+05:30,729.8,730.25,729.05,729.9,387796
2329,2025-03-12T09:15:00+05:30,730.75,737.0,730.65,732.6,638377
2330,2025-03-12T09:30:00+05:30,732.8,733.4,731.3,731.6,281820
2331,2025-03-12T09:45:00+05:30,731.75,733.25,730.1,731.75,250921
2332,2025-03-12T10:00:00+05:30,731.8,732.25,728.05,728.35,221356
2333,2025-03-12T10:15:00+05:30,728.25,729.05,727.5,728.15,153103
2334,2025-03-12T10:30:00+05:30,728.15,730.5,728.0,730.25,136519
2335,2025-03-12T10:45:00+05:30,730.3,730.7,727.0,727.25,218027
2336,2025-03-12T11:00:00+05:30,727.1,728.5,726.5,727.25,129743
2337,2025-03-12T11:15:00+05:30,727.25,728.3,724.8,724.85,468775
2338,2025-03-12T11:30:00+05:30,724.95,725.35,721.75,722.35,396005
2339,2025-03-12T11:45:00+05:30,722.55,723.05,721.5,721.75,168103
2340,2025-03-12T12:00:00+05:30,721.8,723.5,721.3,723.15,106417
2341,2025-03-12T12:15:00+05:30,723.15,723.6,721.4,722.3,133599
2342,2025-03-12T12:30:00+05:30,722.3,722.8,720.0,720.15,150139
2343,2025-03-12T12:45:00+05:30,720.15,721.75,719.05,721.05,187610
2344,2025-03-12T13:00:00+05:30,721.25,723.6,720.3,723.5,149573
2345,2025-03-12T13:15:00+05:30,723.6,726.0,723.55,724.25,231090
2346,2025-03-12T13:30:00+05:30,724.25,724.85,721.55,722.25,158302
2347,2025-03-12T13:45:00+05:30,722.45,722.8,721.25,721.85,98386
2348,2025-03-12T14:00:00+05:30,721.85,724.1,721.8,724.1,88880
2349,2025-03-12T14:15:00+05:30,724.0,725.4,723.65,725.1,178538
2350,2025-03-12T14:30:00+05:30,724.95,725.5,724.05,724.15,163784
2351,2025-03-12T14:45:00+05:30,724.15,725.0,723.65,724.65,108781
2352,2025-03-12T15:00:00+05:30,724.8,725.25,723.0,723.25,281345
2353,2025-03-12T15:15:00+05:30,723.25,723.3,722.0,722.75,421574
2354,2025-03-13T09:15:00+05:30,725.9,728.7,724.5,725.05,523054
2355,2025-03-13T09:30:00+05:30,724.95,727.5,724.5,726.8,216332
2356,2025-03-13T09:45:00+05:30,726.8,730.4,726.5,729.95,312073
2357,2025-03-13T10:00:00+05:30,729.9,731.45,729.1,730.5,281252
2358,2025-03-13T10:15:00+05:30,730.35,731.4,729.0,730.95,268363
2359,2025-03-13T10:30:00+05:30,731.05,731.45,729.4,729.75,156310
2360,2025-03-13T10:45:00+05:30,729.75,729.85,728.5,728.7,131517
2361,2025-03-13T11:00:00+05:30,728.7,729.25,728.25,729.25,121516
2362,2025-03-13T11:15:00+05:30,729.2,729.4,727.5,727.75,135892
2363,2025-03-13T11:30:00+05:30,727.7,728.45,725.5,726.1,208898
2364,2025-03-13T11:45:00+05:30,726.1,726.75,725.1,726.7,215117
2365,2025-03-13T12:00:00+05:30,726.65,727.8,726.15,727.6,125203
2366,2025-03-13T12:15:00+05:30,727.35,729.5,727.25,728.5,282138
2367,2025-03-13T12:30:00+05:30,728.7,730.3,728.35,730.3,200654
2368,2025-03-13T12:45:00+05:30,730.15,731.15,730.0,731.05,157136
2369,2025-03-13T13:00:00+05:30,731.05,731.25,729.3,729.95,209138
2370,2025-03-13T13:15:00+05:30,729.95,730.35,729.2,729.25,155237
2371,2025-03-13T13:30:00+05:30,729.4,730.9,729.2,730.3,113639
2372,2025-03-13T13:45:00+05:30,730.25,730.55,729.3,729.6,104526
2373,2025-03-13T14:00:00+05:30,729.5,730.15,728.75,729.3,158645
2374,2025-03-13T14:15:00+05:30,729.25,729.5,727.7,728.45,163548
2375,2025-03-13T14:30:00+05:30,728.65,729.3,728.1,728.45,206656
2376,2025-03-13T14:45:00+05:30,728.4,728.9,727.2,727.45,270961
2377,2025-03-13T15:00:00+05:30,727.4,728.2,726.4,727.85,333480
2378,2025-03-13T15:15:00+05:30,727.8,728.55,727.1,728.0,828385
2379,2025-03-17T09:15:00+05:30,728.9,731.25,727.85,728.9,444483
2380,2025-03-17T09:30:00+05:30,728.75,729.4,723.65,725.0,541829
2381,2025-03-17T09:45:00+05:30,725.0,725.2,722.3,723.7,365092
2382,2025-03-17T10:00:00+05:30,723.7,725.0,723.15,724.4,203673
2383,2025-03-17T10:15:00+05:30,724.25,724.4,722.5,723.45,138641
2384,2025-03-17T10:30:00+05:30,723.45,723.8,722.5,723.55,117151
2385,2025-03-17T10:45:00+05:30,723.55,724.9,723.3,724.85,129108
2386,2025-03-17T11:00:00+05:30,724.85,725.35,723.95,724.15,133345
2387,2025-03-17T11:15:00+05:30,724.1,724.95,724.05,724.9,92985
2388,2025-03-17T11:30:00+05:30,724.8,726.25,724.2,725.7,172853
2389,2025-03-17T11:45:00+05:30,725.7,725.95,724.0,724.7,129236
2390,2025-03-17T12:00:00+05:30,724.9,726.2,724.7,725.85,140640
2391,2025-03-17T12:15:00+05:30,725.8,725.8,723.5,724.6,158158
2392,2025-03-17T12:30:00+05:30,724.45,724.8,723.4,724.35,116212
2393,2025-03-17T12:45:00+05:30,724.35,724.35,723.15,723.8,105106
2394,2025-03-17T13:00:00+05:30,723.75,724.55,723.15,724.4,116980
2395,2025-03-17T13:15:00+05:30,724.4,725.7,724.3,725.7,145866
2396,2025-03-17T13:30:00+05:30,725.7,725.75,724.5,725.1,123771
2397,2025-03-17T13:45:00+05:30,725.1,725.5,723.65,724.75,149751
2398,2025-03-17T14:00:00+05:30,724.7,725.35,723.8,725.2,124420
2399,2025-03-17T14:15:00+05:30,725.2,725.3,724.4,725.05,121194
2400,2025-03-17T14:30:00+05:30,725.05,725.25,723.9,724.4,178214
2401,2025-03-17T14:45:00+05:30,724.45,724.5,723.7,724.25,139404
2402,2025-03-17T15:00:00+05:30,724.3,724.35,723.0,723.0,407890
2403,2025-03-17T15:15:00+05:30,723.1,723.95,722.4,723.3,615872
2404,2025-03-18T09:15:00+05:30,726.6,727.5,722.6,724.9,669805
2405,2025-03-18T09:30:00+05:30,724.95,726.7,724.55,725.6,427688
2406,2025-03-18T09:45:00+05:30,725.55,727.15,725.3,726.85,240520
2407,2025-03-18T10:00:00+05:30,726.95,730.25,726.85,729.95,543447
2408,2025-03-18T10:15:00+05:30,729.95,731.0,729.1,731.0,429448
2409,2025-03-18T10:30:00+05:30,731.0,731.8,730.25,731.5,391481
2410,2025-03-18T10:45:00+05:30,731.5,731.55,728.5,729.1,244264
2411,2025-03-18T11:00:00+05:30,729.1,729.7,728.5,729.4,143562
2412,2025-03-18T11:15:00+05:30,729.35,729.85,728.6,729.1,121641
2413,2025-03-18T11:30:00+05:30,729.35,731.2,729.0,730.45,216525
2414,2025-03-18T11:45:00+05:30,730.45,732.0,730.25,731.05,340072
2415,2025-03-18T12:00:00+05:30,731.2,731.8,730.5,731.15,161621
2416,2025-03-18T12:15:00+05:30,731.5,732.0,730.15,730.4,166288
2417,2025-03-18T12:30:00+05:30,730.3,730.5,729.0,729.1,274445
2418,2025-03-18T12:45:00+05:30,729.15,731.2,729.1,731.05,158115
2419,2025-03-18T13:00:00+05:30,731.05,731.55,730.25,730.85,119669
2420,2025-03-18T13:15:00+05:30,730.7,733.4,730.4,732.25,309019
2421,2025-03-18T13:30:00+05:30,732.4,732.9,731.75,732.2,137794
2422,2025-03-18T13:45:00+05:30,732.2,732.85,731.8,732.5,157619
2423,2025-03-18T14:00:00+05:30,732.5,732.85,732.0,732.5,150636
2424,2025-03-18T14:15:00+05:30,732.5,732.85,732.2,732.5,205683
2425,2025-03-18T14:30:00+05:30,732.55,734.8,732.35,734.45,434165
2426,2025-03-18T14:45:00+05:30,734.55,738.4,734.0,737.8,724411
2427,2025-03-18T15:00:00+05:30,737.65,738.0,735.5,736.35,645454
2428,2025-03-18T15:15:00+05:30,736.35,738.45,735.95,737.65,635786
2429,2025-03-19T09:15:00+05:30,739.65,744.8,739.1,744.6,937439
2430,2025-03-19T09:30:00+05:30,744.55,745.1,740.8,742.5,546202
2431,2025-03-19T09:45:00+05:30,742.5,743.5,742.0,743.5,207142
2432,2025-03-19T10:00:00+05:30,743.5,744.0,741.5,742.85,259600
2433,2025-03-19T10:15:00+05:30,742.85,744.75,742.7,744.5,264038
2434,2025-03-19T10:30:00+05:30,744.35,746.25,743.85,745.95,362536
2435,2025-03-19T10:45:00+05:30,745.85,747.15,745.0,746.05,342331
2436,2025-03-19T11:00:00+05:30,746.15,747.15,745.0,745.7,168621
2437,2025-03-19T11:15:00+05:30,745.75,746.45,744.75,745.55,152016
2438,2025-03-19T11:30:00+05:30,745.65,746.8,745.1,746.0,133850
2439,2025-03-19T11:45:00+05:30,746.0,747.15,745.35,746.7,168940
2440,2025-03-19T12:00:00+05:30,746.7,747.45,745.7,746.65,142695
2441,2025-03-19T12:15:00+05:30,746.7,747.8,746.3,746.55,225756
2442,2025-03-19T12:30:00+05:30,746.55,747.1,745.9,746.0,363118
2443,2025-03-19T12:45:00+05:30,746.05,747.0,745.9,746.45,224464
2444,2025-03-19T13:00:00+05:30,746.45,746.75,745.25,746.5,375256
2445,2025-03-19T13:15:00+05:30,746.5,749.3,745.85,748.55,515244
2446,2025-03-19T13:30:00+05:30,748.55,748.65,747.05,747.85,203412
2447,2025-03-19T13:45:00+05:30,747.85,747.95,746.65,747.65,159112
2448,2025-03-19T14:00:00+05:30,747.6,748.0,746.6,746.75,190807
2449,2025-03-19T14:15:00+05:30,746.9,747.15,746.35,746.95,113197
2450,2025-03-19T14:30:00+05:30,746.95,747.5,746.5,746.85,152514
2451,2025-03-19T14:45:00+05:30,746.85,747.05,746.3,746.65,154053
2452,2025-03-19T15:00:00+05:30,746.65,746.7,744.5,744.75,580156
2453,2025-03-19T15:15:00+05:30,744.85,745.5,744.3,745.05,597667
2454,2025-03-20T09:15:00+05:30,748.2,752.7,747.1,749.75,736507
2455,2025-03-20T09:30:00+05:30,749.8,750.0,746.05,747.15,401757
2456,2025-03-20T09:45:00+05:30,747.0,747.1,744.5,745.4,371098
2457,2025-03-20T10:00:00+05:30,745.4,746.95,744.2,744.9,278862
2458,2025-03-20T10:15:00+05:30,745.1,748.0,744.7,747.95,291457
2459,2025-03-20T10:30:00+05:30,747.95,748.45,746.0,746.15,151315
2460,2025-03-20T10:45:00+05:30,746.15,747.75,745.5,747.3,104949
2461,2025-03-20T11:00:00+05:30,747.35,747.6,746.7,747.05,91148
2462,2025-03-20T11:15:00+05:30,747.1,747.4,745.95,746.5,94956
2463,2025-03-20T11:30:00+05:30,746.5,747.1,746.0,746.6,81788
2464,2025-03-20T11:45:00+05:30,746.6,746.9,746.0,746.0,65226
2465,2025-03-20T12:00:00+05:30,746.0,746.2,745.0,745.95,145659
2466,2025-03-20T12:15:00+05:30,745.9,746.8,745.7,746.1,120936
2467,2025-03-20T12:30:00+05:30,746.15,747.25,746.0,747.05,134373
2468,2025-03-20T12:45:00+05:30,746.95,747.1,746.3,746.8,141295
2469,2025-03-20T13:00:00+05:30,746.9,747.45,746.0,747.45,160488
2470,2025-03-20T13:15:00+05:30,747.3,748.3,746.65,747.6,227394
2471,2025-03-20T13:30:00+05:30,747.45,748.65,747.05,748.3,213982
2472,2025-03-20T13:45:00+05:30,748.2,748.7,747.5,748.6,162495
2473,2025-03-20T14:00:00+05:30,748.6,749.4,747.9,748.0,294969
2474,2025-03-20T14:15:00+05:30,748.0,748.75,747.3,748.5,247955
2475,2025-03-20T14:30:00+05:30,748.5,750.05,748.1,749.7,491657
2476,2025-03-20T14:45:00+05:30,749.8,750.95,749.05,750.1,515957
2477,2025-03-20T15:00:00+05:30,750.1,750.25,748.9,749.35,783518
2478,2025-03-20T15:15:00+05:30,749.5,750.0,748.15,748.5,621242
2479,2025-03-21T09:15:00+05:30,750.0,752.6,747.0,748.65,455442
2480,2025-03-21T09:30:00+05:30,748.5,751.0,747.6,750.7,386099
2481,2025-03-21T09:45:00+05:30,750.75,750.75,749.0,749.85,195083
2482,2025-03-21T10:00:00+05:30,749.85,751.45,749.2,750.5,167726
2483,2025-03-21T10:15:00+05:30,750.65,752.5,750.0,752.5,233496
2484,2025-03-21T10:30:00+05:30,752.45,753.35,752.1,752.55,227417
2485,2025-03-21T10:45:00+05:30,752.6,753.0,752.2,752.5,110618
2486,2025-03-21T11:00:00+05:30,752.5,753.25,751.1,751.15,182434
2487,2025-03-21T11:15:00+05:30,751.25,752.25,750.6,751.7,165668
2488,2025-03-21T11:30:00+05:30,751.65,751.7,749.45,749.6,300168
2489,2025-03-21T11:45:00+05:30,749.7,750.4,749.25,749.8,154657
2490,2025-03-21T12:00:00+05:30,749.8,751.9,749.8,751.5,108429
2491,2025-03-21T12:15:00+05:30,751.5,753.35,751.5,752.05,215242
2492,2025-03-21T12:30:00+05:30,752.2,752.35,751.35,751.6,171353
2493,2025-03-21T12:45:00+05:30,751.65,753.0,751.3,752.6,203001
2494,2025-03-21T13:00:00+05:30,752.6,752.95,751.55,751.9,203327
2495,2025-03-21T13:15:00+05:30,751.85,752.5,751.1,752.15,219114
2496,2025-03-21T13:30:00+05:30,752.45,752.45,751.35,751.5,179648
2497,2025-03-21T13:45:00+05:30,751.5,751.7,749.5,750.65,218073
2498,2025-03-21T14:00:00+05:30,750.65,753.0,750.65,752.45,446948
2499,2025-03-21T14:15:00+05:30,752.45,755.5,752.35,755.4,488061
2500,2025-03-21T14:30:00+05:30,755.35,755.35,753.15,753.35,197815
2501,2025-03-21T14:45:00+05:30,753.35,755.0,752.4,754.0,385653
2502,2025-03-21T15:00:00+05:30,754.05,754.2,751.7,751.95,1563619
2503,2025-03-21T15:15:00+05:30,751.95,755.6,751.6,754.5,2369661
2504,2025-03-24T09:15:00+05:30,758.0,760.95,755.1,758.75,648949
2505,2025-03-24T09:30:00+05:30,758.75,760.5,757.25,760.45,341951
2506,2025-03-24T09:45:00+05:30,760.3,767.1,760.3,765.85,910162
2507,2025-03-24T10:00:00+05:30,766.2,767.55,765.15,766.25,359261
2508,2025-03-24T10:15:00+05:30,766.2,766.5,764.75,765.6,324531
2509,2025-03-24T10:30:00+05:30,765.65,767.0,764.95,766.65,356502
2510,2025-03-24T10:45:00+05:30,766.75,769.5,766.55,769.5,356365
2511,2025-03-24T11:00:00+05:30,769.5,770.8,767.55,769.35,486695
2512,2025-03-24T11:15:00+05:30,769.6,770.5,768.4,770.5,224579
2513,2025-03-24T11:30:00+05:30,770.5,770.5,767.0,767.75,268255
2514,2025-03-24T11:45:00+05:30,767.75,769.9,767.55,769.85,343953
2515,2025-03-24T12:00:00+05:30,769.85,771.85,769.4,771.55,392024
2516,2025-03-24T12:15:00+05:30,771.6,773.0,771.2,772.85,367322
2517,2025-03-24T12:30:00+05:30,772.9,774.0,772.0,773.3,546798
2518,2025-03-24T12:45:00+05:30,773.35,776.75,773.25,775.3,619576
2519,2025-03-24T13:00:00+05:30,775.3,777.2,775.15,776.8,423072
2520,2025-03-24T13:15:00+05:30,776.95,777.0,774.55,776.1,303503
2521,2025-03-24T13:30:00+05:30,776.25,776.25,774.75,775.25,242771
2522,2025-03-24T13:45:00+05:30,775.25,775.45,773.5,775.0,321260
2523,2025-03-24T14:00:00+05:30,775.0,776.0,774.15,775.7,302367
2524,2025-03-24T14:15:00+05:30,775.7,777.5,775.1,776.85,407147
2525,2025-03-24T14:30:00+05:30,776.85,777.9,775.8,775.95,493261
2526,2025-03-24T14:45:00+05:30,775.95,779.45,775.75,778.95,719203
2527,2025-03-24T15:00:00+05:30,778.95,781.35,777.2,781.05,982714
2528,2025-03-24T15:15:00+05:30,781.05,782.95,780.9,781.0,1289354
2529,2025-03-25T09:15:00+05:30,783.5,784.4,777.0,780.05,1115848
2530,2025-03-25T09:30:00+05:30,780.05,783.7,780.05,783.25,681078
2531,2025-03-25T09:45:00+05:30,783.25,786.0,782.55,785.5,765625
2532,2025-03-25T10:00:00+05:30,785.5,785.5,778.0,778.65,737313
2533,2025-03-25T10:15:00+05:30,778.6,781.1,777.35,778.5,424472
2534,2025-03-25T10:30:00+05:30,778.25,779.3,775.6,777.9,732332
2535,2025-03-25T10:45:00+05:30,777.9,778.15,775.25,777.4,449873
2536,2025-03-25T11:00:00+05:30,777.7,778.55,776.2,776.4,424606
2537,2025-03-25T11:15:00+05:30,776.4,777.65,775.65,775.65,418776
2538,2025-03-25T11:30:00+05:30,775.65,776.5,773.0,774.15,564394
2539,2025-03-25T11:45:00+05:30,774.15,776.0,774.1,775.85,244690
2540,2025-03-25T12:00:00+05:30,775.85,777.1,775.55,776.8,293684
2541,2025-03-25T12:15:00+05:30,776.75,778.0,775.35,777.9,602039
2542,2025-03-25T12:30:00+05:30,777.9,779.0,776.85,778.15,466999
2543,2025-03-25T12:45:00+05:30,778.2,778.45,775.85,776.2,234600
2544,2025-03-25T13:00:00+05:30,776.5,777.35,775.35,775.7,276625
2545,2025-03-25T13:15:00+05:30,775.9,776.55,774.5,775.15,518329
2546,2025-03-25T13:30:00+05:30,775.3,777.45,775.05,776.05,470251
2547,2025-03-25T13:45:00+05:30,776.2,776.95,775.75,775.95,560561
2548,2025-03-25T14:00:00+05:30,776.2,776.65,775.6,776.1,293447
2549,2025-03-25T14:15:00+05:30,776.1,776.5,775.0,775.2,418495
2550,2025-03-25T14:30:00+05:30,775.15,776.65,775.1,775.65,454027
2551,2025-03-25T14:45:00+05:30,775.6,775.75,774.0,774.0,578282
2552,2025-03-25T15:00:00+05:30,774.0,774.85,773.0,773.55,1451346
2553,2025-03-25T15:15:00+05:30,773.5,773.8,769.2,770.35,1914289
2554,2025-03-26T09:15:00+05:30,772.35,776.05,770.15,775.0,601995
2555,2025-03-26T09:30:00+05:30,774.75,775.65,769.0,769.65,376441
2556,2025-03-26T09:45:00+05:30,769.5,772.2,768.1,772.0,230742
2557,2025-03-26T10:00:00+05:30,772.0,772.0,767.9,771.45,384306
2558,2025-03-26T10:15:00+05:30,771.45,774.0,770.35,773.85,223605
2559,2025-03-26T10:30:00+05:30,773.85,775.5,772.4,773.35,196793
2560,2025-03-26T10:45:00+05:30,773.45,774.7,772.3,774.25,183992
2561,2025-03-26T11:00:00+05:30,774.25,774.95,771.25,772.4,179353
2562,2025-03-26T11:15:00+05:30,772.45,772.95,770.05,772.25,175675
2563,2025-03-26T11:30:00+05:30,772.4,772.85,771.65,772.25,92890
2564,2025-03-26T11:45:00+05:30,772.35,772.5,768.6,768.8,189848
2565,2025-03-26T12:00:00+05:30,768.75,769.85,768.25,769.75,118198
2566,2025-03-26T12:15:00+05:30,769.75,769.8,767.75,768.35,133556
2567,2025-03-26T12:30:00+05:30,768.35,770.5,767.75,770.5,334478
2568,2025-03-26T12:45:00+05:30,770.5,771.3,769.25,769.8,216642
2569,2025-03-26T13:00:00+05:30,769.8,769.85,766.35,767.1,257665
2570,2025-03-26T13:15:00+05:30,767.1,768.4,765.75,767.2,246815
2571,2025-03-26T13:30:00+05:30,767.2,767.3,764.05,764.05,314325
2572,2025-03-26T13:45:00+05:30,764.2,764.7,763.35,763.65,337436
2573,2025-03-26T14:00:00+05:30,763.85,765.35,763.55,763.95,243967
2574,2025-03-26T14:15:00+05:30,764.05,764.75,763.1,764.25,218751
2575,2025-03-26T14:30:00+05:30,764.25,765.4,763.35,765.0,427254
2576,2025-03-26T14:45:00+05:30,765.05,765.6,763.55,764.8,382145
2577,2025-03-26T15:00:00+05:30,764.75,765.35,763.7,764.5,887290
2578,2025-03-26T15:15:00+05:30,764.5,764.65,761.45,762.7,732966
2579,2025-03-27T09:15:00+05:30,763.6,767.9,760.5,765.7,958451
2580,2025-03-27T09:30:00+05:30,765.9,767.0,764.5,766.55,282062
2581,2025-03-27T09:45:00+05:30,766.55,770.9,766.25,770.2,468334
2582,2025-03-27T10:00:00+05:30,770.2,770.4,768.15,769.05,219309
2583,2025-03-27T10:15:00+05:30,769.2,770.0,767.5,769.9,184269
2584,2025-03-27T10:30:00+05:30,769.7,770.65,768.35,768.9,160011
2585,2025-03-27T10:45:00+05:30,768.9,770.0,768.25,768.55,179130
2586,2025-03-27T11:00:00+05:30,768.55,773.9,768.55,773.3,507355
2587,2025-03-27T11:15:00+05:30,773.3,773.45,770.55,770.65,236130
2588,2025-03-27T11:30:00+05:30,770.65,770.7,769.2,769.85,202744
2589,2025-03-27T11:45:00+05:30,770.0,770.2,768.6,768.85,166759
2590,2025-03-27T12:00:00+05:30,768.8,769.0,767.55,767.65,159588
2591,2025-03-27T12:15:00+05:30,767.65,768.0,767.1,767.65,157049
2592,2025-03-27T12:30:00+05:30,767.65,767.8,766.8,767.1,152120
2593,2025-03-27T12:45:00+05:30,767.15,767.6,766.2,766.75,205017
2594,2025-03-27T13:00:00+05:30,766.85,768.5,766.6,767.4,240683
2595,2025-03-27T13:15:00+05:30,767.4,768.0,766.9,767.5,205493
2596,2025-03-27T13:30:00+05:30,767.55,770.0,767.35,769.75,337733
2597,2025-03-27T13:45:00+05:30,769.75,772.0,769.6,770.85,416332
2598,2025-03-27T14:00:00+05:30,770.9,771.35,768.5,769.45,351006
2599,2025-03-27T14:15:00+05:30,769.3,770.0,767.75,768.55,312727
2600,2025-03-27T14:30:00+05:30,768.55,770.7,768.0,769.1,507536
2601,2025-03-27T14:45:00+05:30,769.15,772.65,768.95,772.45,980471
2602,2025-03-27T15:00:00+05:30,772.6,773.2,769.8,772.8,4235056
2603,2025-03-27T15:15:00+05:30,772.6,775.8,771.05,772.05,3773252
2604,2025-03-28T09:15:00+05:30,772.05,777.9,771.05,774.75,502404
2605,2025-03-28T09:30:00+05:30,774.6,775.15,772.5,772.8,270147
2606,2025-03-28T09:45:00+05:30,772.9,778.6,772.2,777.8,450406
2607,2025-03-28T10:00:00+05:30,777.8,777.9,774.5,774.85,198066
2608,2025-03-28T10:15:00+05:30,774.7,775.9,773.95,775.8,167971
2609,2025-03-28T10:30:00+05:30,775.65,777.9,775.15,776.55,199835
2610,2025-03-28T10:45:00+05:30,776.8,778.4,776.55,776.9,217497
2611,2025-03-28T11:00:00+05:30,776.9,777.1,774.1,774.4,141831
2612,2025-03-28T11:15:00+05:30,774.15,774.5,772.7,773.5,217541
2613,2025-03-28T11:30:00+05:30,773.45,773.75,772.35,773.65,179034
2614,2025-03-28T11:45:00+05:30,773.65,775.0,772.95,774.45,259519
2615,2025-03-28T12:00:00+05:30,774.45,775.35,774.1,775.1,144732
2616,2025-03-28T12:15:00+05:30,774.85,775.1,771.6,771.85,214524
2617,2025-03-28T12:30:00+05:30,771.95,772.1,770.05,771.25,242597
2618,2025-03-28T12:45:00+05:30,771.4,772.1,770.55,771.7,143490
2619,2025-03-28T13:00:00+05:30,772.0,772.0,770.0,770.2,162102
2620,2025-03-28T13:15:00+05:30,770.2,770.4,769.15,769.55,151246
2621,2025-03-28T13:30:00+05:30,769.55,771.0,769.2,769.45,168107
2622,2025-03-28T13:45:00+05:30,769.45,770.05,768.0,769.6,170871
2623,2025-03-28T14:00:00+05:30,769.75,771.35,769.1,771.05,269445
2624,2025-03-28T14:15:00+05:30,770.95,775.3,770.9,775.25,516006
2625,2025-03-28T14:30:00+05:30,775.25,776.4,773.35,776.3,482445
2626,2025-03-28T14:45:00+05:30,776.4,777.0,775.2,775.8,372454
2627,2025-03-28T15:00:00+05:30,775.7,775.8,771.0,772.4,725561
2628,2025-03-28T15:15:00+05:30,772.35,772.8,767.0,771.2,1001601
2629,2025-04-01T09:15:00+05:30,766.5,775.6,763.2,775.15,743358
2630,2025-04-01T09:30:00+05:30,775.15,781.9,774.85,781.9,517146
2631,2025-04-01T09:45:00+05:30,781.65,782.75,778.0,778.7,344376
2632,2025-04-01T10:00:00+05:30,778.45,780.35,776.65,778.3,262061
2633,2025-04-01T10:15:00+05:30,778.3,779.95,773.2,773.75,371527
2634,2025-04-01T10:30:00+05:30,773.7,775.6,772.25,774.3,362781
2635,2025-04-01T10:45:00+05:30,774.45,775.1,770.6,770.7,297234
2636,2025-04-01T11:00:00+05:30,770.95,771.3,769.0,769.55,239861
2637,2025-04-01T11:15:00+05:30,769.55,770.2,768.25,769.55,235404
2638,2025-04-01T11:30:00+05:30,769.55,769.9,766.2,766.6,232059
2639,2025-04-01T11:45:00+05:30,766.6,767.8,765.95,767.8,187706
2640,2025-04-01T12:00:00+05:30,767.8,769.1,766.2,769.0,212218
2641,2025-04-01T12:15:00+05:30,768.8,770.65,768.7,769.45,215556
2642,2025-04-01T12:30:00+05:30,769.5,772.0,769.45,770.95,282025
2643,2025-04-01T12:45:00+05:30,770.95,771.3,769.6,770.5,130780
2644,2025-04-01T13:00:00+05:30,770.55,770.6,769.4,769.85,125849
2645,2025-04-01T13:15:00+05:30,769.8,770.2,767.5,767.8,227107
2646,2025-04-01T13:30:00+05:30,767.8,769.2,767.0,768.6,168590
2647,2025-04-01T13:45:00+05:30,768.65,769.6,767.75,768.25,100431
2648,2025-04-01T14:00:00+05:30,768.3,769.95,768.1,769.4,196965
2649,2025-04-01T14:15:00+05:30,769.4,769.85,768.2,769.2,130313
2650,2025-04-01T14:30:00+05:30,769.2,771.4,768.9,771.25,203878
2651,2025-04-01T14:45:00+05:30,771.1,771.3,770.15,771.1,232349
2652,2025-04-01T15:00:00+05:30,771.1,772.55,770.65,772.0,422973
2653,2025-04-01T15:15:00+05:30,771.9,772.45,771.1,771.25,495564
2654,2025-04-02T09:15:00+05:30,772.25,774.85,765.6,768.8,461829
2655,2025-04-02T09:30:00+05:30,768.85,772.45,768.15,768.15,251270
2656,2025-04-02T09:45:00+05:30,768.25,768.3,764.3,767.15,240642
2657,2025-04-02T10:00:00+05:30,767.15,767.75,765.75,767.4,113093
2658,2025-04-02T10:15:00+05:30,767.4,768.5,766.2,768.4,105483
2659,2025-04-02T10:30:00+05:30,768.35,771.15,768.0,770.2,200676
2660,2025-04-02T10:45:00+05:30,770.2,773.65,770.2,772.6,234751
2661,2025-04-02T11:00:00+05:30,772.6,774.5,772.4,773.1,191632
2662,2025-04-02T11:15:00+05:30,773.4,774.0,771.55,772.5,154759
2663,2025-04-02T11:30:00+05:30,772.5,773.4,771.0,771.15,123959
2664,2025-04-02T11:45:00+05:30,771.15,772.8,770.5,771.45,251960
2665,2025-04-02T12:00:00+05:30,771.4,774.25,771.35,773.95,162942
2666,2025-04-02T12:15:00+05:30,773.95,776.0,773.05,773.85,240342
2667,2025-04-02T12:30:00+05:30,773.8,774.9,773.1,773.4,106219
2668,2025-04-02T12:45:00+05:30,773.7,774.1,770.5,770.95,201731
2669,2025-04-02T13:00:00+05:30,770.9,773.05,770.8,772.9,113526
2670,2025-04-02T13:15:00+05:30,773.05,774.0,772.25,773.0,198918
2671,2025-04-02T13:30:00+05:30,773.0,774.15,771.85,772.6,132606
2672,2025-04-02T13:45:00+05:30,772.6,773.0,771.5,772.7,181889
2673,2025-04-02T14:00:00+05:30,772.65,774.45,772.5,773.45,146192
2674,2025-04-02T14:15:00+05:30,773.45,774.85,773.15,774.75,146106
2675,2025-04-02T14:30:00+05:30,774.75,775.4,773.95,774.9,216973
2676,2025-04-02T14:45:00+05:30,775.0,775.0,773.8,774.8,225290
2677,2025-04-02T15:00:00+05:30,774.85,777.0,774.45,776.1,448237
2678,2025-04-02T15:15:00+05:30,776.1,776.7,775.4,776.6,573212
2679,2025-04-03T09:15:00+05:30,770.45,774.75,769.95,774.4,749021
2680,2025-04-03T09:30:00+05:30,774.45,778.0,772.9,776.75,468568
2681,2025-04-03T09:45:00+05:30,776.5,776.8,773.35,773.55,213247
2682,2025-04-03T10:00:00+05:30,773.55,777.85,773.05,777.2,217837
2683,2025-04-03T10:15:00+05:30,777.2,779.25,776.25,778.9,262760
2684,2025-04-03T10:30:00+05:30,778.75,779.75,777.5,779.15,283567
2685,2025-04-03T10:45:00+05:30,779.1,779.1,778.0,778.35,115894
2686,2025-04-03T11:00:00+05:30,778.35,779.25,777.35,778.7,209464
2687,2025-04-03T11:15:00+05:30,778.7,778.7,776.75,777.8,387401
2688,2025-04-03T11:30:00+05:30,777.75,780.5,777.55,779.4,339019
2689,2025-04-03T11:45:00+05:30,779.4,779.4,777.35,777.4,186498
2690,2025-04-03T12:00:00+05:30,777.5,778.6,777.4,778.6,104305
2691,2025-04-03T12:15:00+05:30,778.6,779.8,777.85,778.35,152906
2692,2025-04-03T12:30:00+05:30,778.4,779.25,778.1,778.25,168644
2693,2025-04-03T12:45:00+05:30,778.5,778.5,777.0,777.95,163758
2694,2025-04-03T13:00:00+05:30,778.0,778.05,777.0,777.65,118963
2695,2025-04-03T13:15:00+05:30,777.8,778.05,776.25,777.55,202093
2696,2025-04-03T13:30:00+05:30,777.7,784.0,777.3,782.0,825759
2697,2025-04-03T13:45:00+05:30,782.0,784.7,781.95,782.5,364358
2698,2025-04-03T14:00:00+05:30,782.55,784.2,782.0,782.05,347968
2699,2025-04-03T14:15:00+05:30,782.0,783.0,780.35,780.5,232996
2700,2025-04-03T14:30:00+05:30,780.55,781.6,778.1,779.1,428960
2701,2025-04-03T14:45:00+05:30,779.1,779.25,778.1,779.0,163262
2702,2025-04-03T15:00:00+05:30,779.05,779.95,778.3,778.95,517124
2703,2025-04-03T15:15:00+05:30,778.9,781.0,778.5,779.9,672396
2704,2025-04-04T09:15:00+05:30,779.1,782.9,773.0,776.6,896756
2705,2025-04-04T09:30:00+05:30,776.6,778.8,774.6,776.75,392051
2706,2025-04-04T09:45:00+05:30,776.8,777.9,773.9,775.2,328144
2707,2025-04-04T10:00:00+05:30,775.35,776.0,774.05,774.05,224532
2708,2025-04-04T10:15:00+05:30,774.05,776.8,773.25,775.1,210635
2709,2025-04-04T10:30:00+05:30,775.2,778.7,775.0,778.0,228839
2710,2025-04-04T10:45:00+05:30,777.75,779.5,777.3,779.5,214833
2711,2025-04-04T11:00:00+05:30,779.5,779.9,778.0,778.45,217605
2712,2025-04-04T11:15:00+05:30,778.45,779.0,776.8,778.95,147650
2713,2025-04-04T11:30:00+05:30,779.0,781.15,777.65,778.3,268637
2714,2025-04-04T11:45:00+05:30,778.35,778.6,776.5,777.55,173185
2715,2025-04-04T12:00:00+05:30,777.55,780.1,777.1,778.9,509447
2716,2025-04-04T12:15:00+05:30,778.9,779.4,778.1,778.8,146949
2717,2025-04-04T12:30:00+05:30,778.8,778.9,777.0,778.0,141908
2718,2025-04-04T12:45:00+05:30,778.0,778.45,777.2,777.65,101441
2719,2025-04-04T13:00:00+05:30,777.65,778.5,776.0,776.2,222765
2720,2025-04-04T13:15:00+05:30,776.25,777.85,775.7,777.4,121354
2721,2025-04-04T13:30:00+05:30,777.4,777.7,773.25,773.55,216570
2722,2025-04-04T13:45:00+05:30,773.65,775.3,772.1,774.6,204123
2723,2025-04-04T14:00:00+05:30,774.7,776.45,774.0,776.15,140147
2724,2025-04-04T14:15:00+05:30,776.15,776.5,772.5,773.3,173786
2725,2025-04-04T14:30:00+05:30,773.3,773.45,766.8,767.75,635779
2726,2025-04-04T14:45:00+05:30,767.8,768.6,765.0,766.0,667181
2727,2025-04-04T15:00:00+05:30,766.1,769.3,765.1,768.1,865912
2728,2025-04-04T15:15:00+05:30,768.05,769.8,766.6,769.0,719246
2729,2025-04-07T09:15:00+05:30,731.0,753.7,731.0,746.3,2074367
2730,2025-04-07T09:30:00+05:30,745.75,752.2,741.45,743.85,1088060
2731,2025-04-07T09:45:00+05:30,743.95,746.7,742.1,743.3,603867
2732,2025-04-07T10:00:00+05:30,743.3,745.85,738.3,738.4,513883
2733,2025-04-07T10:15:00+05:30,738.4,741.7,736.25,741.35,645004
2734,2025-04-07T10:30:00+05:30,741.35,742.25,737.4,742.05,497743
2735,2025-04-07T10:45:00+05:30,742.05,748.95,740.6,745.0,466725
2736,2025-04-07T11:00:00+05:30,745.0,748.25,745.0,746.5,210491
2737,2025-04-07T11:15:00+05:30,746.5,747.6,744.0,745.35,144287
2738,2025-04-07T11:30:00+05:30,745.7,747.8,742.75,743.6,152597
2739,2025-04-07T11:45:00+05:30,743.65,744.4,740.0,740.5,208281
2740,2025-04-07T12:00:00+05:30,740.45,740.95,735.0,735.45,305664
2741,2025-04-07T12:15:00+05:30,735.3,736.0,732.25,732.95,404613
2742,2025-04-07T12:30:00+05:30,732.95,737.65,731.1,737.4,434678
2743,2025-04-07T12:45:00+05:30,737.6,741.8,736.0,736.0,453646
2744,2025-04-07T13:00:00+05:30,736.3,739.65,735.1,739.25,578489
2745,2025-04-07T13:15:00+05:30,739.25,742.9,737.05,742.0,327396
2746,2025-04-07T13:30:00+05:30,741.8,746.95,741.4,744.55,373538
2747,2025-04-07T13:45:00+05:30,744.25,747.6,743.0,743.25,261389
2748,2025-04-07T14:00:00+05:30,743.2,746.45,741.6,745.0,235323
2749,2025-04-07T14:15:00+05:30,744.8,745.4,741.8,742.2,370142
2750,2025-04-07T14:30:00+05:30,742.15,744.9,739.3,739.45,1239423
2751,2025-04-07T14:45:00+05:30,739.5,742.85,737.9,741.9,1171745
2752,2025-04-07T15:00:00+05:30,741.9,749.0,741.9,747.6,1067657
2753,2025-04-07T15:15:00+05:30,747.6,750.0,745.6,749.0,942754
2754,2025-04-08T09:15:00+05:30,759.95,771.8,758.15,770.8,996526
2755,2025-04-08T09:30:00+05:30,770.7,772.4,768.05,769.65,566893
2756,2025-04-08T09:45:00+05:30,769.55,771.55,765.25,766.25,494468
2757,2025-04-08T10:00:00+05:30,766.2,766.6,762.25,764.15,467000
2758,2025-04-08T10:15:00+05:30,764.1,766.35,761.65,766.35,484580
2759,2025-04-08T10:30:00+05:30,766.35,766.65,759.7,761.05,914629
2760,2025-04-08T10:45:00+05:30,761.1,765.0,759.7,763.15,579662
2761,2025-04-08T11:00:00+05:30,763.4,768.95,763.1,767.1,381996
2762,2025-04-08T11:15:00+05:30,767.0,767.75,763.25,765.2,251801
2763,2025-04-08T11:30:00+05:30,765.35,766.8,763.2,763.35,240249
2764,2025-04-08T11:45:00+05:30,763.45,765.5,763.1,763.85,166286
2765,2025-04-08T12:00:00+05:30,764.0,768.5,763.6,768.5,295154
2766,2025-04-08T12:15:00+05:30,768.55,769.75,766.95,768.95,307081
2767,2025-04-08T12:30:00+05:30,768.95,772.95,768.25,772.85,517884
2768,2025-04-08T12:45:00+05:30,772.9,774.0,772.35,773.0,372779
2769,2025-04-08T13:00:00+05:30,773.05,773.5,771.0,773.15,303781
2770,2025-04-08T13:15:00+05:30,773.3,773.8,771.3,773.7,287778
2771,2025-04-08T13:30:00+05:30,773.7,774.0,769.05,770.15,380193
2772,2025-04-08T13:45:00+05:30,770.1,770.65,765.2,768.4,561582
2773,2025-04-08T14:00:00+05:30,768.5,770.7,766.6,769.05,389845
2774,2025-04-08T14:15:00+05:30,769.05,771.5,769.05,770.8,441069
2775,2025-04-08T14:30:00+05:30,770.8,770.95,767.5,768.55,520817
2776,2025-04-08T14:45:00+05:30,768.55,769.3,766.2,768.25,689295
2777,2025-04-08T15:00:00+05:30,768.2,769.85,767.2,768.5,1200251
2778,2025-04-08T15:15:00+05:30,768.55,770.0,767.7,770.0,910100
2779,2025-04-09T09:15:00+05:30,766.6,767.95,762.0,763.0,594142
2780,2025-04-09T09:30:00+05:30,762.95,764.3,759.7,763.8,395537
2781,2025-04-09T09:45:00+05:30,763.6,764.0,759.8,759.8,253943
2782,2025-04-09T10:00:00+05:30,759.9,763.9,756.75,757.0,450900
2783,2025-04-09T10:15:00+05:30,757.0,760.5,756.5,758.5,213091
2784,2025-04-09T10:30:00+05:30,758.5,758.55,755.0,756.2,279116
2785,2025-04-09T10:45:00+05:30,756.2,757.5,755.05,755.75,276237
2786,2025-04-09T11:00:00+05:30,755.6,755.65,750.0,750.95,550238
2787,2025-04-09T11:15:00+05:30,751.2,754.55,750.2,754.5,246825
2788,2025-04-09T11:30:00+05:30,754.5,754.85,752.45,754.4,416544
2789,2025-04-09T11:45:00+05:30,754.2,755.0,752.1,752.85,286373
2790,2025-04-09T12:00:00+05:30,752.85,754.55,752.0,753.45,228853
2791,2025-04-09T12:15:00+05:30,753.4,756.5,752.15,755.45,577581
2792,2025-04-09T12:30:00+05:30,755.4,757.0,754.0,755.35,528992
2793,2025-04-09T12:45:00+05:30,755.35,756.0,751.55,752.8,545539
2794,2025-04-09T13:00:00+05:30,752.8,753.9,751.65,752.65,407799
2795,2025-04-09T13:15:00+05:30,752.65,752.95,747.55,748.85,745281
2796,2025-04-09T13:30:00+05:30,748.85,749.8,746.15,746.95,499331
2797,2025-04-09T13:45:00+05:30,746.9,748.0,745.05,745.45,389790
2798,2025-04-09T14:00:00+05:30,745.45,746.3,744.75,745.5,315993
2799,2025-04-09T14:15:00+05:30,745.5,746.3,744.0,744.05,338542
2800,2025-04-09T14:30:00+05:30,744.0,744.45,742.8,743.15,483564
2801,2025-04-09T14:45:00+05:30,743.15,743.9,742.3,743.65,547182
2802,2025-04-09T15:00:00+05:30,743.6,744.0,741.55,742.1,793727
2803,2025-04-09T15:15:00+05:30,742.1,743.0,741.0,742.45,909234
2804,2025-04-11T09:15:00+05:30,758.1,759.7,748.45,751.2,1404135
2805,2025-04-11T09:30:00+05:30,751.1,752.5,749.35,751.85,324213
2806,2025-04-11T09:45:00+05:30,752.0,752.2,749.45,749.6,346027
2807,2025-04-11T10:00:00+05:30,749.6,751.65,749.55,751.25,200012
2808,2025-04-11T10:15:00+05:30,751.25,752.0,748.2,749.1,259347
2809,2025-04-11T10:30:00+05:30,749.15,749.75,746.0,748.0,402036
2810,2025-04-11T10:45:00+05:30,747.95,750.8,747.3,750.4,315225
2811,2025-04-11T11:00:00+05:30,750.45,752.0,749.05,750.85,591534
2812,2025-04-11T11:15:00+05:30,750.9,753.0,750.1,752.05,301109
2813,2025-04-11T11:30:00+05:30,752.35,753.7,751.35,751.7,283709
2814,2025-04-11T11:45:00+05:30,751.6,751.9,750.8,751.1,136832
2815,2025-04-11T12:00:00+05:30,751.1,754.55,750.9,754.1,468232
2816,2025-04-11T12:15:00+05:30,754.35,755.65,753.85,754.9,419373
2817,2025-04-11T12:30:00+05:30,754.9,755.1,753.4,754.2,271827
2818,2025-04-11T12:45:00+05:30,754.55,755.7,754.1,755.0,188362
2819,2025-04-11T13:00:00+05:30,755.15,755.65,754.6,755.3,199227
2820,2025-04-11T13:15:00+05:30,755.3,755.6,754.5,754.9,258080
2821,2025-04-11T13:30:00+05:30,755.0,755.6,753.6,755.6,359867
2822,2025-04-11T13:45:00+05:30,755.6,757.35,754.0,754.8,350451
2823,2025-04-11T14:00:00+05:30,754.9,754.9,751.5,752.3,281525
2824,2025-04-11T14:15:00+05:30,752.45,753.0,751.0,751.75,211929
2825,2025-04-11T14:30:00+05:30,751.85,753.3,751.75,753.05,205655
2826,2025-04-11T14:45:00+05:30,753.25,754.9,753.15,754.4,234489
2827,2025-04-11T15:00:00+05:30,754.4,754.7,753.15,754.25,558201
2828,2025-04-11T15:15:00+05:30,754.3,754.65,753.05,753.85,599800
2829,2025-04-15T09:15:00+05:30,769.7,769.7,757.1,766.5,872976
2830,2025-04-15T09:30:00+05:30,766.65,768.65,765.0,767.5,384007
2831,2025-04-15T09:45:00+05:30,767.65,769.95,767.15,768.2,302797
2832,2025-04-15T10:00:00+05:30,768.45,770.7,767.1,769.6,296120
2833,2025-04-15T10:15:00+05:30,769.4,770.2,768.3,768.45,200508
2834,2025-04-15T10:30:00+05:30,768.55,769.45,767.5,768.35,129930
2835,2025-04-15T10:45:00+05:30,768.35,768.45,767.1,767.65,99798
2836,2025-04-15T11:00:00+05:30,767.65,768.0,766.5,766.9,109754
2837,2025-04-15T11:15:00+05:30,766.75,767.65,766.1,767.5,143358
2838,2025-04-15T11:30:00+05:30,767.35,769.25,766.5,768.75,171413
2839,2025-04-15T11:45:00+05:30,768.9,769.05,767.5,768.2,129492
2840,2025-04-15T12:00:00+05:30,768.35,768.5,766.6,767.45,89391
2841,2025-04-15T12:15:00+05:30,767.6,768.05,767.0,767.3,113286
2842,2025-04-15T12:30:00+05:30,767.4,767.9,765.8,766.0,267348
2843,2025-04-15T12:45:00+05:30,766.0,766.0,764.9,765.05,285815
2844,2025-04-15T13:00:00+05:30,765.25,765.65,764.3,764.75,152012
2845,2025-04-15T13:15:00+05:30,764.8,766.0,764.7,765.75,174057
2846,2025-04-15T13:30:00+05:30,765.8,766.0,764.5,765.35,276107
2847,2025-04-15T13:45:00+05:30,765.4,765.9,764.5,764.95,226151
2848,2025-04-15T14:00:00+05:30,764.85,765.95,764.5,765.15,281707
2849,2025-04-15T14:15:00+05:30,765.2,765.35,764.3,765.1,220974
2850,2025-04-15T14:30:00+05:30,765.15,765.2,763.85,763.9,488275
2851,2025-04-15T14:45:00+05:30,764.0,764.75,763.85,764.3,356230
2852,2025-04-15T15:00:00+05:30,764.4,764.45,762.4,763.65,883646
2853,2025-04-15T15:15:00+05:30,763.65,765.1,762.6,764.5,1082657
2854,2025-04-16T09:15:00+05:30,763.55,768.6,760.5,768.35,657068
2855,2025-04-16T09:30:00+05:30,768.35,769.45,767.0,769.25,526822
2856,2025-04-16T09:45:00+05:30,769.25,769.85,767.2,767.5,383098
2857,2025-04-16T10:00:00+05:30,767.45,770.65,767.2,770.4,423413
2858,2025-04-16T10:15:00+05:30,770.25,771.0,766.15,768.25,458189
2859,2025-04-16T10:30:00+05:30,768.25,769.75,765.55,765.95,438351
2860,2025-04-16T10:45:00+05:30,765.95,766.65,764.25,764.3,315810
2861,2025-04-16T11:00:00+05:30,764.25,765.0,762.1,765.0,537150
2862,2025-04-16T11:15:00+05:30,765.0,765.6,764.15,764.35,245773
2863,2025-04-16T11:30:00+05:30,764.4,765.6,764.15,764.9,211096
2864,2025-04-16T11:45:00+05:30,764.95,766.5,764.2,765.75,305714
2865,2025-04-16T12:00:00+05:30,765.75,768.0,765.65,767.8,239435
2866,2025-04-16T12:15:00+05:30,767.85,768.0,766.95,767.65,301771
2867,2025-04-16T12:30:00+05:30,767.65,768.95,767.05,768.95,472716
2868,2025-04-16T12:45:00+05:30,768.9,769.35,767.45,768.95,302787
2869,2025-04-16T13:00:00+05:30,768.95,769.2,767.1,768.0,382579
2870,2025-04-16T13:15:00+05:30,767.85,768.0,765.9,766.0,325095
2871,2025-04-16T13:30:00+05:30,766.0,768.0,765.2,767.95,449312
2872,2025-04-16T13:45:00+05:30,767.9,772.0,767.4,771.55,716117
2873,2025-04-16T14:00:00+05:30,771.9,774.75,771.85,774.0,1623671
2874,2025-04-16T14:15:00+05:30,774.0,774.5,773.05,773.15,536864
2875,2025-04-16T14:30:00+05:30,773.15,773.3,771.15,771.35,459935
2876,2025-04-16T14:45:00+05:30,771.35,772.9,771.15,772.45,298571
2877,2025-04-16T15:00:00+05:30,772.6,772.7,771.25,771.55,981167
2878,2025-04-16T15:15:00+05:30,771.5,773.0,771.2,772.15,911074
2879,2025-04-17T09:15:00+05:30,771.75,775.0,767.15,771.1,1423243
2880,2025-04-17T09:30:00+05:30,771.1,774.4,770.7,773.65,892774
2881,2025-04-17T09:45:00+05:30,773.75,776.5,773.05,773.65,834464
2882,2025-04-17T10:00:00+05:30,773.65,774.25,770.6,771.15,510224
2883,2025-04-17T10:15:00+05:30,771.05,771.75,769.35,771.2,381615
2884,2025-04-17T10:30:00+05:30,771.3,773.45,771.1,772.2,471154
2885,2025-04-17T10:45:00+05:30,772.15,772.45,770.2,770.35,352867
2886,2025-04-17T11:00:00+05:30,770.35,772.0,769.6,771.2,676563
2887,2025-04-17T11:15:00+05:30,771.25,772.5,770.75,772.5,545422
2888,2025-04-17T11:30:00+05:30,772.5,774.75,771.8,774.05,918240
2889,2025-04-17T11:45:00+05:30,774.15,776.0,773.05,774.75,514746
2890,2025-04-17T12:00:00+05:30,774.75,780.15,774.25,779.1,1188573
2891,2025-04-17T12:15:00+05:30,779.1,781.5,777.55,781.05,798763
2892,2025-04-17T12:30:00+05:30,781.05,789.95,780.85,789.25,1532378
2893,2025-04-17T12:45:00+05:30,789.25,793.5,787.8,792.9,1649288
2894,2025-04-17T13:00:00+05:30,792.9,796.45,792.0,795.6,1977168
2895,2025-04-17T13:15:00+05:30,795.75,797.6,794.4,796.1,1309700
2896,2025-04-17T13:30:00+05:30,796.1,798.15,794.0,797.35,1535615
2897,2025-04-17T13:45:00+05:30,797.35,799.0,796.5,797.8,1670591
2898,2025-04-17T14:00:00+05:30,797.8,798.5,795.9,796.0,1117326
2899,2025-04-17T14:15:00+05:30,796.0,798.4,795.25,797.9,1100391
2900,2025-04-17T14:30:00+05:30,797.9,798.8,797.75,798.75,757459
2901,2025-04-17T14:45:00+05:30,798.75,801.0,798.0,800.0,1068929
2902,2025-04-17T15:00:00+05:30,800.05,800.4,795.5,795.8,2283500
2903,2025-04-17T15:15:00+05:30,795.65,797.5,793.6,793.85,1463393
2904,2025-04-21T09:15:00+05:30,802.95,813.4,801.4,812.75,3167845
2905,2025-04-21T09:30:00+05:30,813.0,821.0,812.65,819.7,2346000
2906,2025-04-21T09:45:00+05:30,820.0,821.6,819.4,820.15,1005242
2907,2025-04-21T10:00:00+05:30,820.15,820.2,817.0,819.1,750056
2908,2025-04-21T10:15:00+05:30,819.0,821.2,818.0,821.0,449241
2909,2025-04-21T10:30:00+05:30,821.0,822.7,819.45,820.45,544143
2910,2025-04-21T10:45:00+05:30,820.45,822.55,819.4,821.6,419438
2911,2025-04-21T11:00:00+05:30,821.7,824.35,819.45,822.65,896305
2912,2025-04-21T11:15:00+05:30,822.5,823.55,822.0,822.7,476039
2913,2025-04-21T11:30:00+05:30,822.7,823.0,820.05,820.8,337984
2914,2025-04-21T11:45:00+05:30,820.9,822.4,820.55,820.85,311108
2915,2025-04-21T12:00:00+05:30,820.7,820.9,818.0,819.05,593807
2916,2025-04-21T12:15:00+05:30,819.2,820.8,818.8,820.05,243399
2917,2025-04-21T12:30:00+05:30,820.05,821.0,819.15,821.0,251362
2918,2025-04-21T12:45:00+05:30,821.0,821.45,820.0,820.95,295931
2919,2025-04-21T13:00:00+05:30,821.0,821.4,819.5,821.0,408499
2920,2025-04-21T13:15:00+05:30,821.0,821.0,819.8,820.25,296921
2921,2025-04-21T13:30:00+05:30,820.0,820.4,817.55,818.0,391139
2922,2025-04-21T13:45:00+05:30,818.0,820.0,816.5,819.4,386704
2923,2025-04-21T14:00:00+05:30,819.25,819.7,817.6,817.9,281923
2924,2025-04-21T14:15:00+05:30,817.9,818.0,816.5,816.75,327427
2925,2025-04-21T14:30:00+05:30,816.75,816.95,814.6,815.7,465871
2926,2025-04-21T14:45:00+05:30,815.7,817.8,814.8,817.15,459733
2927,2025-04-21T15:00:00+05:30,817.35,817.5,815.05,816.6,441730
2928,2025-04-21T15:15:00+05:30,816.6,817.85,816.2,817.2,687675
2929,2025-04-22T09:15:00+05:30,821.1,821.1,814.0,816.0,1009441
2930,2025-04-22T09:30:00+05:30,816.35,818.5,815.6,817.9,593719
2931,2025-04-22T09:45:00+05:30,817.85,818.0,815.5,817.1,500102
2932,2025-04-22T10:00:00+05:30,817.2,822.8,817.0,820.55,1566430
2933,2025-04-22T10:15:00+05:30,820.4,830.45,820.25,828.0,2519688
2934,2025-04-22T10:30:00+05:30,828.0,831.25,827.05,830.1,1642688
2935,2025-04-22T10:45:00+05:30,830.1,831.75,828.95,830.95,1396746
2936,2025-04-22T11:00:00+05:30,830.95,833.9,829.65,831.25,1618174
2937,2025-04-22T11:15:00+05:30,831.1,831.6,828.0,828.25,1273500
2938,2025-04-22T11:30:00+05:30,828.25,830.65,826.25,830.2,760960
2939,2025-04-22T11:45:00+05:30,830.15,833.8,829.4,833.3,743220
2940,2025-04-22T12:00:00+05:30,833.3,834.5,832.35,833.1,1003643
2941,2025-04-22T12:15:00+05:30,833.2,835.5,831.6,835.1,1182070
2942,2025-04-22T12:30:00+05:30,835.0,835.1,829.35,830.05,1039981
2943,2025-04-22T12:45:00+05:30,830.15,831.05,827.9,829.5,842394
2944,2025-04-22T13:00:00+05:30,829.5,830.35,828.6,828.95,562596
2945,2025-04-22T13:15:00+05:30,828.8,829.15,828.0,828.7,419035
2946,2025-04-22T13:30:00+05:30,828.7,829.0,826.7,827.85,655258
2947,2025-04-22T13:45:00+05:30,827.8,828.0,826.05,826.75,782538
2948,2025-04-22T14:00:00+05:30,826.75,828.35,824.55,826.0,1156608
2949,2025-04-22T14:15:00+05:30,825.8,827.05,825.3,826.7,679357
2950,2025-04-22T14:30:00+05:30,827.0,827.5,825.95,826.6,676736
2951,2025-04-22T14:45:00+05:30,826.65,826.95,822.65,825.55,866907
2952,2025-04-22T15:00:00+05:30,825.5,825.55,822.05,822.15,764227
2953,2025-04-22T15:15:00+05:30,822.25,822.55,819.9,821.3,783041
2954,2025-04-23T09:15:00+05:30,826.0,831.0,823.05,823.8,1450333
2955,2025-04-23T09:30:00+05:30,823.8,823.9,817.05,822.05,1017324
2956,2025-04-23T09:45:00+05:30,822.2,823.45,819.55,820.4,461833
2957,2025-04-23T10:00:00+05:30,820.45,821.1,815.0,815.55,823192
2958,2025-04-23T10:15:00+05:30,815.55,818.0,815.0,817.8,421914
2959,2025-04-23T10:30:00+05:30,817.9,818.5,816.15,817.2,299413
2960,2025-04-23T10:45:00+05:30,817.2,818.25,816.35,818.0,344199
2961,2025-04-23T11:00:00+05:30,817.95,822.0,817.55,821.65,455525
2962,2025-04-23T11:15:00+05:30,821.7,822.5,818.65,819.0,300665
2963,2025-04-23T11:30:00+05:30,819.0,820.7,818.15,820.3,173000
2964,2025-04-23T11:45:00+05:30,820.2,821.0,815.5,815.7,583903
2965,2025-04-23T12:00:00+05:30,815.7,816.0,811.3,813.8,1402733
2966,2025-04-23T12:15:00+05:30,813.85,814.1,811.25,812.5,415072
2967,2025-04-23T12:30:00+05:30,812.55,813.8,810.25,811.05,677922
2968,2025-04-23T12:45:00+05:30,811.1,813.5,810.1,813.3,366633
2969,2025-04-23T13:00:00+05:30,813.3,814.55,812.4,813.2,205827
2970,2025-04-23T13:15:00+05:30,813.25,814.2,812.85,814.05,118410
2971,2025-04-23T13:30:00+05:30,814.05,815.4,813.85,815.3,182220
2972,2025-04-23T13:45:00+05:30,815.3,815.65,814.6,815.4,192549
2973,2025-04-23T14:00:00+05:30,815.4,816.5,814.3,816.05,245340
2974,2025-04-23T14:15:00+05:30,815.95,816.1,814.0,814.6,190639
2975,2025-04-23T14:30:00+05:30,814.65,815.2,813.55,814.35,192615
2976,2025-04-23T14:45:00+05:30,814.3,814.95,814.0,814.5,187441
2977,2025-04-23T15:00:00+05:30,814.35,814.9,812.7,813.4,605289
2978,2025-04-23T15:15:00+05:30,813.45,814.2,812.75,813.5,678759
2979,2025-04-24T09:15:00+05:30,812.75,819.0,811.5,815.6,1033243
2980,2025-04-24T09:30:00+05:30,815.65,817.65,812.05,812.15,570276
2981,2025-04-24T09:45:00+05:30,812.15,816.0,811.5,815.5,420789
2982,2025-04-24T10:00:00+05:30,815.5,815.8,813.35,814.1,254366
2983,2025-04-24T10:15:00+05:30,814.2,815.95,813.55,814.7,268718
2984,2025-04-24T10:30:00+05:30,814.7,814.8,813.0,813.0,221729
2985,2025-04-24T10:45:00+05:30,813.05,815.15,812.35,814.95,441691
2986,2025-04-24T11:00:00+05:30,814.9,816.25,814.55,815.1,433235
2987,2025-04-24T11:15:00+05:30,815.2,817.5,811.8,813.0,713831
2988,2025-04-24T11:30:00+05:30,813.0,815.05,812.95,814.8,240074
2989,2025-04-24T11:45:00+05:30,814.8,815.5,814.3,814.5,222493
2990,2025-04-24T12:00:00+05:30,814.5,815.4,813.6,815.15,397226
2991,2025-04-24T12:15:00+05:30,815.0,816.5,815.0,815.1,233051
2992,2025-04-24T12:30:00+05:30,815.1,816.9,814.9,816.55,251424
2993,2025-04-24T12:45:00+05:30,816.7,817.65,816.0,816.7,297270
2994,2025-04-24T13:00:00+05:30,816.55,816.85,816.05,816.3,193937
2995,2025-04-24T13:15:00+05:30,816.35,817.65,816.0,817.2,259341
2996,2025-04-24T13:30:00+05:30,817.15,818.3,817.1,817.15,278036
2997,2025-04-24T13:45:00+05:30,817.15,817.2,815.0,815.0,367025
2998,2025-04-24T14:00:00+05:30,815.0,815.75,814.55,814.8,789733
2999,2025-04-24T14:15:00+05:30,815.05,816.85,814.5,816.65,653581
3000,2025-04-24T14:30:00+05:30,816.5,817.0,815.0,815.15,477378
3001,2025-04-24T14:45:00+05:30,815.25,816.65,814.95,815.45,482701
3002,2025-04-24T15:00:00+05:30,815.3,816.0,811.35,813.3,1861610
3003,2025-04-24T15:15:00+05:30,813.25,813.45,811.15,812.0,1239736
3004,2025-04-25T09:15:00+05:30,815.0,819.0,808.35,810.95,913120
3005,2025-04-25T09:30:00+05:30,810.9,811.3,806.15,806.95,553698
3006,2025-04-25T09:45:00+05:30,806.95,807.35,802.0,803.1,592795
3007,2025-04-25T10:00:00+05:30,803.1,803.35,797.4,801.05,1235886
3008,2025-04-25T10:15:00+05:30,801.1,801.8,791.05,791.2,726413
3009,2025-04-25T10:30:00+05:30,791.3,794.25,790.15,792.5,578295
3010,2025-04-25T10:45:00+05:30,792.4,794.05,790.1,791.15,420015
3011,2025-04-25T11:00:00+05:30,791.1,795.0,787.0,794.15,883881
3012,2025-04-25T11:15:00+05:30,794.25,795.85,793.15,795.85,287510
3013,2025-04-25T11:30:00+05:30,795.7,798.3,795.0,797.05,297635
3014,2025-04-25T11:45:00+05:30,797.05,797.9,795.05,797.4,302515
3015,2025-04-25T12:00:00+05:30,797.4,798.9,794.9,798.25,882641
3016,2025-04-25T12:15:00+05:30,798.25,799.05,797.0,798.75,348568
3017,2025-04-25T12:30:00+05:30,798.8,800.45,797.9,798.0,363075
3018,2025-04-25T12:45:00+05:30,798.1,800.45,797.4,800.2,340395
3019,2025-04-25T13:00:00+05:30,800.0,801.0,798.3,800.9,335513
3020,2025-04-25T13:15:00+05:30,801.0,803.8,800.5,802.95,324696
3021,2025-04-25T13:30:00+05:30,802.95,803.7,800.1,800.9,314559
3022,2025-04-25T13:45:00+05:30,801.0,803.5,800.25,803.5,372134
3023,2025-04-25T14:00:00+05:30,803.5,803.5,799.2,800.75,481866
3024,2025-04-25T14:15:00+05:30,801.0,803.5,800.95,801.5,273740
3025,2025-04-25T14:30:00+05:30,801.45,801.95,799.1,800.5,443504
3026,2025-04-25T14:45:00+05:30,800.5,801.7,799.05,800.6,360149
3027,2025-04-25T15:00:00+05:30,800.5,800.6,799.0,799.35,661882
3028,2025-04-25T15:15:00+05:30,799.25,799.4,796.0,797.4,792582
3029,2025-04-28T09:15:00+05:30,798.65,809.3,797.4,805.5,980222
3030,2025-04-28T09:30:00+05:30,805.5,812.45,805.45,807.15,767600
3031,2025-04-28T09:45:00+05:30,807.15,809.2,805.1,806.45,393707
3032,2025-04-28T10:00:00+05:30,806.35,808.0,806.0,807.2,220197
3033,2025-04-28T10:15:00+05:30,807.6,809.5,807.5,808.6,231022
3034,2025-04-28T10:30:00+05:30,808.7,811.25,808.3,809.25,256447
3035,2025-04-28T10:45:00+05:30,809.15,809.6,807.5,808.4,506025
3036,2025-04-28T11:00:00+05:30,808.4,808.9,806.0,806.4,283516
3037,2025-04-28T11:15:00+05:30,806.35,807.0,804.55,806.35,335432
3038,2025-04-28T11:30:00+05:30,806.45,809.0,805.85,808.9,232426
3039,2025-04-28T11:45:00+05:30,808.9,810.75,808.9,810.25,241801
3040,2025-04-28T12:00:00+05:30,810.2,812.0,810.05,811.35,284935
3041,2025-04-28T12:15:00+05:30,811.4,814.65,811.05,814.6,414657
3042,2025-04-28T12:30:00+05:30,814.45,818.0,813.75,817.4,546435
3043,2025-04-28T12:45:00+05:30,817.45,822.35,817.3,821.5,778536
3044,2025-04-28T13:00:00+05:30,821.55,822.8,819.4,821.0,551369
3045,2025-04-28T13:15:00+05:30,821.0,822.0,819.5,820.25,279022
3046,2025-04-28T13:30:00+05:30,820.25,821.35,819.15,820.35,183377
3047,2025-04-28T13:45:00+05:30,820.35,821.0,819.1,820.1,205712
3048,2025-04-28T14:00:00+05:30,820.1,822.0,819.75,821.7,311626
3049,2025-04-28T14:15:00+05:30,821.7,822.25,819.0,820.1,325509
3050,2025-04-28T14:30:00+05:30,820.05,821.9,819.1,819.65,324649
3051,2025-04-28T14:45:00+05:30,819.85,819.95,817.0,817.2,797881
3052,2025-04-28T15:00:00+05:30,817.3,818.75,816.45,817.15,868337
3053,2025-04-28T15:15:00+05:30,817.15,818.45,815.0,816.55,963148
3054,2025-04-29T09:15:00+05:30,820.2,829.0,820.05,823.95,1117572
3055,2025-04-29T09:30:00+05:30,823.9,825.1,819.25,820.75,805527
3056,2025-04-29T09:45:00+05:30,820.75,822.5,818.2,821.45,655034
3057,2025-04-29T10:00:00+05:30,821.5,822.05,818.5,819.55,360861
3058,2025-04-29T10:15:00+05:30,819.6,820.95,818.15,819.5,368565
3059,2025-04-29T10:30:00+05:30,819.5,819.9,817.95,818.1,339105
3060,2025-04-29T10:45:00+05:30,818.2,821.85,818.05,820.95,373877
3061,2025-04-29T11:00:00+05:30,820.95,822.5,820.1,821.25,498319
3062,2025-04-29T11:15:00+05:30,821.1,821.3,819.4,820.45,343574
3063,2025-04-29T11:30:00+05:30,820.3,822.0,819.0,821.5,416725
3064,2025-04-29T11:45:00+05:30,821.5,821.5,818.75,819.2,263431
3065,2025-04-29T12:00:00+05:30,819.0,820.4,818.5,818.6,210390
3066,2025-04-29T12:15:00+05:30,818.6,819.0,816.5,817.05,350359
3067,2025-04-29T12:30:00+05:30,817.05,820.6,816.9,819.8,358808
3068,2025-04-29T12:45:00+05:30,819.75,820.4,818.55,820.25,218931
3069,2025-04-29T13:00:00+05:30,820.15,820.9,819.45,819.7,274013
3070,2025-04-29T13:15:00+05:30,819.65,820.4,818.35,819.5,225299
3071,2025-04-29T13:30:00+05:30,819.5,819.65,818.7,819.05,160000
3072,2025-04-29T13:45:00+05:30,819.05,819.15,818.5,818.9,183427
3073,2025-04-29T14:00:00+05:30,818.9,819.0,817.5,818.3,272666
3074,2025-04-29T14:15:00+05:30,818.2,819.5,817.15,818.95,486063
3075,2025-04-29T14:30:00+05:30,818.95,819.2,817.5,818.45,343375
3076,2025-04-29T14:45:00+05:30,818.6,818.75,815.4,815.55,549427
3077,2025-04-29T15:00:00+05:30,815.55,815.85,812.1,812.15,1170174
3078,2025-04-29T15:15:00+05:30,812.15,812.25,809.0,810.75,905527
3079,2025-04-30T09:15:00+05:30,811.5,811.5,795.05,799.0,1888543
3080,2025-04-30T09:30:00+05:30,799.0,801.25,796.85,799.2,682161
3081,2025-04-30T09:45:00+05:30,799.2,801.7,797.5,798.8,555629
3082,2025-04-30T10:00:00+05:30,798.75,799.0,793.0,793.1,2135959
3083,2025-04-30T10:15:00+05:30,793.15,793.65,789.6,790.0,1890142
3084,2025-04-30T10:30:00+05:30,790.0,790.25,784.5,787.0,1399230
3085,2025-04-30T10:45:00+05:30,787.3,791.15,786.8,790.25,2801932
3086,2025-04-30T11:00:00+05:30,790.3,792.0,787.0,789.85,825893
3087,2025-04-30T11:15:00+05:30,789.85,791.75,789.4,791.15,344054
3088,2025-04-30T11:30:00+05:30,791.25,792.3,790.7,790.75,375621
3089,2025-04-30T11:45:00+05:30,790.7,791.0,789.2,789.9,345516
3090,2025-04-30T12:00:00+05:30,789.9,790.6,789.2,790.25,230452
3091,2025-04-30T12:15:00+05:30,790.1,790.95,789.0,790.3,290368
3092,2025-04-30T12:30:00+05:30,790.25,791.0,789.6,790.85,288626
3093,2025-04-30T12:45:00+05:30,790.75,791.15,790.0,790.35,299573
3094,2025-04-30T13:00:00+05:30,790.35,791.35,789.7,791.25,328759
3095,2025-04-30T13:15:00+05:30,791.2,791.5,789.1,790.25,517277
3096,2025-04-30T13:30:00+05:30,790.15,791.1,789.5,791.0,403581
3097,2025-04-30T13:45:00+05:30,791.0,791.3,789.0,790.0,450448
3098,2025-04-30T14:00:00+05:30,790.05,790.2,788.5,790.0,550422
3099,2025-04-30T14:15:00+05:30,790.0,790.25,788.15,788.95,325186
3100,2025-04-30T14:30:00+05:30,788.95,789.95,787.2,789.35,2584779
3101,2025-04-30T14:45:00+05:30,789.4,790.8,788.3,789.55,1238631
3102,2025-04-30T15:00:00+05:30,789.6,791.15,788.1,788.65,2652032
3103,2025-04-30T15:15:00+05:30,788.55,789.25,785.0,787.6,2181019
3104,2025-05-02T09:15:00+05:30,790.65,794.5,789.0,794.2,1093333
3105,2025-05-02T09:30:00+05:30,794.4,797.0,791.55,793.15,1275024
3106,2025-05-02T09:45:00+05:30,793.15,794.8,792.5,793.1,3015429
3107,2025-05-02T10:00:00+05:30,793.1,796.05,791.25,795.65,486715
3108,2025-05-02T10:15:00+05:30,795.6,798.9,795.6,798.7,874731
3109,2025-05-02T10:30:00+05:30,798.65,803.4,797.6,801.7,1128608
3110,2025-05-02T10:45:00+05:30,801.7,801.8,797.5,799.1,523050
3111,2025-05-02T11:00:00+05:30,799.45,800.75,797.6,798.6,343469
3112,2025-05-02T11:15:00+05:30,798.6,800.0,795.4,795.85,344457
3113,2025-05-02T11:30:00+05:30,795.75,797.45,791.2,794.75,455469
3114,2025-05-02T11:45:00+05:30,794.75,797.0,794.1,796.0,266877
3115,2025-05-02T12:00:00+05:30,796.0,796.05,793.9,794.9,387179
3116,2025-05-02T12:15:00+05:30,794.85,794.9,791.55,791.6,576884
3117,2025-05-02T12:30:00+05:30,791.75,793.95,791.55,793.95,671067
3118,2025-05-02T12:45:00+05:30,793.8,796.0,793.8,794.5,240011
3119,2025-05-02T13:00:00+05:30,794.5,796.0,793.85,794.0,332300
3120,2025-05-02T13:15:00+05:30,793.8,796.5,793.1,795.5,560006
3121,2025-05-02T13:30:00+05:30,795.5,797.75,795.0,796.0,413659
3122,2025-05-02T13:45:00+05:30,796.0,796.8,794.7,795.1,291831
3123,2025-05-02T14:00:00+05:30,795.0,797.95,794.7,796.45,451097
3124,2025-05-02T14:15:00+05:30,796.4,797.25,794.65,795.2,501731
3125,2025-05-02T14:30:00+05:30,795.2,797.8,794.65,797.1,578360
3126,2025-05-02T14:45:00+05:30,797.1,801.85,796.75,800.7,692688
3127,2025-05-02T15:00:00+05:30,801.0,801.55,798.2,800.8,766424
3128,2025-05-02T15:15:00+05:30,800.8,801.0,797.9,799.8,884049
3129,2025-05-05T09:15:00+05:30,784.0,799.0,782.4,786.1,3641472
3130,2025-05-05T09:30:00+05:30,786.15,789.0,784.0,787.95,1641655
3131,2025-05-05T09:45:00+05:30,787.95,792.75,786.0,792.15,1756568
3132,2025-05-05T10:00:00+05:30,792.0,792.2,785.6,786.3,2269246
3133,2025-05-05T10:15:00+05:30,786.25,787.3,785.05,786.2,763225
3134,2025-05-05T10:30:00+05:30,786.2,790.6,786.2,789.95,824975
3135,2025-05-05T10:45:00+05:30,789.95,793.75,787.7,788.0,1603711
3136,2025-05-05T11:00:00+05:30,788.0,793.2,787.55,792.0,918051
3137,2025-05-05T11:15:00+05:30,792.1,793.0,789.6,789.95,461919
3138,2025-05-05T11:30:00+05:30,789.95,791.4,789.0,789.65,356235
3139,2025-05-05T11:45:00+05:30,789.7,790.05,788.5,789.3,525910
3140,2025-05-05T12:00:00+05:30,789.3,790.3,788.75,789.65,433886
3141,2025-05-05T12:15:00+05:30,789.65,789.85,787.0,789.35,576967
3142,2025-05-05T12:30:00+05:30,789.15,789.35,786.65,788.2,1874803
3143,2025-05-05T12:45:00+05:30,788.0,790.4,787.5,790.0,427450
3144,2025-05-05T13:00:00+05:30,790.0,792.95,789.85,792.35,606315
3145,2025-05-05T13:15:00+05:30,792.3,793.2,791.0,791.7,430099
3146,2025-05-05T13:30:00+05:30,791.6,793.0,791.45,792.45,238953
3147,2025-05-05T13:45:00+05:30,792.25,792.95,791.55,791.75,268123
3148,2025-05-05T14:00:00+05:30,791.7,792.1,790.4,790.6,411151
3149,2025-05-05T14:15:00+05:30,790.6,791.3,789.5,790.05,391384
3150,2025-05-05T14:30:00+05:30,790.35,791.45,790.0,790.55,459219
3151,2025-05-05T14:45:00+05:30,790.4,791.5,790.0,790.95,564061
3152,2025-05-05T15:00:00+05:30,790.95,791.0,788.75,789.85,1033398
3153,2025-05-05T15:15:00+05:30,789.65,790.8,789.6,790.6,1155588
3154,2025-05-06T09:15:00+05:30,794.0,799.15,783.5,784.25,2109148
3155,2025-05-06T09:30:00+05:30,784.35,785.85,783.5,784.85,569939
3156,2025-05-06T09:45:00+05:30,784.9,785.35,778.55,779.15,1095713
3157,2025-05-06T10:00:00+05:30,779.3,781.0,779.0,779.2,548644
3158,2025-05-06T10:15:00+05:30,779.2,779.2,775.1,777.75,1141364
3159,2025-05-06T10:30:00+05:30,777.75,778.9,777.1,777.9,404932
3160,2025-05-06T10:45:00+05:30,777.9,778.5,777.0,778.4,339781
3161,2025-05-06T11:00:00+05:30,778.1,778.3,775.3,777.3,435584
3162,2025-05-06T11:15:00+05:30,777.15,778.4,773.5,773.65,876227
3163,2025-05-06T11:30:00+05:30,773.65,773.95,771.1,773.0,637296
3164,2025-05-06T11:45:00+05:30,773.0,774.7,772.55,774.55,510697
3165,2025-05-06T12:00:00+05:30,774.5,776.35,774.0,776.25,435220
3166,2025-05-06T12:15:00+05:30,776.2,776.5,775.05,775.75,376717
3167,2025-05-06T12:30:00+05:30,775.6,776.05,775.0,775.55,410758
3168,2025-05-06T12:45:00+05:30,775.55,775.75,774.2,774.5,963929
3169,2025-05-06T13:00:00+05:30,774.25,776.05,773.75,775.75,397344
3170,2025-05-06T13:15:00+05:30,775.8,777.4,775.5,776.7,434475
3171,2025-05-06T13:30:00+05:30,776.65,777.1,775.25,775.65,446362
3172,2025-05-06T13:45:00+05:30,775.9,778.4,775.65,777.85,652698
3173,2025-05-06T14:00:00+05:30,777.9,778.0,775.75,776.3,444682
3174,2025-05-06T14:15:00+05:30,776.1,776.7,774.5,774.85,491980
3175,2025-05-06T14:30:00+05:30,774.85,778.7,774.5,778.5,1081831
3176,2025-05-06T14:45:00+05:30,778.5,779.65,773.4,774.7,1122638
3177,2025-05-06T15:00:00+05:30,774.65,776.6,773.8,774.85,1243898
3178,2025-05-06T15:15:00+05:30,775.1,775.5,771.5,772.8,1625861
3179,2025-05-07T09:15:00+05:30,765.65,782.0,764.55,781.05,2336216
3180,2025-05-07T09:30:00+05:30,781.05,782.4,776.25,777.75,900240
3181,2025-05-07T09:45:00+05:30,777.85,779.8,773.6,778.25,1701343
3182,2025-05-07T10:00:00+05:30,778.25,778.55,774.1,775.55,371842
3183,2025-05-07T10:15:00+05:30,775.2,778.65,774.4,776.3,573061
3184,2025-05-07T10:30:00+05:30,776.3,779.0,776.1,778.55,267132
3185,2025-05-07T10:45:00+05:30,778.6,780.1,776.3,777.05,326033
3186,2025-05-07T11:00:00+05:30,777.0,779.5,776.95,778.25,270030
3187,2025-05-07T11:15:00+05:30,778.25,780.4,778.25,779.45,413812
3188,2025-05-07T11:30:00+05:30,779.5,780.5,777.9,778.2,285971
3189,2025-05-07T11:45:00+05:30,778.25,778.5,775.2,776.3,414610
3190,2025-05-07T12:00:00+05:30,776.4,777.0,776.0,776.5,169626
3191,2025-05-07T12:15:00+05:30,776.55,777.35,775.5,776.65,316009
3192,2025-05-07T12:30:00+05:30,776.7,778.2,775.5,775.75,508436
3193,2025-05-07T12:45:00+05:30,775.8,776.8,774.6,774.85,578797
3194,2025-05-07T13:00:00+05:30,774.8,774.95,772.95,773.85,606490
3195,2025-05-07T13:15:00+05:30,773.85,774.95,773.25,773.35,236600
3196,2025-05-07T13:30:00+05:30,773.65,774.05,771.2,772.25,557855
3197,2025-05-07T13:45:00+05:30,772.25,772.85,771.25,772.75,313954
3198,2025-05-07T14:00:00+05:30,772.7,775.8,772.55,773.95,616970
3199,2025-05-07T14:15:00+05:30,773.85,774.75,771.95,773.2,415510
3200,2025-05-07T14:30:00+05:30,773.15,775.4,772.85,775.3,410335
3201,2025-05-07T14:45:00+05:30,775.3,776.65,774.25,775.05,497350
3202,2025-05-07T15:00:00+05:30,775.05,776.15,774.5,775.65,865658
3203,2025-05-07T15:15:00+05:30,775.5,778.0,775.5,777.8,1430977
3204,2025-05-08T09:15:00+05:30,779.0,781.95,777.65,779.25,896956
3205,2025-05-08T09:30:00+05:30,779.3,781.7,778.65,780.7,356047
3206,2025-05-08T09:45:00+05:30,780.75,784.0,780.35,781.05,596286
3207,2025-05-08T10:00:00+05:30,780.95,784.8,780.9,783.5,412182
3208,2025-05-08T10:15:00+05:30,783.65,786.5,783.0,786.1,539049
3209,2025-05-08T10:30:00+05:30,786.4,786.5,783.1,783.35,428857
3210,2025-05-08T10:45:00+05:30,783.45,783.85,781.75,782.0,226290
3211,2025-05-08T11:00:00+05:30,782.0,783.7,781.4,781.5,366701
3212,2025-05-08T11:15:00+05:30,781.5,782.9,780.7,782.65,289007
3213,2025-05-08T11:30:00+05:30,782.65,782.75,780.55,781.0,182210
3214,2025-05-08T11:45:00+05:30,781.15,781.25,779.9,780.8,227175
3215,2025-05-08T12:00:00+05:30,780.65,780.85,779.7,780.1,211186
3216,2025-05-08T12:15:00+05:30,780.15,781.6,780.0,781.2,208617
3217,2025-05-08T12:30:00+05:30,781.25,782.0,780.5,781.5,243255
3218,2025-05-08T12:45:00+05:30,781.35,782.7,780.8,781.65,279683
3219,2025-05-08T13:00:00+05:30,781.6,781.95,779.25,779.85,311026
3220,2025-05-08T13:15:00+05:30,779.85,781.75,778.5,779.7,299037
3221,2025-05-08T13:30:00+05:30,779.7,779.7,775.15,775.5,626780
3222,2025-05-08T13:45:00+05:30,775.5,777.25,773.25,774.1,618014
3223,2025-05-08T14:00:00+05:30,774.4,775.5,772.5,773.8,452760
3224,2025-05-08T14:15:00+05:30,773.9,776.45,773.55,775.6,444351
3225,2025-05-08T14:30:00+05:30,775.55,776.2,774.4,775.4,470716
3226,2025-05-08T14:45:00+05:30,775.4,775.65,768.55,771.5,1383294
3227,2025-05-08T15:00:00+05:30,771.5,773.55,770.0,770.25,1686651
3228,2025-05-08T15:15:00+05:30,770.2,770.75,764.0,765.45,2691539
3229,2025-05-09T09:15:00+05:30,756.5,771.4,755.5,766.8,2153178
3230,2025-05-09T09:30:00+05:30,766.5,772.55,766.0,768.55,820514
3231,2025-05-09T09:45:00+05:30,768.65,769.45,764.8,765.35,661379
3232,2025-05-09T10:00:00+05:30,765.45,768.85,764.2,768.35,464828
3233,2025-05-09T10:15:00+05:30,768.35,770.0,766.05,769.7,498005
3234,2025-05-09T10:30:00+05:30,769.7,770.0,766.7,767.65,414094
3235,2025-05-09T10:45:00+05:30,767.65,774.9,767.15,771.55,1096139
3236,2025-05-09T11:00:00+05:30,771.55,776.7,771.5,774.35,717541
3237,2025-05-09T11:15:00+05:30,774.4,777.8,774.25,777.5,326956
3238,2025-05-09T11:30:00+05:30,777.35,779.0,775.75,775.75,455001
3239,2025-05-09T11:45:00+05:30,775.8,776.4,773.6,775.0,314919
3240,2025-05-09T12:00:00+05:30,774.85,776.85,771.95,776.75,693219
3241,2025-05-09T12:15:00+05:30,776.85,777.75,775.0,776.55,232178
3242,2025-05-09T12:30:00+05:30,776.7,777.6,774.9,776.4,493284
3243,2025-05-09T12:45:00+05:30,776.4,777.6,776.0,777.35,124875
3244,2025-05-09T13:00:00+05:30,777.3,777.45,774.0,775.55,169636
3245,2025-05-09T13:15:00+05:30,775.55,776.4,773.2,773.4,181278
3246,2025-05-09T13:30:00+05:30,773.4,775.65,772.95,774.35,287678
3247,2025-05-09T13:45:00+05:30,774.35,776.2,774.0,774.9,252140
3248,2025-05-09T14:00:00+05:30,774.9,776.35,773.4,774.45,235483
3249,2025-05-09T14:15:00+05:30,774.45,775.8,773.25,774.0,346327
3250,2025-05-09T14:30:00+05:30,773.95,776.9,773.9,776.1,346821
3251,2025-05-09T14:45:00+05:30,776.05,778.4,775.95,777.95,382457
3252,2025-05-09T15:00:00+05:30,777.9,780.7,776.4,780.05,810875
3253,2025-05-09T15:15:00+05:30,780.0,781.7,778.5,780.5,1000093
3254,2025-05-12T09:15:00+05:30,799.0,802.25,796.55,799.5,2642132
3255,2025-05-12T09:30:00+05:30,799.5,801.0,794.35,795.0,1098176
3256,2025-05-12T09:45:00+05:30,795.05,799.05,794.1,798.65,701101
3257,2025-05-12T10:00:00+05:30,798.6,798.65,794.5,795.15,438815
3258,2025-05-12T10:15:00+05:30,794.95,795.95,793.4,793.9,436426
3259,2025-05-12T10:30:00+05:30,794.1,795.0,793.0,794.9,491967
3260,2025-05-12T10:45:00+05:30,794.9,798.1,794.0,798.0,563686
3261,2025-05-12T11:00:00+05:30,798.1,800.8,797.3,799.95,969683
3262,2025-05-12T11:15:00+05:30,799.8,803.9,799.55,802.7,1183287
3263,2025-05-12T11:30:00+05:30,802.7,803.9,800.1,801.55,478464
3264,2025-05-12T11:45:00+05:30,801.8,802.85,800.2,801.05,212266
3265,2025-05-12T12:00:00+05:30,801.1,802.0,800.75,801.6,194169
3266,2025-05-12T12:15:00+05:30,801.6,802.0,799.3,800.3,244940
3267,2025-05-12T12:30:00+05:30,800.5,803.0,800.3,801.5,340537
3268,2025-05-12T12:45:00+05:30,801.5,801.75,800.2,801.65,158224
3269,2025-05-12T13:00:00+05:30,801.3,802.1,800.0,800.3,155890
3270,2025-05-12T13:15:00+05:30,800.3,802.15,799.4,801.7,310054
3271,2025-05-12T13:30:00+05:30,801.6,802.3,800.8,801.95,298241
3272,2025-05-12T13:45:00+05:30,801.95,802.8,801.8,802.5,254164
3273,2025-05-12T14:00:00+05:30,802.5,802.8,800.45,801.0,1467076
3274,2025-05-12T14:15:00+05:30,801.0,802.95,800.9,802.05,300944
3275,2025-05-12T14:30:00+05:30,802.05,803.0,800.55,800.85,241732
3276,2025-05-12T14:45:00+05:30,801.0,803.3,800.7,803.05,430485
3277,2025-05-12T15:00:00+05:30,803.1,803.4,801.55,801.55,429443
3278,2025-05-12T15:15:00+05:30,801.75,802.1,800.65,800.95,810152
3279,2025-05-13T09:15:00+05:30,798.5,804.25,798.0,799.0,1228512
3280,2025-05-13T09:30:00+05:30,799.15,807.65,798.15,805.15,1232776
3281,2025-05-13T09:45:00+05:30,805.5,806.3,802.5,804.35,630486
3282,2025-05-13T10:00:00+05:30,804.55,807.5,804.1,806.6,484696
3283,2025-05-13T10:15:00+05:30,806.6,806.95,803.55,803.7,356281
3284,2025-05-13T10:30:00+05:30,803.7,805.85,802.5,805.15,353644
3285,2025-05-13T10:45:00+05:30,805.05,806.0,802.95,804.35,593177
3286,2025-05-13T11:00:00+05:30,804.3,805.85,802.65,802.95,714869
3287,2025-05-13T11:15:00+05:30,803.05,805.0,802.9,804.6,267299
3288,2025-05-13T11:30:00+05:30,804.5,805.4,801.65,801.95,377262
3289,2025-05-13T11:45:00+05:30,802.1,803.2,801.65,802.55,384281
3290,2025-05-13T12:00:00+05:30,802.5,803.3,801.7,802.65,404213
3291,2025-05-13T12:15:00+05:30,802.65,803.0,801.25,801.45,483263
3292,2025-05-13T12:30:00+05:30,801.5,802.2,800.15,801.3,652986
3293,2025-05-13T12:45:00+05:30,801.2,802.4,800.1,800.3,432343
3294,2025-05-13T13:00:00+05:30,800.5,802.0,800.05,801.7,284678
3295,2025-05-13T13:15:00+05:30,801.7,801.95,800.5,800.65,271624
3296,2025-05-13T13:30:00+05:30,800.5,801.6,800.2,801.5,209805
3297,2025-05-13T13:45:00+05:30,801.45,801.5,798.5,798.85,453257
3298,2025-05-13T14:00:00+05:30,798.75,800.85,798.25,799.4,274341
3299,2025-05-13T14:15:00+05:30,799.35,800.0,797.2,798.9,597897
3300,2025-05-13T14:30:00+05:30,798.9,801.8,798.6,800.8,434163
3301,2025-05-13T14:45:00+05:30,800.8,803.5,800.75,802.3,844021
3302,2025-05-13T15:00:00+05:30,802.3,803.0,800.55,801.65,920787
3303,2025-05-13T15:15:00+05:30,801.65,802.25,801.05,801.95,944604
3304,2025-05-14T09:15:00+05:30,805.75,807.5,803.0,805.5,722927
3305,2025-05-14T09:30:00+05:30,805.5,806.5,803.0,805.4,452580
3306,2025-05-14T09:45:00+05:30,805.75,805.95,803.0,803.2,309953
3307,2025-05-14T10:00:00+05:30,803.2,804.55,802.4,804.05,230846
3308,2025-05-14T10:15:00+05:30,804.2,805.35,803.5,804.3,223035
3309,2025-05-14T10:30:00+05:30,804.5,806.8,803.5,806.55,247598
3310,2025-05-14T10:45:00+05:30,806.55,806.6,804.5,804.5,307557
3311,2025-05-14T11:00:00+05:30,804.7,805.6,804.5,804.85,211508
3312,2025-05-14T11:15:00+05:30,804.9,805.15,803.0,803.2,376742
3313,2025-05-14T11:30:00+05:30,803.2,803.6,800.35,800.75,380836
3314,2025-05-14T11:45:00+05:30,800.75,800.75,798.5,800.0,529540
3315,2025-05-14T12:00:00+05:30,800.0,800.95,799.25,800.9,320836
3316,2025-05-14T12:15:00+05:30,800.85,800.9,799.6,799.95,423363
3317,2025-05-14T12:30:00+05:30,799.95,800.95,798.5,799.9,329718
3318,2025-05-14T12:45:00+05:30,799.9,800.05,796.3,797.35,535933
3319,2025-05-14T13:00:00+05:30,797.35,799.5,797.0,798.85,256014
3320,2025-05-14T13:15:00+05:30,798.95,799.8,797.5,799.6,233167
3321,2025-05-14T13:30:00+05:30,799.6,799.8,798.75,799.35,206543
3322,2025-05-14T13:45:00+05:30,799.35,799.5,798.25,798.45,192227
3323,2025-05-14T14:00:00+05:30,798.45,798.75,798.0,798.55,227516
3324,2025-05-14T14:15:00+05:30,798.6,802.0,798.0,800.6,439197
3325,2025-05-14T14:30:00+05:30,800.8,801.0,798.5,799.75,448998
3326,2025-05-14T14:45:00+05:30,799.75,800.35,799.6,800.0,209559
3327,2025-05-14T15:00:00+05:30,800.0,801.0,799.75,800.45,643808
3328,2025-05-14T15:15:00+05:30,800.5,802.85,800.0,802.4,786891
