,datetime,open,high,low,close,volume
0,2024-10-28T09:15:00+05:30,4068.95,4100.0,4065.0,4072.75,169027
1,2024-10-28T09:30:00+05:30,4071.95,4074.5,4057.55,4064.15,83520
2,2024-10-28T09:45:00+05:30,4062.85,4078.9,4051.0,4076.6,284199
3,2024-10-28T10:00:00+05:30,4076.55,4078.5,4067.7,4073.0,24342
4,2024-10-28T10:15:00+05:30,4073.95,4092.7,4073.1,4088.0,50784
5,2024-10-28T10:30:00+05:30,4089.4,4108.95,4085.95,4099.2,84885
6,2024-10-28T10:45:00+05:30,4099.2,4107.0,4095.85,4101.7,62066
7,2024-10-28T11:00:00+05:30,4101.8,4104.0,4095.25,4103.55,62095
8,2024-10-28T11:15:00+05:30,4103.55,4113.55,4096.4,4113.45,64186
9,2024-10-28T11:30:00+05:30,4113.4,4121.0,4108.35,4117.8,39735
10,2024-10-28T11:45:00+05:30,4117.8,4125.0,4114.85,4117.0,41810
11,2024-10-28T12:00:00+05:30,4117.0,4124.65,4112.5,4124.05,75145
12,2024-10-28T12:15:00+05:30,4124.75,4134.0,4124.2,4131.0,62727
13,2024-10-28T12:30:00+05:30,4131.55,4133.0,4125.25,4126.05,49568
14,2024-10-28T12:45:00+05:30,4127.4,4131.15,4109.55,4114.0,52348
15,2024-10-28T13:00:00+05:30,4114.85,4117.85,4110.5,4117.0,38098
16,2024-10-28T13:15:00+05:30,4117.0,4120.35,4104.0,4106.7,22724
17,2024-10-28T13:30:00+05:30,4105.5,4107.65,4100.55,4102.95,19972
18,2024-10-28T13:45:00+05:30,4102.95,4110.35,4101.95,4105.2,13212
19,2024-10-28T14:00:00+05:30,4105.25,4111.7,4102.5,4108.9,20381
20,2024-10-28T14:15:00+05:30,4108.65,4112.8,4105.8,4107.0,19576
21,2024-10-28T14:30:00+05:30,4107.0,4111.0,4102.0,4102.7,19478
22,2024-10-28T14:45:00+05:30,4103.65,4109.7,4102.0,4103.65,21329
23,2024-10-28T15:00:00+05:30,4103.65,4104.35,4083.25,4093.0,72227
24,2024-10-28T15:15:00+05:30,4093.7,4096.95,4087.0,4090.05,71218
25,2024-10-29T09:15:00+05:30,4098.0,4103.5,4068.2,4076.7,145278
26,2024-10-29T09:30:00+05:30,4076.5,4081.2,4070.4,4073.0,54821
27,2024-10-29T09:45:00+05:30,4074.0,4074.75,4062.1,4063.9,53177
28,2024-10-29T10:00:00+05:30,4064.05,4075.45,4060.1,4072.9,41701
29,2024-10-29T10:15:00+05:30,4073.6,4073.65,4062.0,4068.6,39081
30,2024-10-29T10:30:00+05:30,4068.15,4071.15,4061.35,4070.95,36519
31,2024-10-29T10:45:00+05:30,4071.05,4077.1,4066.0,4071.6,44499
32,2024-10-29T11:00:00+05:30,4071.65,4086.0,4070.0,4085.0,107023
33,2024-10-29T11:15:00+05:30,4084.9,4086.8,4077.9,4080.2,42646
34,2024-10-29T11:30:00+05:30,4080.25,4084.9,4075.15,4077.95,37398
35,2024-10-29T11:45:00+05:30,4078.3,4080.0,4071.95,4079.8,23955
36,2024-10-29T12:00:00+05:30,4079.8,4088.2,4079.25,4087.45,33717
37,2024-10-29T12:15:00+05:30,4087.5,4089.55,4081.45,4081.5,24494
38,2024-10-29T12:30:00+05:30,4081.9,4083.65,4078.0,4079.3,23392
39,2024-10-29T12:45:00+05:30,4079.15,4081.95,4075.55,4076.25,22702
40,2024-10-29T13:00:00+05:30,4077.0,4079.2,4070.7,4070.95,29580
41,2024-10-29T13:15:00+05:30,4071.95,4075.6,4070.0,4071.95,28898
42,2024-10-29T13:30:00+05:30,4073.0,4073.65,4070.0,4071.55,22171
43,2024-10-29T13:45:00+05:30,4071.45,4071.85,4060.5,4065.0,68689
44,2024-10-29T14:00:00+05:30,4064.5,4085.25,4064.4,4082.0,52023
45,2024-10-29T14:15:00+05:30,4082.0,4084.95,4076.9,4079.2,37929
46,2024-10-29T14:30:00+05:30,4078.15,4080.95,4074.25,4078.3,35439
47,2024-10-29T14:45:00+05:30,4078.35,4080.0,4073.35,4078.3,51780
48,2024-10-29T15:00:00+05:30,4077.4,4079.45,4072.7,4073.55,182343
49,2024-10-29T15:15:00+05:30,4073.5,4080.0,4070.3,4080.0,174658
50,2024-10-30T09:15:00+05:30,4075.25,4098.0,4075.05,4087.0,193426
51,2024-10-30T09:30:00+05:30,4086.95,4103.1,4083.85,4093.1,61126
52,2024-10-30T09:45:00+05:30,4093.1,4095.0,4085.5,4092.25,35570
53,2024-10-30T10:00:00+05:30,4092.2,4107.0,4090.0,4101.8,48043
54,2024-10-30T10:15:00+05:30,4101.25,4106.9,4093.3,4097.5,34589
55,2024-10-30T10:30:00+05:30,4097.4,4099.15,4086.0,4089.85,58415
56,2024-10-30T10:45:00+05:30,4089.85,4096.05,4089.75,4092.4,24924
57,2024-10-30T11:00:00+05:30,4092.45,4099.95,4089.65,4098.0,34780
58,2024-10-30T11:15:00+05:30,4097.4,4105.0,4092.15,4100.85,44992
59,2024-10-30T11:30:00+05:30,4100.35,4102.85,4094.55,4096.6,23348
60,2024-10-30T11:45:00+05:30,4096.6,4101.5,4092.25,4093.15,21995
61,2024-10-30T12:00:00+05:30,4092.85,4103.1,4091.05,4098.4,43286
62,2024-10-30T12:15:00+05:30,4098.0,4102.0,4091.65,4095.3,79029
63,2024-10-30T12:30:00+05:30,4095.45,4106.8,4095.4,4105.0,94700
64,2024-10-30T12:45:00+05:30,4105.0,4106.9,4100.05,4101.5,65189
65,2024-10-30T13:00:00+05:30,4100.8,4104.15,4096.0,4100.45,80697
66,2024-10-30T13:15:00+05:30,4100.45,4100.5,4090.0,4096.35,84111
67,2024-10-30T13:30:00+05:30,4096.35,4102.1,4095.8,4099.35,73527
68,2024-10-30T13:45:00+05:30,4099.35,4099.95,4091.6,4094.8,78638
69,2024-10-30T14:00:00+05:30,4094.8,4097.25,4090.25,4092.35,78393
70,2024-10-30T14:15:00+05:30,4092.35,4098.0,4088.05,4097.85,81561
71,2024-10-30T14:30:00+05:30,4097.85,4099.9,4092.25,4095.65,98950
72,2024-10-30T14:45:00+05:30,4095.1,4096.9,4089.7,4089.75,72661
73,2024-10-30T15:00:00+05:30,4089.8,4093.9,4084.05,4084.05,211785
74,2024-10-30T15:15:00+05:30,4084.15,4086.45,4060.05,4071.2,170332
75,2024-10-31T09:15:00+05:30,4070.0,4078.3,4003.05,4005.4,167971
76,2024-10-31T09:30:00+05:30,4005.4,4009.0,4000.0,4003.15,227087
77,2024-10-31T09:45:00+05:30,4003.15,4009.95,3996.0,3996.6,178166
78,2024-10-31T10:00:00+05:30,3996.3,3999.55,3977.0,3993.8,166687
79,2024-10-31T10:15:00+05:30,3993.8,3994.45,3976.6,3979.65,101800
80,2024-10-31T10:30:00+05:30,3979.65,3982.4,3971.55,3971.95,87042
81,2024-10-31T10:45:00+05:30,3972.0,3972.75,3962.0,3965.65,116062
82,2024-10-31T11:00:00+05:30,3965.5,3966.0,3960.05,3963.95,85852
83,2024-10-31T11:15:00+05:30,3964.75,3976.0,3962.75,3963.8,103232
84,2024-10-31T11:30:00+05:30,3963.75,3972.0,3961.1,3971.7,74472
85,2024-10-31T11:45:00+05:30,3971.7,3976.0,3970.85,3975.05,87981
86,2024-10-31T12:00:00+05:30,3975.0,3977.85,3967.5,3970.0,136859
87,2024-10-31T12:15:00+05:30,3970.0,3978.0,3968.0,3976.75,59398
88,2024-10-31T12:30:00+05:30,3976.75,3984.8,3976.7,3983.75,95671
89,2024-10-31T12:45:00+05:30,3983.75,3989.0,3981.0,3985.7,68669
90,2024-10-31T13:00:00+05:30,3985.95,3992.1,3982.95,3987.9,141209
91,2024-10-31T13:15:00+05:30,3987.9,3990.0,3980.0,3982.6,69006
92,2024-10-31T13:30:00+05:30,3982.55,3984.5,3978.05,3983.2,78524
93,2024-10-31T13:45:00+05:30,3982.9,3986.3,3980.1,3982.75,82793
94,2024-10-31T14:00:00+05:30,3982.75,3986.95,3981.85,3986.65,49900
95,2024-10-31T14:15:00+05:30,3986.65,3991.2,3984.5,3986.55,47852
96,2024-10-31T14:30:00+05:30,3986.55,3989.55,3980.0,3986.8,81037
97,2024-10-31T14:45:00+05:30,3986.8,3989.45,3980.65,3981.3,73688
98,2024-10-31T15:00:00+05:30,3981.3,3984.05,3960.5,3962.95,638615
99,2024-10-31T15:15:00+05:30,3962.95,3976.0,3960.0,3975.0,704481
100,2024-11-01T18:00:00+05:30,3989.95,3998.95,3976.05,3993.3,55239
101,2024-11-01T18:15:00+05:30,3994.7,3996.0,3985.5,3986.9,31237
102,2024-11-01T18:30:00+05:30,3986.9,3992.0,3982.2,3985.05,28285
103,2024-11-01T18:45:00+05:30,3984.95,3988.0,3980.0,3983.05,36151
104,2024-11-04T09:15:00+05:30,3970.0,3991.9,3952.2,3963.35,234842
105,2024-11-04T09:30:00+05:30,3963.1,3966.65,3944.35,3946.75,154222
106,2024-11-04T09:45:00+05:30,3946.75,3950.9,3941.05,3950.85,75869
107,2024-11-04T10:00:00+05:30,3950.85,3960.0,3943.35,3952.1,133472
108,2024-11-04T10:15:00+05:30,3951.45,3956.05,3946.0,3947.75,111518
109,2024-11-04T10:30:00+05:30,3947.15,3949.8,3931.0,3937.3,72301
110,2024-11-04T10:45:00+05:30,3936.6,3943.0,3935.0,3935.6,46348
111,2024-11-04T11:00:00+05:30,3936.1,3936.1,3913.25,3918.55,70530
112,2024-11-04T11:15:00+05:30,3918.75,3925.8,3914.8,3922.7,62146
113,2024-11-04T11:30:00+05:30,3922.7,3929.4,3920.0,3928.6,51910
114,2024-11-04T11:45:00+05:30,3928.25,3936.6,3925.4,3936.0,74634
115,2024-11-04T12:00:00+05:30,3936.05,3959.45,3936.0,3959.0,73804
116,2024-11-04T12:15:00+05:30,3958.1,3964.9,3948.05,3952.05,60851
117,2024-11-04T12:30:00+05:30,3952.05,3956.75,3949.05,3952.0,76746
118,2024-11-04T12:45:00+05:30,3952.0,3954.0,3943.7,3949.1,54120
119,2024-11-04T13:00:00+05:30,3949.15,3954.45,3949.15,3951.65,49930
120,2024-11-04T13:15:00+05:30,3951.1,3953.75,3940.0,3941.4,71288
121,2024-11-04T13:30:00+05:30,3941.05,3942.65,3932.45,3933.0,69647
122,2024-11-04T13:45:00+05:30,3933.0,3944.5,3931.35,3941.5,83142
123,2024-11-04T14:00:00+05:30,3941.5,3949.75,3939.0,3948.7,46786
124,2024-11-04T14:15:00+05:30,3948.8,3951.1,3940.9,3947.95,50991
125,2024-11-04T14:30:00+05:30,3948.0,3961.25,3947.95,3955.85,81575
126,2024-11-04T14:45:00+05:30,3956.0,3964.85,3956.0,3957.95,42804
127,2024-11-04T15:00:00+05:30,3958.15,3969.3,3951.45,3963.7,196559
128,2024-11-04T15:15:00+05:30,3963.7,3968.85,3962.55,3967.0,167348
129,2024-11-05T09:15:00+05:30,3944.15,3979.0,3942.35,3966.8,158875
130,2024-11-05T09:30:00+05:30,3967.35,3978.0,3965.05,3967.75,40631
131,2024-11-05T09:45:00+05:30,3967.9,3976.8,3958.5,3970.0,47018
132,2024-11-05T10:00:00+05:30,3971.35,3972.0,3960.05,3960.1,13294
133,2024-11-05T10:15:00+05:30,3960.05,3968.25,3955.55,3966.0,15282
134,2024-11-05T10:30:00+05:30,3966.25,3975.0,3960.45,3974.45,14992
135,2024-11-05T10:45:00+05:30,3974.45,3979.95,3968.15,3979.85,15517
136,2024-11-05T11:00:00+05:30,3979.85,3986.0,3975.25,3976.55,17550
137,2024-11-05T11:15:00+05:30,3977.0,3979.05,3970.0,3971.0,15274
138,2024-11-05T11:30:00+05:30,3970.95,3974.95,3965.85,3972.0,20736
139,2024-11-05T11:45:00+05:30,3971.85,3974.95,3964.85,3966.65,28955
140,2024-11-05T12:00:00+05:30,3966.65,3967.95,3961.2,3962.05,11577
141,2024-11-05T12:15:00+05:30,3962.55,3970.0,3961.05,3970.0,12383
142,2024-11-05T12:30:00+05:30,3970.0,3977.0,3970.0,3974.8,15100
143,2024-11-05T12:45:00+05:30,3974.9,3980.0,3971.65,3976.7,21435
144,2024-11-05T13:00:00+05:30,3976.35,3977.0,3971.65,3974.65,10256
145,2024-11-05T13:15:00+05:30,3974.65,3979.95,3965.8,3971.55,28132
146,2024-11-05T13:30:00+05:30,3971.55,3975.75,3966.0,3967.65,28705
147,2024-11-05T13:45:00+05:30,3968.05,3974.5,3965.95,3972.4,44251
148,2024-11-05T14:00:00+05:30,3972.4,3977.45,3969.0,3974.7,43080
149,2024-11-05T14:15:00+05:30,3974.65,3977.85,3972.0,3976.75,46433
150,2024-11-05T14:30:00+05:30,3976.75,3980.05,3971.0,3978.15,47050
151,2024-11-05T14:45:00+05:30,3977.3,3979.0,3973.95,3975.45,29603
152,2024-11-05T15:00:00+05:30,3975.35,3983.45,3965.0,3968.15,105441
153,2024-11-05T15:15:00+05:30,3968.1,3974.0,3966.1,3971.55,99954
154,2024-11-06T09:15:00+05:30,4001.5,4009.0,3975.25,4005.0,188693
155,2024-11-06T09:30:00+05:30,4005.0,4042.5,3997.2,4040.95,159286
156,2024-11-06T09:45:00+05:30,4041.0,4073.0,4037.1,4066.25,302473
157,2024-11-06T10:00:00+05:30,4066.15,4093.8,4065.75,4082.0,199902
158,2024-11-06T10:15:00+05:30,4082.25,4101.0,4072.0,4085.35,275950
159,2024-11-06T10:30:00+05:30,4085.0,4085.2,4067.3,4080.0,178491
160,2024-11-06T10:45:00+05:30,4080.05,4100.8,4077.6,4099.3,97388
161,2024-11-06T11:00:00+05:30,4099.2,4113.75,4099.2,4102.45,133053
162,2024-11-06T11:15:00+05:30,4103.15,4103.95,4091.35,4101.35,77549
163,2024-11-06T11:30:00+05:30,4102.0,4121.0,4102.0,4115.0,138137
164,2024-11-06T11:45:00+05:30,4115.95,4119.9,4110.0,4115.0,68864
165,2024-11-06T12:00:00+05:30,4115.05,4118.95,4108.55,4112.35,47790
166,2024-11-06T12:15:00+05:30,4112.35,4113.55,4104.95,4112.4,95511
167,2024-11-06T12:30:00+05:30,4112.4,4119.2,4108.85,4117.2,62812
168,2024-11-06T12:45:00+05:30,4117.2,4126.5,4116.6,4126.25,147315
169,2024-11-06T13:00:00+05:30,4126.25,4127.95,4120.0,4122.55,106673
170,2024-11-06T13:15:00+05:30,4122.5,4129.85,4119.0,4125.05,92353
171,2024-11-06T13:30:00+05:30,4125.05,4138.3,4125.0,4137.9,105421
172,2024-11-06T13:45:00+05:30,4137.9,4149.8,4135.0,4149.3,169459
173,2024-11-06T14:00:00+05:30,4147.9,4149.8,4137.2,4139.0,104382
174,2024-11-06T14:15:00+05:30,4139.0,4148.0,4136.25,4144.5,151152
175,2024-11-06T14:30:00+05:30,4144.55,4144.9,4130.05,4137.0,203036
176,2024-11-06T14:45:00+05:30,4137.0,4141.05,4134.0,4140.0,149552
177,2024-11-06T15:00:00+05:30,4139.85,4140.95,4135.5,4140.0,203188
178,2024-11-06T15:15:00+05:30,4140.0,4144.65,4134.65,4143.0,313470
179,2024-11-07T09:15:00+05:30,4169.65,4205.8,4151.65,4158.4,612788
180,2024-11-07T09:30:00+05:30,4158.4,4162.0,4124.6,4126.0,261631
181,2024-11-07T09:45:00+05:30,4126.0,4132.9,4111.2,4111.85,206141
182,2024-11-07T10:00:00+05:30,4111.85,4115.7,4097.15,4101.35,132407
183,2024-11-07T10:15:00+05:30,4102.4,4108.0,4085.05,4092.15,102971
184,2024-11-07T10:30:00+05:30,4092.9,4123.85,4090.55,4122.8,119269
185,2024-11-07T10:45:00+05:30,4123.0,4129.35,4112.6,4129.15,75975
186,2024-11-07T11:00:00+05:30,4129.15,4129.2,4115.0,4120.0,74091
187,2024-11-07T11:15:00+05:30,4119.35,4130.0,4115.4,4129.6,65701
188,2024-11-07T11:30:00+05:30,4129.6,4135.75,4120.05,4128.0,80154
189,2024-11-07T11:45:00+05:30,4128.0,4134.3,4124.95,4134.3,75073
190,2024-11-07T12:00:00+05:30,4134.3,4137.0,4128.0,4132.3,79879
191,2024-11-07T12:15:00+05:30,4132.1,4136.6,4126.0,4127.15,72762
192,2024-11-07T12:30:00+05:30,4127.9,4137.5,4126.0,4136.3,64218
193,2024-11-07T12:45:00+05:30,4136.3,4139.0,4131.5,4137.25,75478
194,2024-11-07T13:00:00+05:30,4136.45,4141.0,4131.6,4139.55,82718
195,2024-11-07T13:15:00+05:30,4140.95,4148.6,4136.6,4141.6,111202
196,2024-11-07T13:30:00+05:30,4141.6,4151.85,4138.0,4144.0,131443
197,2024-11-07T13:45:00+05:30,4144.1,4154.55,4144.05,4148.85,81079
198,2024-11-07T14:00:00+05:30,4149.3,4151.0,4141.0,4145.35,54503
199,2024-11-07T14:15:00+05:30,4146.1,4149.9,4142.15,4147.25,62083
200,2024-11-07T14:30:00+05:30,4147.25,4154.0,4145.0,4152.95,120966
201,2024-11-07T14:45:00+05:30,4153.15,4156.0,4147.75,4153.0,187211
202,2024-11-07T15:00:00+05:30,4152.6,4154.1,4144.5,4151.75,248234
203,2024-11-07T15:15:00+05:30,4151.7,4160.95,4141.0,4146.0,438955
204,2024-11-08T09:15:00+05:30,4155.05,4169.75,4127.3,4149.85,162744
205,2024-11-08T09:30:00+05:30,4150.15,4159.0,4138.0,4150.65,61003
206,2024-11-08T09:45:00+05:30,4151.0,4166.9,4148.45,4156.2,90349
207,2024-11-08T10:00:00+05:30,4156.65,4159.95,4141.0,4141.95,26595
208,2024-11-08T10:15:00+05:30,4142.0,4152.4,4138.85,4143.5,201838
209,2024-11-08T10:30:00+05:30,4143.5,4146.05,4133.8,4140.4,36391
210,2024-11-08T10:45:00+05:30,4141.05,4144.0,4138.05,4140.0,27139
211,2024-11-08T11:00:00+05:30,4140.15,4147.75,4138.0,4143.05,33677
212,2024-11-08T11:15:00+05:30,4143.05,4145.0,4132.35,4138.75,32238
213,2024-11-08T11:30:00+05:30,4138.75,4140.25,4135.15,4138.5,23970
214,2024-11-08T11:45:00+05:30,4138.5,4143.4,4135.0,4139.95,37229
215,2024-11-08T12:00:00+05:30,4139.95,4143.1,4130.0,4130.35,34848
216,2024-11-08T12:15:00+05:30,4130.35,4132.9,4124.1,4125.05,53082
217,2024-11-08T12:30:00+05:30,4125.05,4132.25,4124.65,4132.1,30288
218,2024-11-08T12:45:00+05:30,4132.1,4134.0,4129.35,4130.45,24160
219,2024-11-08T13:00:00+05:30,4130.45,4144.15,4130.35,4134.4,54094
220,2024-11-08T13:15:00+05:30,4134.35,4137.55,4126.85,4129.85,49972
221,2024-11-08T13:30:00+05:30,4129.9,4129.9,4117.65,4122.6,56808
222,2024-11-08T13:45:00+05:30,4122.55,4134.6,4119.5,4131.25,79696
223,2024-11-08T14:00:00+05:30,4131.25,4132.35,4125.0,4128.85,40145
224,2024-11-08T14:15:00+05:30,4128.6,4140.0,4127.75,4132.3,55953
225,2024-11-08T14:30:00+05:30,4132.5,4144.0,4132.45,4136.5,47243
226,2024-11-08T14:45:00+05:30,4136.9,4141.75,4133.05,4140.85,48064
227,2024-11-08T15:00:00+05:30,4140.85,4152.0,4140.0,4150.0,182437
228,2024-11-08T15:15:00+05:30,4149.85,4151.75,4130.0,4135.65,151624
229,2024-11-11T09:15:00+05:30,4130.0,4170.0,4117.65,4169.85,166055
230,2024-11-11T09:30:00+05:30,4169.8,4189.5,4168.85,4187.5,137962
231,2024-11-11T09:45:00+05:30,4187.4,4199.7,4182.2,4193.55,112698
232,2024-11-11T10:00:00+05:30,4192.9,4206.0,4192.9,4199.75,72363
233,2024-11-11T10:15:00+05:30,4199.75,4209.6,4192.0,4208.95,58534
234,2024-11-11T10:30:00+05:30,4209.0,4212.0,4203.9,4206.0,37001
235,2024-11-11T10:45:00+05:30,4206.0,4210.5,4203.55,4206.05,32499
236,2024-11-11T11:00:00+05:30,4206.05,4221.9,4205.2,4218.7,57616
237,2024-11-11T11:15:00+05:30,4218.65,4225.0,4216.05,4220.8,39400
238,2024-11-11T11:30:00+05:30,4222.4,4234.3,4220.75,4232.1,48981
239,2024-11-11T11:45:00+05:30,4230.65,4233.65,4210.7,4214.0,50547
240,2024-11-11T12:00:00+05:30,4214.0,4217.55,4208.0,4211.15,35244
241,2024-11-11T12:15:00+05:30,4211.1,4212.75,4201.0,4208.4,42394
242,2024-11-11T12:30:00+05:30,4208.05,4217.9,4208.05,4213.4,23513
243,2024-11-11T12:45:00+05:30,4213.9,4215.0,4208.0,4210.4,16668
244,2024-11-11T13:00:00+05:30,4210.65,4215.5,4209.2,4211.75,18903
245,2024-11-11T13:15:00+05:30,4211.75,4217.0,4209.45,4216.4,27656
246,2024-11-11T13:30:00+05:30,4216.05,4217.45,4202.1,4202.9,42556
247,2024-11-11T13:45:00+05:30,4203.0,4206.35,4200.05,4204.4,33918
248,2024-11-11T14:00:00+05:30,4204.5,4204.9,4196.0,4197.95,51442
249,2024-11-11T14:15:00+05:30,4197.95,4201.7,4193.55,4200.0,38533
250,2024-11-11T14:30:00+05:30,4200.05,4205.8,4198.65,4202.9,32327
251,2024-11-11T14:45:00+05:30,4202.15,4208.0,4200.0,4203.65,39650
252,2024-11-11T15:00:00+05:30,4203.75,4204.85,4195.0,4201.7,69336
253,2024-11-11T15:15:00+05:30,4201.65,4204.45,4185.5,4186.5,93900
254,2024-11-12T09:15:00+05:30,4216.0,4218.0,4176.0,4178.5,102633
255,2024-11-12T09:30:00+05:30,4177.85,4185.7,4164.35,4183.95,49839
256,2024-11-12T09:45:00+05:30,4183.95,4200.0,4179.0,4198.1,41748
257,2024-11-12T10:00:00+05:30,4198.1,4199.55,4180.0,4184.0,61127
258,2024-11-12T10:15:00+05:30,4184.1,4201.25,4182.85,4198.75,83091
259,2024-11-12T10:30:00+05:30,4198.75,4202.7,4185.8,4190.0,88326
260,2024-11-12T10:45:00+05:30,4189.95,4204.2,4187.0,4195.0,46514
261,2024-11-12T11:00:00+05:30,4195.8,4195.8,4182.6,4184.0,20256
262,2024-11-12T11:15:00+05:30,4183.1,4185.8,4177.2,4177.9,22506
263,2024-11-12T11:30:00+05:30,4177.9,4180.0,4175.85,4177.0,15867
264,2024-11-12T11:45:00+05:30,4177.75,4182.1,4175.1,4179.95,22192
265,2024-11-12T12:00:00+05:30,4179.9,4195.1,4178.05,4190.55,23138
266,2024-11-12T12:15:00+05:30,4190.5,4195.8,4190.0,4192.0,18872
267,2024-11-12T12:30:00+05:30,4191.0,4200.85,4191.0,4199.35,63126
268,2024-11-12T12:45:00+05:30,4198.0,4200.5,4190.65,4195.0,56682
269,2024-11-12T13:00:00+05:30,4195.15,4202.0,4192.3,4200.75,51408
270,2024-11-12T13:15:00+05:30,4200.75,4202.4,4197.25,4201.6,33412
271,2024-11-12T13:30:00+05:30,4200.9,4202.45,4191.5,4194.45,79713
272,2024-11-12T13:45:00+05:30,4194.45,4202.8,4194.3,4200.0,33477
273,2024-11-12T14:00:00+05:30,4200.35,4210.0,4200.0,4206.0,33316
274,2024-11-12T14:15:00+05:30,4207.35,4214.25,4204.35,4210.75,34108
275,2024-11-12T14:30:00+05:30,4211.1,4214.0,4206.7,4210.3,41672
276,2024-11-12T14:45:00+05:30,4210.15,4211.85,4198.0,4200.0,72326
277,2024-11-12T15:00:00+05:30,4200.05,4208.55,4195.2,4200.0,266686
278,2024-11-12T15:15:00+05:30,4200.05,4200.1,4170.0,4180.0,217182
279,2024-11-13T09:15:00+05:30,4180.0,4196.75,4171.0,4178.35,88517
280,2024-11-13T09:30:00+05:30,4178.9,4184.95,4167.15,4169.35,36075
281,2024-11-13T09:45:00+05:30,4168.7,4168.75,4154.05,4166.35,47752
282,2024-11-13T10:00:00+05:30,4166.0,4171.5,4152.6,4153.55,28733
283,2024-11-13T10:15:00+05:30,4153.85,4157.6,4146.15,4150.45,35136
284,2024-11-13T10:30:00+05:30,4151.25,4156.0,4144.0,4155.05,27097
285,2024-11-13T10:45:00+05:30,4156.0,4169.15,4155.5,4165.3,40115
286,2024-11-13T11:00:00+05:30,4165.85,4166.5,4157.0,4162.35,23816
287,2024-11-13T11:15:00+05:30,4162.35,4166.35,4155.4,4160.0,16785
288,2024-11-13T11:30:00+05:30,4160.0,4162.05,4151.8,4155.1,21625
289,2024-11-13T11:45:00+05:30,4156.45,4160.15,4151.4,4156.3,37866
290,2024-11-13T12:00:00+05:30,4156.5,4156.75,4146.6,4147.2,31715
291,2024-11-13T12:15:00+05:30,4148.0,4150.45,4145.35,4147.9,20507
292,2024-11-13T12:30:00+05:30,4147.95,4150.2,4140.0,4141.0,26388
293,2024-11-13T12:45:00+05:30,4141.05,4146.4,4137.0,4138.25,22485
294,2024-11-13T13:00:00+05:30,4138.3,4140.0,4131.05,4137.55,31683
295,2024-11-13T13:15:00+05:30,4137.55,4140.0,4133.9,4135.25,32365
296,2024-11-13T13:30:00+05:30,4136.0,4146.6,4134.85,4143.25,31416
297,2024-11-13T13:45:00+05:30,4143.25,4151.0,4143.25,4145.25,40297
298,2024-11-13T14:00:00+05:30,4145.2,4155.0,4140.75,4151.6,23536
299,2024-11-13T14:15:00+05:30,4150.7,4153.35,4146.8,4149.75,15950
300,2024-11-13T14:30:00+05:30,4148.5,4150.35,4140.6,4144.95,49863
301,2024-11-13T14:45:00+05:30,4144.95,4156.95,4144.6,4151.2,40939
302,2024-11-13T15:00:00+05:30,4151.15,4152.45,4138.1,4147.65,143730
303,2024-11-13T15:15:00+05:30,4147.65,4159.2,4147.65,4151.65,145020
304,2024-11-14T09:15:00+05:30,4140.0,4160.0,4135.05,4147.65,219926
305,2024-11-14T09:30:00+05:30,4148.1,4156.25,4137.95,4145.25,101763
306,2024-11-14T09:45:00+05:30,4145.3,4152.85,4130.65,4131.0,47789
307,2024-11-14T10:00:00+05:30,4130.8,4137.1,4122.9,4124.8,96781
308,2024-11-14T10:15:00+05:30,4125.4,4131.95,4120.0,4125.05,108865
309,2024-11-14T10:30:00+05:30,4125.05,4140.2,4116.45,4134.9,71859
310,2024-11-14T10:45:00+05:30,4134.0,4139.75,4124.2,4130.2,47672
311,2024-11-14T11:00:00+05:30,4131.05,4142.5,4127.6,4138.25,26560
312,2024-11-14T11:15:00+05:30,4138.25,4139.45,4130.65,4134.2,38813
313,2024-11-14T11:30:00+05:30,4134.3,4138.9,4121.0,4138.9,38068
314,2024-11-14T11:45:00+05:30,4137.95,4158.7,4137.45,4147.5,52141
315,2024-11-14T12:00:00+05:30,4146.6,4149.0,4143.25,4147.4,28691
316,2024-11-14T12:15:00+05:30,4147.35,4159.05,4145.25,4148.6,67593
317,2024-11-14T12:30:00+05:30,4148.65,4151.4,4137.35,4140.85,39230
318,2024-11-14T12:45:00+05:30,4141.0,4142.0,4133.0,4139.35,44731
319,2024-11-14T13:00:00+05:30,4139.95,4143.0,4136.75,4140.7,21388
320,2024-11-14T13:15:00+05:30,4140.65,4145.2,4137.0,4143.1,21827
321,2024-11-14T13:30:00+05:30,4143.3,4148.9,4139.9,4148.9,26350
322,2024-11-14T13:45:00+05:30,4148.9,4150.25,4142.75,4145.6,40105
323,2024-11-14T14:00:00+05:30,4146.2,4148.9,4143.55,4146.45,23454
324,2024-11-14T14:15:00+05:30,4146.45,4150.0,4143.5,4149.45,29499
325,2024-11-14T14:30:00+05:30,4149.25,4155.0,4147.0,4150.0,111775
326,2024-11-14T14:45:00+05:30,4150.0,4151.1,4135.75,4142.95,122912
327,2024-11-14T15:00:00+05:30,4142.2,4154.7,4133.8,4147.25,240770
328,2024-11-14T15:15:00+05:30,4146.4,4151.8,4144.55,4148.0,136205
329,2024-11-18T09:15:00+05:30,4202.7,4202.7,4077.35,4081.45,747300
330,2024-11-18T09:30:00+05:30,4081.25,4097.35,4042.5,4044.0,174708
331,2024-11-18T09:45:00+05:30,4044.0,4056.45,4035.1,4042.55,174459
332,2024-11-18T10:00:00+05:30,4041.05,4052.2,4026.6,4040.45,121350
333,2024-11-18T10:15:00+05:30,4040.35,4040.65,4010.55,4012.85,131588
334,2024-11-18T10:30:00+05:30,4012.85,4016.05,3996.05,3996.5,109373
335,2024-11-18T10:45:00+05:30,3996.05,4009.65,3990.2,4006.6,97501
336,2024-11-18T11:00:00+05:30,4006.6,4008.0,3991.0,4008.0,99735
337,2024-11-18T11:15:00+05:30,4007.85,4013.2,4002.0,4009.95,88183
338,2024-11-18T11:30:00+05:30,4009.95,4021.0,4002.0,4018.7,102533
339,2024-11-18T11:45:00+05:30,4018.7,4026.0,4013.0,4022.15,60133
340,2024-11-18T12:00:00+05:30,4021.15,4025.75,4013.55,4023.2,57132
341,2024-11-18T12:15:00+05:30,4023.2,4034.55,4020.0,4033.9,52990
342,2024-11-18T12:30:00+05:30,4033.3,4040.5,4024.0,4035.6,64524
343,2024-11-18T12:45:00+05:30,4035.6,4039.25,4021.1,4029.55,78117
344,2024-11-18T13:00:00+05:30,4029.55,4033.95,4016.55,4021.0,81065
345,2024-11-18T13:15:00+05:30,4021.0,4021.35,4005.6,4009.5,85613
346,2024-11-18T13:30:00+05:30,4009.5,4016.55,4002.7,4011.7,95659
347,2024-11-18T13:45:00+05:30,4011.75,4029.0,4010.4,4023.9,43201
348,2024-11-18T14:00:00+05:30,4023.9,4034.4,4019.3,4029.9,61591
349,2024-11-18T14:15:00+05:30,4029.95,4032.65,4020.0,4021.1,42512
350,2024-11-18T14:30:00+05:30,4021.55,4033.55,4015.0,4032.95,67353
351,2024-11-18T14:45:00+05:30,4032.65,4038.0,4025.45,4026.85,61548
352,2024-11-18T15:00:00+05:30,4027.3,4031.6,4015.1,4019.25,153550
353,2024-11-18T15:15:00+05:30,4019.1,4023.25,4013.2,4017.15,137414
354,2024-11-19T09:15:00+05:30,4019.9,4088.25,4014.1,4086.8,235956
355,2024-11-19T09:30:00+05:30,4086.9,4094.0,4075.15,4086.5,89488
356,2024-11-19T09:45:00+05:30,4086.2,4094.0,4077.0,4090.0,48941
357,2024-11-19T10:00:00+05:30,4089.85,4100.0,4088.15,4095.35,51786
358,2024-11-19T10:15:00+05:30,4095.35,4102.0,4090.0,4093.85,41621
359,2024-11-19T10:30:00+05:30,4093.85,4114.25,4092.3,4105.0,35543
360,2024-11-19T10:45:00+05:30,4105.0,4110.0,4101.05,4109.45,27751
361,2024-11-19T11:00:00+05:30,4109.95,4123.0,4109.45,4114.0,38090
362,2024-11-19T11:15:00+05:30,4114.0,4122.0,4108.75,4118.4,26703
363,2024-11-19T11:30:00+05:30,4118.55,4132.15,4117.8,4128.45,70201
364,2024-11-19T11:45:00+05:30,4129.95,4131.0,4121.05,4122.0,51100
365,2024-11-19T12:00:00+05:30,4122.0,4130.0,4114.1,4115.0,41538
366,2024-11-19T12:15:00+05:30,4115.0,4115.0,4101.5,4101.5,57059
367,2024-11-19T12:30:00+05:30,4101.8,4107.0,4093.7,4096.6,60451
368,2024-11-19T12:45:00+05:30,4096.6,4097.5,4090.4,4097.0,48906
369,2024-11-19T13:00:00+05:30,4097.0,4099.2,4089.45,4097.1,65957
370,2024-11-19T13:15:00+05:30,4097.1,4100.0,4092.95,4096.3,39042
371,2024-11-19T13:30:00+05:30,4096.3,4105.0,4094.3,4099.0,53534
372,2024-11-19T13:45:00+05:30,4098.45,4108.05,4096.8,4108.05,45275
373,2024-11-19T14:00:00+05:30,4108.05,4109.1,4085.0,4090.05,62536
374,2024-11-19T14:15:00+05:30,4090.05,4096.0,4085.0,4088.3,59988
375,2024-11-19T14:30:00+05:30,4088.0,4089.25,4083.45,4085.55,42372
376,2024-11-19T14:45:00+05:30,4085.55,4089.95,4066.0,4070.0,145467
377,2024-11-19T15:00:00+05:30,4070.0,4070.0,4030.25,4030.9,166673
378,2024-11-19T15:15:00+05:30,4030.85,4051.95,4029.05,4042.0,139255
379,2024-11-21T09:15:00+05:30,4045.0,4092.45,4044.9,4084.35,289854
380,2024-11-21T09:30:00+05:30,4085.0,4087.75,4055.0,4070.25,163268
381,2024-11-21T09:45:00+05:30,4070.0,4074.9,4053.0,4071.05,75546
382,2024-11-21T10:00:00+05:30,4071.05,4072.0,4056.0,4068.45,57552
383,2024-11-21T10:15:00+05:30,4068.6,4069.8,4055.0,4063.3,36171
384,2024-11-21T10:30:00+05:30,4063.3,4070.8,4054.4,4067.5,38301
385,2024-11-21T10:45:00+05:30,4067.5,4076.8,4059.5,4063.0,93131
386,2024-11-21T11:00:00+05:30,4063.0,4066.0,4057.0,4065.1,39606
387,2024-11-21T11:15:00+05:30,4065.1,4070.0,4059.1,4067.95,45456
388,2024-11-21T11:30:00+05:30,4067.95,4073.6,4063.5,4064.9,41141
389,2024-11-21T11:45:00+05:30,4064.1,4065.25,4040.0,4044.3,51680
390,2024-11-21T12:00:00+05:30,4044.25,4053.8,4041.0,4041.45,41247
391,2024-11-21T12:15:00+05:30,4042.45,4052.4,4038.0,4048.8,79602
392,2024-11-21T12:30:00+05:30,4049.0,4052.75,4030.0,4033.2,65438
393,2024-11-21T12:45:00+05:30,4033.9,4041.6,4030.0,4041.0,46060
394,2024-11-21T13:00:00+05:30,4041.55,4045.0,4037.6,4039.55,19572
395,2024-11-21T13:15:00+05:30,4041.15,4041.3,4024.0,4029.35,47144
396,2024-11-21T13:30:00+05:30,4029.35,4034.4,4026.45,4031.6,293217
397,2024-11-21T13:45:00+05:30,4031.7,4046.0,4031.45,4044.0,47975
398,2024-11-21T14:00:00+05:30,4043.95,4059.15,4042.6,4057.95,75061
399,2024-11-21T14:15:00+05:30,4057.95,4070.0,4054.15,4063.3,86764
400,2024-11-21T14:30:00+05:30,4063.3,4078.0,4056.15,4072.15,75468
401,2024-11-21T14:45:00+05:30,4072.2,4076.9,4069.05,4073.25,109554
402,2024-11-21T15:00:00+05:30,4072.05,4081.0,4065.25,4073.15,231360
403,2024-11-21T15:15:00+05:30,4073.15,4074.55,4060.15,4068.0,164272
404,2024-11-22T09:15:00+05:30,4072.0,4092.7,4054.0,4087.4,170525
405,2024-11-22T09:30:00+05:30,4088.5,4114.0,4087.85,4105.85,125480
406,2024-11-22T09:45:00+05:30,4105.45,4109.6,4091.25,4108.25,67597
407,2024-11-22T10:00:00+05:30,4109.45,4134.45,4107.75,4131.85,97326
408,2024-11-22T10:15:00+05:30,4131.8,4147.45,4126.0,4137.35,61889
409,2024-11-22T10:30:00+05:30,4137.35,4160.55,4136.05,4146.05,96848
410,2024-11-22T10:45:00+05:30,4147.6,4149.75,4132.8,4144.9,57797
411,2024-11-22T11:00:00+05:30,4145.85,4154.0,4139.0,4145.0,58554
412,2024-11-22T11:15:00+05:30,4145.0,4145.0,4133.0,4140.3,43765
413,2024-11-22T11:30:00+05:30,4140.3,4149.5,4135.0,4141.7,53485
414,2024-11-22T11:45:00+05:30,4141.9,4145.0,4134.0,4139.25,27995
415,2024-11-22T12:00:00+05:30,4138.6,4148.0,4135.05,4143.45,51872
416,2024-11-22T12:15:00+05:30,4143.45,4149.0,4141.05,4148.3,46976
417,2024-11-22T12:30:00+05:30,4148.6,4155.0,4145.6,4152.0,65319
418,2024-11-22T12:45:00+05:30,4152.0,4155.0,4148.0,4152.55,45047
419,2024-11-22T13:00:00+05:30,4152.55,4164.15,4149.35,4158.9,59468
420,2024-11-22T13:15:00+05:30,4159.95,4170.0,4158.9,4164.9,54271
421,2024-11-22T13:30:00+05:30,4164.55,4169.0,4155.05,4167.25,58640
422,2024-11-22T13:45:00+05:30,4167.1,4210.0,4165.0,4206.8,193916
423,2024-11-22T14:00:00+05:30,4206.9,4221.0,4201.55,4216.1,213213
424,2024-11-22T14:15:00+05:30,4216.1,4232.9,4213.05,4217.15,223730
425,2024-11-22T14:30:00+05:30,4215.1,4225.0,4205.5,4218.85,131379
426,2024-11-22T14:45:00+05:30,4218.7,4250.9,4213.2,4246.65,257604
427,2024-11-22T15:00:00+05:30,4245.65,4254.95,4239.7,4247.65,356955
428,2024-11-22T15:15:00+05:30,4247.65,4247.7,4218.25,4221.95,423346
429,2024-11-25T09:15:00+05:30,4276.45,4300.0,4252.2,4296.9,207038
430,2024-11-25T09:30:00+05:30,4296.2,4309.15,4272.15,4275.45,145452
431,2024-11-25T09:45:00+05:30,4275.45,4283.25,4261.6,4261.6,66131
432,2024-11-25T10:00:00+05:30,4262.0,4275.9,4261.2,4273.9,44665
433,2024-11-25T10:15:00+05:30,4273.05,4292.2,4271.45,4288.6,48139
434,2024-11-25T10:30:00+05:30,4288.6,4295.15,4282.7,4286.9,46000
435,2024-11-25T10:45:00+05:30,4286.9,4296.25,4286.0,4294.95,35660
436,2024-11-25T11:00:00+05:30,4294.85,4302.8,4294.8,4295.45,59435
437,2024-11-25T11:15:00+05:30,4295.45,4300.0,4292.75,4299.95,35174
438,2024-11-25T11:30:00+05:30,4299.35,4300.6,4286.05,4286.4,60152
439,2024-11-25T11:45:00+05:30,4286.7,4289.75,4281.3,4288.65,30024
440,2024-11-25T12:00:00+05:30,4288.65,4296.5,4283.6,4294.4,47115
441,2024-11-25T12:15:00+05:30,4294.5,4298.0,4288.75,4294.05,41523
442,2024-11-25T12:30:00+05:30,4294.05,4302.0,4293.95,4294.25,52353
443,2024-11-25T12:45:00+05:30,4294.25,4298.0,4263.85,4270.0,65985
444,2024-11-25T13:00:00+05:30,4270.0,4280.0,4265.25,4275.0,60428
445,2024-11-25T13:15:00+05:30,4274.55,4281.1,4270.0,4280.65,48995
446,2024-11-25T13:30:00+05:30,4280.7,4290.75,4278.0,4285.15,90268
447,2024-11-25T13:45:00+05:30,4285.15,4286.0,4272.0,4278.25,72494
448,2024-11-25T14:00:00+05:30,4278.3,4286.1,4277.05,4283.7,69456
449,2024-11-25T14:15:00+05:30,4284.3,4290.6,4280.0,4286.7,82453
450,2024-11-25T14:30:00+05:30,4286.7,4301.85,4286.7,4297.2,114020
451,2024-11-25T14:45:00+05:30,4297.2,4300.4,4292.3,4295.0,125516
452,2024-11-25T15:00:00+05:30,4295.3,4320.6,4292.45,4320.4,1283478
453,2024-11-25T15:15:00+05:30,4320.35,4328.1,4312.2,4320.0,1098126
454,2024-11-26T09:15:00+05:30,4320.0,4352.95,4310.0,4335.75,156972
455,2024-11-26T09:30:00+05:30,4335.1,4336.0,4320.0,4323.0,74393
456,2024-11-26T09:45:00+05:30,4323.05,4334.0,4321.1,4327.05,46488
457,2024-11-26T10:00:00+05:30,4327.1,4343.05,4327.0,4331.3,53990
458,2024-11-26T10:15:00+05:30,4332.95,4337.45,4326.0,4331.65,50573
459,2024-11-26T10:30:00+05:30,4331.75,4339.5,4326.05,4330.05,90080
460,2024-11-26T10:45:00+05:30,4330.55,4331.65,4317.2,4320.7,72674
461,2024-11-26T11:00:00+05:30,4320.05,4326.7,4320.05,4323.7,33125
462,2024-11-26T11:15:00+05:30,4323.7,4333.25,4320.5,4330.35,44874
463,2024-11-26T11:30:00+05:30,4330.55,4334.95,4327.0,4330.75,36855
464,2024-11-26T11:45:00+05:30,4330.0,4331.35,4321.75,4330.0,87414
465,2024-11-26T12:00:00+05:30,4329.95,4330.1,4324.8,4326.35,26327
466,2024-11-26T12:15:00+05:30,4326.35,4328.0,4319.35,4322.95,119833
467,2024-11-26T12:30:00+05:30,4322.8,4326.55,4321.0,4325.6,54443
468,2024-11-26T12:45:00+05:30,4324.95,4334.0,4322.0,4333.6,47440
469,2024-11-26T13:00:00+05:30,4333.6,4334.8,4322.7,4334.75,47745
470,2024-11-26T13:15:00+05:30,4334.75,4344.55,4330.65,4340.0,208436
471,2024-11-26T13:30:00+05:30,4340.0,4340.25,4321.15,4331.8,166915
472,2024-11-26T13:45:00+05:30,4331.6,4345.0,4330.4,4344.95,42298
473,2024-11-26T14:00:00+05:30,4344.9,4352.8,4339.45,4345.75,74217
474,2024-11-26T14:15:00+05:30,4345.2,4350.0,4340.3,4344.6,35425
475,2024-11-26T14:30:00+05:30,4343.65,4353.85,4343.35,4352.0,51959
476,2024-11-26T14:45:00+05:30,4351.95,4366.6,4349.4,4363.25,111771
477,2024-11-26T15:00:00+05:30,4363.25,4365.0,4350.0,4356.85,132594
478,2024-11-26T15:15:00+05:30,4356.1,4356.95,4343.1,4351.0,178890
479,2024-11-27T09:15:00+05:30,4358.95,4375.7,4345.0,4365.35,146784
480,2024-11-27T09:30:00+05:30,4365.35,4365.75,4345.0,4354.6,50330
481,2024-11-27T09:45:00+05:30,4353.55,4361.8,4350.35,4360.95,35158
482,2024-11-27T10:00:00+05:30,4360.95,4377.4,4358.5,4371.2,89414
483,2024-11-27T10:15:00+05:30,4369.35,4370.75,4358.5,4359.5,37357
484,2024-11-27T10:30:00+05:30,4358.55,4361.5,4356.45,4358.85,26520
485,2024-11-27T10:45:00+05:30,4358.55,4359.05,4350.5,4354.1,36896
486,2024-11-27T11:00:00+05:30,4354.0,4354.2,4344.3,4351.45,74270
487,2024-11-27T11:15:00+05:30,4350.5,4351.1,4345.0,4347.1,35750
488,2024-11-27T11:30:00+05:30,4347.2,4354.95,4345.0,4352.9,38079
489,2024-11-27T11:45:00+05:30,4352.9,4366.05,4345.0,4348.8,101706
490,2024-11-27T12:00:00+05:30,4349.0,4353.5,4347.05,4350.05,28393
491,2024-11-27T12:15:00+05:30,4350.05,4364.0,4349.8,4351.75,40910
492,2024-11-27T12:30:00+05:30,4351.75,4362.5,4350.05,4355.35,40876
493,2024-11-27T12:45:00+05:30,4355.35,4359.8,4352.0,4359.15,25593
494,2024-11-27T13:00:00+05:30,4358.4,4363.0,4353.6,4354.95,34747
495,2024-11-27T13:15:00+05:30,4354.95,4362.9,4352.4,4360.4,36720
496,2024-11-27T13:30:00+05:30,4360.4,4363.0,4352.9,4353.35,37977
497,2024-11-27T13:45:00+05:30,4352.9,4357.45,4335.75,4350.05,78153
498,2024-11-27T14:00:00+05:30,4350.0,4352.0,4340.0,4340.6,46789
499,2024-11-27T14:15:00+05:30,4340.5,4342.2,4331.5,4337.75,70556
500,2024-11-27T14:30:00+05:30,4337.25,4342.7,4335.0,4339.05,76296
501,2024-11-27T14:45:00+05:30,4339.05,4340.55,4326.0,4326.85,59535
502,2024-11-27T15:00:00+05:30,4326.85,4338.75,4324.05,4333.05,152254
503,2024-11-27T15:15:00+05:30,4333.05,4337.5,4330.55,4332.95,118066
504,2024-11-28T09:15:00+05:30,4320.0,4339.95,4298.4,4299.85,202707
505,2024-11-28T09:30:00+05:30,4299.8,4310.75,4291.6,4309.15,91897
506,2024-11-28T09:45:00+05:30,4309.0,4315.0,4299.15,4302.4,73098
507,2024-11-28T10:00:00+05:30,4302.4,4317.9,4299.0,4313.8,64731
508,2024-11-28T10:15:00+05:30,4313.65,4317.3,4307.6,4312.2,47032
509,2024-11-28T10:30:00+05:30,4312.2,4315.5,4271.95,4283.3,161377
510,2024-11-28T10:45:00+05:30,4283.15,4285.85,4262.5,4274.85,75093
511,2024-11-28T11:00:00+05:30,4274.85,4285.0,4270.05,4277.45,47878
512,2024-11-28T11:15:00+05:30,4277.45,4278.3,4263.05,4265.0,41515
513,2024-11-28T11:30:00+05:30,4265.0,4267.9,4255.55,4256.1,59492
514,2024-11-28T11:45:00+05:30,4257.15,4268.0,4250.0,4250.45,51594
515,2024-11-28T12:00:00+05:30,4250.05,4255.0,4245.45,4250.55,41717
516,2024-11-28T12:15:00+05:30,4252.1,4254.1,4243.55,4249.7,44387
517,2024-11-28T12:30:00+05:30,4250.15,4252.8,4233.0,4243.3,56793
518,2024-11-28T12:45:00+05:30,4243.3,4252.85,4241.65,4245.95,56487
519,2024-11-28T13:00:00+05:30,4245.95,4249.75,4235.95,4240.0,61815
520,2024-11-28T13:15:00+05:30,4240.5,4249.8,4237.0,4249.2,97680
521,2024-11-28T13:30:00+05:30,4249.25,4251.9,4235.25,4245.1,80546
522,2024-11-28T13:45:00+05:30,4246.7,4279.45,4243.0,4276.8,93157
523,2024-11-28T14:00:00+05:30,4276.8,4278.85,4234.0,4259.15,198500
524,2024-11-28T14:15:00+05:30,4259.05,4266.95,4242.1,4262.9,100568
525,2024-11-28T14:30:00+05:30,4262.25,4269.55,4248.5,4252.3,113182
526,2024-11-28T14:45:00+05:30,4252.35,4260.4,4245.1,4245.55,156602
527,2024-11-28T15:00:00+05:30,4245.2,4254.95,4237.45,4245.7,318530
528,2024-11-28T15:15:00+05:30,4246.75,4257.85,4240.0,4250.8,193879
529,2024-11-29T09:15:00+05:30,4225.0,4237.45,4195.65,4235.9,215659
530,2024-11-29T09:30:00+05:30,4235.9,4248.05,4227.45,4233.5,57267
531,2024-11-29T09:45:00+05:30,4234.35,4257.6,4233.0,4257.35,48404
532,2024-11-29T10:00:00+05:30,4257.3,4259.0,4243.25,4255.65,34885
533,2024-11-29T10:15:00+05:30,4255.65,4280.0,4253.4,4280.0,45618
534,2024-11-29T10:30:00+05:30,4280.0,4298.7,4275.0,4279.25,69133
535,2024-11-29T10:45:00+05:30,4278.75,4292.15,4272.6,4287.8,56870
536,2024-11-29T11:00:00+05:30,4288.5,4293.6,4280.0,4283.5,38437
537,2024-11-29T11:15:00+05:30,4283.6,4288.5,4277.5,4280.5,25434
538,2024-11-29T11:30:00+05:30,4280.95,4282.45,4266.8,4272.15,30340
539,2024-11-29T11:45:00+05:30,4272.2,4277.3,4268.3,4275.7,18480
540,2024-11-29T12:00:00+05:30,4275.0,4284.0,4274.0,4282.5,21440
541,2024-11-29T12:15:00+05:30,4282.5,4284.6,4269.3,4273.4,26823
542,2024-11-29T12:30:00+05:30,4273.0,4274.45,4264.95,4271.2,32894
543,2024-11-29T12:45:00+05:30,4271.2,4273.7,4266.85,4271.25,20803
544,2024-11-29T13:00:00+05:30,4271.25,4271.35,4264.75,4268.85,25204
545,2024-11-29T13:15:00+05:30,4268.9,4271.4,4264.75,4265.0,35768
546,2024-11-29T13:30:00+05:30,4265.0,4269.0,4260.0,4265.65,55949
547,2024-11-29T13:45:00+05:30,4266.1,4272.2,4264.05,4265.35,27751
548,2024-11-29T14:00:00+05:30,4265.35,4268.0,4257.0,4259.5,33329
549,2024-11-29T14:15:00+05:30,4259.5,4270.0,4257.1,4266.55,44869
550,2024-11-29T14:30:00+05:30,4267.95,4281.95,4265.0,4275.9,127301
551,2024-11-29T14:45:00+05:30,4275.9,4279.25,4269.0,4274.65,72358
552,2024-11-29T15:00:00+05:30,4274.65,4281.5,4257.85,4263.7,423917
553,2024-11-29T15:15:00+05:30,4263.7,4276.9,4256.4,4266.0,350707
554,2024-12-02T09:15:00+05:30,4270.0,4270.0,4230.05,4242.25,151706
555,2024-12-02T09:30:00+05:30,4242.25,4257.95,4232.15,4256.4,77131
556,2024-12-02T09:45:00+05:30,4257.45,4278.55,4256.5,4264.3,55148
557,2024-12-02T10:00:00+05:30,4263.25,4263.85,4248.7,4257.75,41959
558,2024-12-02T10:15:00+05:30,4257.95,4271.9,4254.3,4259.9,58076
559,2024-12-02T10:30:00+05:30,4260.0,4260.75,4251.1,4256.15,34566
560,2024-12-02T10:45:00+05:30,4256.1,4259.5,4250.95,4255.05,34782
561,2024-12-02T11:00:00+05:30,4255.05,4262.0,4253.5,4255.5,23780
562,2024-12-02T11:15:00+05:30,4255.5,4265.6,4255.0,4259.1,32053
563,2024-12-02T11:30:00+05:30,4259.1,4271.7,4257.3,4269.05,27796
564,2024-12-02T11:45:00+05:30,4268.95,4272.1,4258.35,4261.95,23959
565,2024-12-02T12:00:00+05:30,4261.95,4266.1,4257.0,4263.65,28408
566,2024-12-02T12:15:00+05:30,4263.65,4273.7,4261.1,4272.7,54445
567,2024-12-02T12:30:00+05:30,4272.75,4273.9,4264.0,4270.55,54918
568,2024-12-02T12:45:00+05:30,4270.55,4281.8,4268.95,4275.45,49956
569,2024-12-02T13:00:00+05:30,4274.65,4276.45,4269.35,4273.8,32111
570,2024-12-02T13:15:00+05:30,4273.75,4276.15,4265.5,4268.45,35317
571,2024-12-02T13:30:00+05:30,4268.45,4275.75,4264.9,4266.15,36465
572,2024-12-02T13:45:00+05:30,4266.1,4281.9,4262.05,4281.55,63329
573,2024-12-02T14:00:00+05:30,4281.55,4285.0,4275.55,4280.45,73257
574,2024-12-02T14:15:00+05:30,4280.15,4288.2,4279.05,4282.8,50147
575,2024-12-02T14:30:00+05:30,4282.5,4284.9,4277.45,4282.95,99363
576,2024-12-02T14:45:00+05:30,4282.9,4285.0,4273.5,4276.9,110554
577,2024-12-02T15:00:00+05:30,4276.85,4284.8,4276.7,4279.0,224155
578,2024-12-02T15:15:00+05:30,4279.05,4279.15,4262.55,4268.85,175713
579,2024-12-03T09:15:00+05:30,4305.0,4312.95,4265.45,4275.55,118199
580,2024-12-03T09:30:00+05:30,4275.15,4290.4,4274.6,4290.4,48625
581,2024-12-03T09:45:00+05:30,4290.4,4302.2,4287.25,4295.7,54992
582,2024-12-03T10:00:00+05:30,4294.95,4297.0,4282.2,4285.4,35722
583,2024-12-03T10:15:00+05:30,4285.95,4300.0,4283.85,4298.45,40107
584,2024-12-03T10:30:00+05:30,4299.0,4304.0,4292.55,4294.0,36991
585,2024-12-03T10:45:00+05:30,4294.1,4298.5,4289.05,4294.75,27588
586,2024-12-03T11:00:00+05:30,4294.75,4301.0,4290.65,4292.6,25684
587,2024-12-03T11:15:00+05:30,4293.05,4298.0,4286.45,4291.3,28112
588,2024-12-03T11:30:00+05:30,4291.7,4296.45,4286.0,4286.95,30517
589,2024-12-03T11:45:00+05:30,4286.6,4298.85,4285.0,4298.6,40210
590,2024-12-03T12:00:00+05:30,4298.6,4298.95,4284.0,4285.95,26373
591,2024-12-03T12:15:00+05:30,4285.85,4290.15,4275.0,4278.7,38039
592,2024-12-03T12:30:00+05:30,4278.1,4286.0,4275.0,4284.3,51977
593,2024-12-03T12:45:00+05:30,4283.65,4295.0,4280.0,4288.15,148937
594,2024-12-03T13:00:00+05:30,4288.15,4288.8,4272.75,4280.0,36475
595,2024-12-03T13:15:00+05:30,4279.3,4287.8,4277.55,4280.7,58552
596,2024-12-03T13:30:00+05:30,4281.5,4309.7,4281.1,4303.95,158111
597,2024-12-03T13:45:00+05:30,4305.4,4325.0,4303.85,4321.35,117313
598,2024-12-03T14:00:00+05:30,4321.35,4323.55,4314.0,4314.55,89661
599,2024-12-03T14:15:00+05:30,4314.55,4320.25,4313.0,4317.0,88636
600,2024-12-03T14:30:00+05:30,4316.95,4318.8,4305.4,4310.85,91167
601,2024-12-03T14:45:00+05:30,4310.4,4312.0,4302.0,4305.3,89479
602,2024-12-03T15:00:00+05:30,4305.3,4312.4,4296.75,4302.35,262858
603,2024-12-03T15:15:00+05:30,4302.35,4305.0,4290.35,4303.0,206757
604,2024-12-04T09:15:00+05:30,4312.0,4331.7,4289.05,4331.6,195186
605,2024-12-04T09:30:00+05:30,4331.6,4365.6,4330.0,4362.5,302728
606,2024-12-04T09:45:00+05:30,4361.8,4376.5,4352.35,4371.5,168796
607,2024-12-04T10:00:00+05:30,4371.5,4383.0,4361.55,4367.9,113216
608,2024-12-04T10:15:00+05:30,4368.0,4385.45,4365.2,4379.4,90355
609,2024-12-04T10:30:00+05:30,4379.4,4386.95,4373.05,4374.55,85338
610,2024-12-04T10:45:00+05:30,4374.5,4375.15,4360.0,4365.7,145989
611,2024-12-04T11:00:00+05:30,4365.7,4375.0,4361.75,4366.8,89119
612,2024-12-04T11:15:00+05:30,4366.8,4378.0,4366.45,4378.0,96604
613,2024-12-04T11:30:00+05:30,4378.0,4383.0,4374.2,4380.0,81161
614,2024-12-04T11:45:00+05:30,4380.35,4382.0,4332.55,4343.75,159197
615,2024-12-04T12:00:00+05:30,4344.25,4371.25,4335.0,4369.5,154706
616,2024-12-04T12:15:00+05:30,4369.7,4379.9,4368.05,4379.15,109483
617,2024-12-04T12:30:00+05:30,4379.1,4379.15,4361.75,4368.2,87307
618,2024-12-04T12:45:00+05:30,4368.1,4377.5,4366.55,4376.1,89567
619,2024-12-04T13:00:00+05:30,4376.1,4380.0,4371.0,4376.55,83129
620,2024-12-04T13:15:00+05:30,4378.55,4380.0,4365.0,4371.8,96161
621,2024-12-04T13:30:00+05:30,4372.0,4380.0,4367.2,4375.8,83344
622,2024-12-04T13:45:00+05:30,4375.85,4375.9,4367.35,4373.7,74708
623,2024-12-04T14:00:00+05:30,4373.1,4377.0,4368.0,4376.65,65011
624,2024-12-04T14:15:00+05:30,4376.65,4377.2,4355.0,4365.4,105669
625,2024-12-04T14:30:00+05:30,4365.45,4366.0,4355.55,4362.85,93691
626,2024-12-04T14:45:00+05:30,4362.95,4365.5,4351.15,4357.05,90893
627,2024-12-04T15:00:00+05:30,4357.05,4365.5,4349.1,4352.55,330082
628,2024-12-04T15:15:00+05:30,4352.55,4357.5,4342.0,4342.0,256882
629,2024-12-05T09:15:00+05:30,4400.8,4409.0,4365.1,4400.3,319315
630,2024-12-05T09:30:00+05:30,4399.15,4409.95,4385.0,4389.05,129042
631,2024-12-05T09:45:00+05:30,4388.65,4389.1,4378.65,4384.35,65742
632,2024-12-05T10:00:00+05:30,4384.35,4390.0,4380.45,4382.6,38175
633,2024-12-05T10:15:00+05:30,4382.9,4385.0,4380.0,4383.55,46562
634,2024-12-05T10:30:00+05:30,4383.3,4391.0,4381.5,4388.7,36900
635,2024-12-05T10:45:00+05:30,4388.5,4389.65,4360.4,4366.4,107640
636,2024-12-05T11:00:00+05:30,4366.0,4374.2,4364.5,4372.2,32120
637,2024-12-05T11:15:00+05:30,4372.2,4375.0,4366.0,4370.0,29075
638,2024-12-05T11:30:00+05:30,4369.95,4372.95,4360.0,4364.95,33423
639,2024-12-05T11:45:00+05:30,4364.95,4370.0,4361.6,4366.0,28302
640,2024-12-05T12:00:00+05:30,4365.8,4419.0,4363.5,4417.95,223117
641,2024-12-05T12:15:00+05:30,4418.15,4425.0,4408.25,4412.75,166645
642,2024-12-05T12:30:00+05:30,4412.7,4418.0,4405.05,4412.35,106665
643,2024-12-05T12:45:00+05:30,4412.35,4419.75,4410.0,4419.7,42976
644,2024-12-05T13:00:00+05:30,4419.7,4424.0,4415.45,4424.0,67161
645,2024-12-05T13:15:00+05:30,4424.0,4425.0,4410.0,4413.35,58575
646,2024-12-05T13:30:00+05:30,4414.0,4440.0,4414.0,4438.05,130916
647,2024-12-05T13:45:00+05:30,4438.05,4440.0,4423.35,4438.55,103564
648,2024-12-05T14:00:00+05:30,4438.5,4465.0,4436.9,4454.9,222771
649,2024-12-05T14:15:00+05:30,4455.5,4484.75,4455.15,4480.1,287320
650,2024-12-05T14:30:00+05:30,4481.1,4489.0,4463.65,4472.15,268303
651,2024-12-05T14:45:00+05:30,4472.15,4475.95,4413.0,4432.75,531744
652,2024-12-05T15:00:00+05:30,4432.9,4479.1,4430.95,4473.25,381896
653,2024-12-05T15:15:00+05:30,4473.15,4473.4,4451.0,4455.15,246228
654,2024-12-06T09:15:00+05:30,4453.7,4464.05,4412.75,4419.65,247080
655,2024-12-06T09:30:00+05:30,4419.5,4435.0,4413.0,4434.4,80722
656,2024-12-06T09:45:00+05:30,4433.55,4438.75,4428.45,4436.25,63948
657,2024-12-06T10:00:00+05:30,4436.25,4448.8,4431.85,4439.0,75790
658,2024-12-06T10:15:00+05:30,4439.0,4449.35,4432.25,4437.65,64030
659,2024-12-06T10:30:00+05:30,4437.65,4444.9,4435.9,4441.0,80580
660,2024-12-06T10:45:00+05:30,4441.95,4443.5,4431.35,4432.4,68992
661,2024-12-06T11:00:00+05:30,4432.4,4441.45,4431.2,4435.2,43433
662,2024-12-06T11:15:00+05:30,4435.45,4435.5,4428.0,4429.2,32946
663,2024-12-06T11:30:00+05:30,4429.25,4430.0,4420.35,4425.0,56616
664,2024-12-06T11:45:00+05:30,4424.7,4440.0,4422.95,4439.1,76504
665,2024-12-06T12:00:00+05:30,4439.1,4443.0,4436.85,4441.95,27204
666,2024-12-06T12:15:00+05:30,4441.8,4442.35,4436.85,4440.9,40035
667,2024-12-06T12:30:00+05:30,4440.9,4442.0,4436.85,4439.95,24974
668,2024-12-06T12:45:00+05:30,4439.95,4444.0,4437.45,4439.95,29684
669,2024-12-06T13:00:00+05:30,4439.95,4440.05,4437.1,4440.0,27485
670,2024-12-06T13:15:00+05:30,4439.95,4445.0,4436.85,4439.8,49861
671,2024-12-06T13:30:00+05:30,4439.75,4444.0,4437.55,4443.95,32198
672,2024-12-06T13:45:00+05:30,4443.2,4444.0,4440.3,4443.9,33132
673,2024-12-06T14:00:00+05:30,4443.1,4449.45,4443.1,4448.25,46714
674,2024-12-06T14:15:00+05:30,4448.25,4453.9,4442.05,4442.7,58915
675,2024-12-06T14:30:00+05:30,4442.7,4448.7,4437.3,4447.2,54111
676,2024-12-06T14:45:00+05:30,4446.55,4450.15,4440.15,4444.65,59178
677,2024-12-06T15:00:00+05:30,4445.5,4452.9,4440.5,4446.9,203933
678,2024-12-06T15:15:00+05:30,4446.9,4465.0,4430.3,4444.15,210828
679,2024-12-09T09:15:00+05:30,4431.45,4463.8,4424.05,4454.0,183169
680,2024-12-09T09:30:00+05:30,4454.0,4469.4,4451.0,4465.65,92355
681,2024-12-09T09:45:00+05:30,4465.3,4469.35,4453.2,4456.9,69715
682,2024-12-09T10:00:00+05:30,4457.5,4457.95,4446.65,4450.0,65593
683,2024-12-09T10:15:00+05:30,4450.5,4456.1,4441.4,4442.05,59090
684,2024-12-09T10:30:00+05:30,4442.85,4444.85,4438.0,4443.1,35854
685,2024-12-09T10:45:00+05:30,4443.1,4450.1,4437.2,4438.25,42899
686,2024-12-09T11:00:00+05:30,4439.65,4443.0,4434.95,4438.25,30367
687,2024-12-09T11:15:00+05:30,4438.9,4444.2,4438.25,4442.0,19221
688,2024-12-09T11:30:00+05:30,4442.85,4449.0,4437.55,4442.0,25754
689,2024-12-09T11:45:00+05:30,4441.6,4442.9,4437.7,4441.95,18629
690,2024-12-09T12:00:00+05:30,4442.0,4442.0,4431.65,4432.8,25640
691,2024-12-09T12:15:00+05:30,4432.8,4439.3,4431.0,4436.75,25985
692,2024-12-09T12:30:00+05:30,4436.75,4436.8,4425.0,4427.1,43931
693,2024-12-09T12:45:00+05:30,4427.9,4428.65,4417.6,4422.05,48835
694,2024-12-09T13:00:00+05:30,4422.05,4441.0,4415.55,4441.0,78178
695,2024-12-09T13:15:00+05:30,4441.0,4442.55,4435.25,4440.0,57467
696,2024-12-09T13:30:00+05:30,4439.85,4450.0,4438.35,4449.7,62502
697,2024-12-09T13:45:00+05:30,4449.7,4453.25,4446.0,4451.8,69232
698,2024-12-09T14:00:00+05:30,4451.8,4454.8,4446.6,4448.9,55549
699,2024-12-09T14:15:00+05:30,4448.9,4450.85,4442.5,4445.85,37829
700,2024-12-09T14:30:00+05:30,4445.85,4450.2,4444.15,4449.75,60227
701,2024-12-09T14:45:00+05:30,4449.75,4450.0,4440.5,4448.5,171036
702,2024-12-09T15:00:00+05:30,4448.45,4457.6,4441.25,4453.35,341096
703,2024-12-09T15:15:00+05:30,4453.35,4455.0,4445.0,4445.6,306171
704,2024-12-10T09:15:00+05:30,4426.15,4465.5,4426.15,4449.0,271622
705,2024-12-10T09:30:00+05:30,4449.0,4463.75,4449.0,4461.45,85421
706,2024-12-10T09:45:00+05:30,4461.0,4474.0,4455.0,4471.85,63651
707,2024-12-10T10:00:00+05:30,4471.9,4488.9,4471.85,4483.0,95952
708,2024-12-10T10:15:00+05:30,4482.95,4493.8,4460.6,4460.6,101048
709,2024-12-10T10:30:00+05:30,4461.95,4465.15,4450.3,4454.0,56979
710,2024-12-10T10:45:00+05:30,4454.2,4455.85,4447.0,4451.0,32233
711,2024-12-10T11:00:00+05:30,4451.0,4453.0,4445.0,4452.1,43808
712,2024-12-10T11:15:00+05:30,4452.15,4453.05,4446.7,4448.95,28465
713,2024-12-10T11:30:00+05:30,4448.9,4453.0,4443.3,4449.5,40168
714,2024-12-10T11:45:00+05:30,4449.5,4449.95,4435.0,4437.1,56447
715,2024-12-10T12:00:00+05:30,4436.95,4450.3,4432.7,4445.85,58709
716,2024-12-10T12:15:00+05:30,4445.85,4445.9,4435.0,4439.6,42729
717,2024-12-10T12:30:00+05:30,4439.6,4440.5,4425.75,4431.4,51823
718,2024-12-10T12:45:00+05:30,4431.45,4433.2,4427.3,4429.2,33632
719,2024-12-10T13:00:00+05:30,4429.2,4432.1,4422.25,4431.3,55633
720,2024-12-10T13:15:00+05:30,4431.15,4431.4,4422.05,4425.7,61244
721,2024-12-10T13:30:00+05:30,4425.5,4428.65,4421.4,4422.7,58645
722,2024-12-10T13:45:00+05:30,4422.6,4428.0,4416.9,4427.8,43691
723,2024-12-10T14:00:00+05:30,4427.55,4428.05,4420.0,4421.85,43782
724,2024-12-10T14:15:00+05:30,4421.85,4423.0,4414.6,4422.65,38206
725,2024-12-10T14:30:00+05:30,4422.65,4423.7,4412.1,4421.3,57546
726,2024-12-10T14:45:00+05:30,4421.45,4425.8,4420.35,4420.35,46407
727,2024-12-10T15:00:00+05:30,4420.95,4435.0,4420.9,4430.55,297335
728,2024-12-10T15:15:00+05:30,4430.5,4450.0,4428.85,4437.8,210133
729,2024-12-11T09:15:00+05:30,4431.85,4448.65,4421.8,4424.1,159880
730,2024-12-11T09:30:00+05:30,4424.5,4428.45,4407.8,4411.65,77266
731,2024-12-11T09:45:00+05:30,4411.55,4439.0,4410.0,4439.0,78961
732,2024-12-11T10:00:00+05:30,4438.65,4444.0,4430.0,4436.55,71804
733,2024-12-11T10:15:00+05:30,4436.6,4441.0,4424.45,4439.85,37679
734,2024-12-11T10:30:00+05:30,4440.0,4447.15,4428.5,4445.5,39800
735,2024-12-11T10:45:00+05:30,4445.5,4447.8,4433.4,4434.55,39373
736,2024-12-11T11:00:00+05:30,4433.75,4434.55,4427.05,4428.5,26659
737,2024-12-11T11:15:00+05:30,4428.1,4431.3,4420.15,4422.0,42996
738,2024-12-11T11:30:00+05:30,4422.0,4430.0,4418.25,4427.05,41756
739,2024-12-11T11:45:00+05:30,4427.05,4428.9,4418.9,4419.0,18779
740,2024-12-11T12:00:00+05:30,4419.65,4424.9,4417.6,4418.9,34596
741,2024-12-11T12:15:00+05:30,4418.85,4421.9,4415.0,4418.15,26465
742,2024-12-11T12:30:00+05:30,4418.15,4420.2,4412.6,4412.95,30938
743,2024-12-11T12:45:00+05:30,4412.95,4414.7,4408.6,4411.35,55384
744,2024-12-11T13:00:00+05:30,4410.95,4418.9,4407.0,4418.2,39927
745,2024-12-11T13:15:00+05:30,4418.2,4420.0,4414.2,4417.3,50646
746,2024-12-11T13:30:00+05:30,4417.25,4425.0,4416.2,4421.0,38990
747,2024-12-11T13:45:00+05:30,4421.0,4421.85,4417.05,4418.8,32102
748,2024-12-11T14:00:00+05:30,4418.8,4428.9,4415.4,4424.45,49529
749,2024-12-11T14:15:00+05:30,4424.65,4424.65,4417.05,4418.95,58452
750,2024-12-11T14:30:00+05:30,4418.95,4419.0,4413.25,4416.45,54631
751,2024-12-11T14:45:00+05:30,4416.45,4422.25,4414.0,4421.55,69792
752,2024-12-11T15:00:00+05:30,4421.55,4431.35,4421.5,4425.05,203918
753,2024-12-11T15:15:00+05:30,4425.0,4430.15,4419.65,4423.0,233438
754,2024-12-12T09:15:00+05:30,4435.0,4472.55,4426.0,4456.45,163565
755,2024-12-12T09:30:00+05:30,4456.8,4477.0,4456.45,4475.95,82501
756,2024-12-12T09:45:00+05:30,4476.8,4485.0,4470.0,4484.05,98893
757,2024-12-12T10:00:00+05:30,4483.0,4484.1,4470.2,4477.85,50262
758,2024-12-12T10:15:00+05:30,4477.85,4480.0,4467.5,4469.05,48053
759,2024-12-12T10:30:00+05:30,4468.9,4473.6,4461.6,4469.9,49095
760,2024-12-12T10:45:00+05:30,4469.9,4472.1,4464.65,4465.5,29836
761,2024-12-12T11:00:00+05:30,4465.5,4471.0,4460.65,4465.75,56056
762,2024-12-12T11:15:00+05:30,4465.75,4469.5,4460.95,4463.05,28075
763,2024-12-12T11:30:00+05:30,4463.0,4472.0,4461.9,4470.4,31686
764,2024-12-12T11:45:00+05:30,4470.45,4472.0,4466.5,4468.85,78074
765,2024-12-12T12:00:00+05:30,4469.3,4471.9,4466.85,4470.55,40848
766,2024-12-12T12:15:00+05:30,4470.5,4471.9,4453.55,4462.9,72990
767,2024-12-12T12:30:00+05:30,4463.05,4471.9,4462.9,4471.0,64001
768,2024-12-12T12:45:00+05:30,4471.25,4472.4,4465.5,4469.3,46445
769,2024-12-12T13:00:00+05:30,4469.95,4472.7,4468.05,4470.5,47685
770,2024-12-12T13:15:00+05:30,4470.5,4472.2,4465.25,4466.75,37759
771,2024-12-12T13:30:00+05:30,4467.05,4471.95,4465.6,4470.85,39253
772,2024-12-12T13:45:00+05:30,4471.0,4471.95,4467.0,4468.95,47094
773,2024-12-12T14:00:00+05:30,4468.95,4470.2,4435.1,4448.85,96847
774,2024-12-12T14:15:00+05:30,4448.85,4454.85,4447.7,4450.5,70981
775,2024-12-12T14:30:00+05:30,4451.0,4456.0,4446.1,4452.5,69735
776,2024-12-12T14:45:00+05:30,4453.0,4456.2,4446.9,4450.15,59176
777,2024-12-12T15:00:00+05:30,4450.15,4457.55,4444.0,4452.8,257772
778,2024-12-12T15:15:00+05:30,4452.8,4467.0,4452.8,4460.0,220854
779,2024-12-13T09:15:00+05:30,4434.65,4458.0,4417.5,4436.95,129549
780,2024-12-13T09:30:00+05:30,4435.55,4451.9,4427.0,4444.4,46447
781,2024-12-13T09:45:00+05:30,4444.4,4466.5,4441.8,4453.65,72110
782,2024-12-13T10:00:00+05:30,4453.7,4455.75,4442.85,4446.65,32568
783,2024-12-13T10:15:00+05:30,4446.65,4446.65,4419.0,4419.15,59100
784,2024-12-13T10:30:00+05:30,4419.5,4420.1,4401.8,4407.6,52202
785,2024-12-13T10:45:00+05:30,4407.55,4409.0,4394.4,4403.75,65944
786,2024-12-13T11:00:00+05:30,4403.0,4431.9,4398.0,4414.8,77801
787,2024-12-13T11:15:00+05:30,4413.8,4429.0,4411.9,4417.15,60284
788,2024-12-13T11:30:00+05:30,4417.15,4432.8,4413.15,4425.25,49878
789,2024-12-13T11:45:00+05:30,4426.2,4466.45,4422.25,4466.45,115335
790,2024-12-13T12:00:00+05:30,4466.45,4482.3,4460.2,4477.1,116853
791,2024-12-13T12:15:00+05:30,4477.1,4486.15,4475.0,4481.95,83568
792,2024-12-13T12:30:00+05:30,4481.65,4483.6,4469.3,4472.65,44592
793,2024-12-13T12:45:00+05:30,4472.45,4484.0,4464.0,4484.0,36723
794,2024-12-13T13:00:00+05:30,4483.95,4494.9,4476.25,4481.3,80935
795,2024-12-13T13:15:00+05:30,4481.0,4483.3,4466.3,4479.7,80234
796,2024-12-13T13:30:00+05:30,4479.7,4489.0,4477.0,4481.3,70598
797,2024-12-13T13:45:00+05:30,4481.3,4484.9,4476.5,4481.5,42788
798,2024-12-13T14:00:00+05:30,4481.5,4481.9,4471.5,4473.2,40681
799,2024-12-13T14:15:00+05:30,4473.2,4479.85,4472.4,4474.8,47262
800,2024-12-13T14:30:00+05:30,4474.8,4476.85,4463.35,4466.4,49049
801,2024-12-13T14:45:00+05:30,4466.4,4467.55,4457.1,4464.5,91086
802,2024-12-13T15:00:00+05:30,4464.75,4479.5,4463.05,4475.7,213240
803,2024-12-13T15:15:00+05:30,4475.1,4484.0,4469.2,4474.9,199193
804,2024-12-16T09:15:00+05:30,4459.0,4475.0,4437.25,4437.6,116635
805,2024-12-16T09:30:00+05:30,4437.05,4450.0,4430.2,4447.6,62171
806,2024-12-16T09:45:00+05:30,4447.95,4455.0,4443.85,4450.25,43074
807,2024-12-16T10:00:00+05:30,4450.3,4464.0,4447.35,4456.65,42583
808,2024-12-16T10:15:00+05:30,4456.15,4456.75,4445.0,4447.4,42389
809,2024-12-16T10:30:00+05:30,4447.15,4456.55,4440.2,4446.2,51272
810,2024-12-16T10:45:00+05:30,4446.75,4450.0,4439.6,4439.65,35571
811,2024-12-16T11:00:00+05:30,4439.9,4443.7,4430.0,4432.2,40732
812,2024-12-16T11:15:00+05:30,4431.45,4437.8,4425.0,4425.0,59939
813,2024-12-16T11:30:00+05:30,4425.95,4431.9,4424.0,4429.5,60854
814,2024-12-16T11:45:00+05:30,4429.5,4433.95,4407.75,4409.1,74321
815,2024-12-16T12:00:00+05:30,4409.2,4417.35,4407.75,4408.25,44553
816,2024-12-16T12:15:00+05:30,4408.3,4421.45,4406.0,4416.65,61663
817,2024-12-16T12:30:00+05:30,4416.6,4426.15,4414.6,4421.8,80200
818,2024-12-16T12:45:00+05:30,4420.55,4426.0,4415.0,4416.0,30575
819,2024-12-16T13:00:00+05:30,4415.95,4422.0,4415.0,4419.9,39159
820,2024-12-16T13:15:00+05:30,4419.9,4420.5,4403.0,4404.05,56163
821,2024-12-16T13:30:00+05:30,4403.15,4409.9,4397.0,4407.95,49818
822,2024-12-16T13:45:00+05:30,4407.85,4412.75,4401.0,4412.3,28238
823,2024-12-16T14:00:00+05:30,4412.3,4414.75,4405.55,4407.65,30709
824,2024-12-16T14:15:00+05:30,4407.75,4410.0,4403.2,4406.25,24645
825,2024-12-16T14:30:00+05:30,4406.3,4413.5,4406.25,4411.85,51648
826,2024-12-16T14:45:00+05:30,4411.85,4411.85,4405.0,4408.4,55268
827,2024-12-16T15:00:00+05:30,4408.4,4426.0,4408.0,4413.85,228563
828,2024-12-16T15:15:00+05:30,4413.85,4420.0,4409.15,4416.0,215931
829,2024-12-17T09:15:00+05:30,4414.65,4432.95,4384.0,4415.6,147484
830,2024-12-17T09:30:00+05:30,4415.6,4422.85,4399.55,4401.05,100877
831,2024-12-17T09:45:00+05:30,4400.1,4402.3,4388.5,4394.1,54917
832,2024-12-17T10:00:00+05:30,4394.6,4397.5,4386.05,4390.35,66610
833,2024-12-17T10:15:00+05:30,4390.1,4393.5,4367.2,4370.0,124179
834,2024-12-17T10:30:00+05:30,4370.0,4370.65,4345.55,4351.65,152712
835,2024-12-17T10:45:00+05:30,4351.1,4353.8,4337.45,4352.05,135350
836,2024-12-17T11:00:00+05:30,4352.0,4368.7,4348.8,4353.45,186232
837,2024-12-17T11:15:00+05:30,4353.45,4353.5,4337.85,4341.5,70484
838,2024-12-17T11:30:00+05:30,4341.5,4344.65,4323.4,4332.25,127700
839,2024-12-17T11:45:00+05:30,4330.6,4340.6,4326.8,4327.5,100463
840,2024-12-17T12:00:00+05:30,4327.5,4346.3,4325.3,4340.1,90251
841,2024-12-17T12:15:00+05:30,4340.15,4349.95,4331.0,4347.9,104236
842,2024-12-17T12:30:00+05:30,4347.9,4356.2,4336.5,4338.0,94318
843,2024-12-17T12:45:00+05:30,4338.0,4341.7,4333.2,4338.2,138047
844,2024-12-17T13:00:00+05:30,4337.3,4338.5,4325.6,4327.65,86498
845,2024-12-17T13:15:00+05:30,4327.7,4329.55,4318.0,4322.5,98516
846,2024-12-17T13:30:00+05:30,4322.5,4336.95,4318.8,4330.85,89673
847,2024-12-17T13:45:00+05:30,4330.1,4339.1,4327.55,4339.0,94359
848,2024-12-17T14:00:00+05:30,4339.0,4343.85,4325.75,4330.7,94231
849,2024-12-17T14:15:00+05:30,4330.9,4339.0,4329.15,4335.1,91502
850,2024-12-17T14:30:00+05:30,4335.0,4342.5,4331.0,4342.5,132279
851,2024-12-17T14:45:00+05:30,4342.5,4346.2,4328.0,4335.85,131194
852,2024-12-17T15:00:00+05:30,4337.1,4340.0,4324.2,4325.6,360773
853,2024-12-17T15:15:00+05:30,4325.8,4328.15,4318.0,4322.7,340251
854,2024-12-18T09:15:00+05:30,4316.0,4354.8,4289.6,4337.9,180180
855,2024-12-18T09:30:00+05:30,4337.0,4358.35,4335.1,4348.95,64831
856,2024-12-18T09:45:00+05:30,4348.9,4362.0,4323.7,4325.9,71973
857,2024-12-18T10:00:00+05:30,4325.9,4332.0,4313.9,4316.65,57091
858,2024-12-18T10:15:00+05:30,4315.55,4324.05,4308.05,4317.0,44146
859,2024-12-18T10:30:00+05:30,4317.05,4318.9,4303.0,4307.9,43121
860,2024-12-18T10:45:00+05:30,4307.9,4311.15,4301.25,4301.95,38939
861,2024-12-18T11:00:00+05:30,4302.15,4305.75,4298.15,4304.3,41050
862,2024-12-18T11:15:00+05:30,4304.35,4319.0,4304.0,4318.8,39968
863,2024-12-18T11:30:00+05:30,4318.25,4329.75,4317.5,4324.0,36173
864,2024-12-18T11:45:00+05:30,4324.05,4339.4,4322.0,4337.6,50168
865,2024-12-18T12:00:00+05:30,4337.6,4338.3,4328.95,4329.85,28935
866,2024-12-18T12:15:00+05:30,4330.0,4332.5,4318.6,4330.8,45948
867,2024-12-18T12:30:00+05:30,4330.8,4333.55,4325.75,4329.5,32941
868,2024-12-18T12:45:00+05:30,4329.35,4340.3,4328.0,4336.0,33361
869,2024-12-18T13:00:00+05:30,4335.55,4349.9,4333.7,4336.0,41234
870,2024-12-18T13:15:00+05:30,4336.75,4343.25,4332.5,4339.2,30885
871,2024-12-18T13:30:00+05:30,4339.3,4341.45,4334.15,4338.6,28219
872,2024-12-18T13:45:00+05:30,4338.25,4343.45,4333.15,4342.9,29674
873,2024-12-18T14:00:00+05:30,4342.75,4348.25,4341.55,4344.95,30365
874,2024-12-18T14:15:00+05:30,4344.95,4346.0,4333.95,4335.9,38460
875,2024-12-18T14:30:00+05:30,4335.9,4338.0,4327.45,4333.15,75990
876,2024-12-18T14:45:00+05:30,4333.15,4343.95,4332.45,4336.3,41001
877,2024-12-18T15:00:00+05:30,4336.65,4348.35,4334.4,4346.55,177677
878,2024-12-18T15:15:00+05:30,4346.55,4360.0,4342.85,4355.65,206837
879,2024-12-19T09:15:00+05:30,4282.0,4353.3,4282.0,4320.2,530124
880,2024-12-19T09:30:00+05:30,4320.25,4349.9,4320.2,4345.05,152334
881,2024-12-19T09:45:00+05:30,4345.15,4364.0,4331.8,4340.85,146950
882,2024-12-19T10:00:00+05:30,4340.9,4344.3,4325.4,4330.0,135845
883,2024-12-19T10:15:00+05:30,4330.15,4342.75,4327.95,4330.3,58770
884,2024-12-19T10:30:00+05:30,4330.55,4337.55,4323.7,4325.2,60805
885,2024-12-19T10:45:00+05:30,4325.2,4332.3,4321.35,4330.95,38990
886,2024-12-19T11:00:00+05:30,4330.95,4332.9,4309.45,4312.05,62360
887,2024-12-19T11:15:00+05:30,4312.15,4317.2,4305.0,4305.05,47919
888,2024-12-19T11:30:00+05:30,4305.05,4309.4,4293.0,4300.65,53577
889,2024-12-19T11:45:00+05:30,4300.6,4302.0,4290.05,4290.65,79543
890,2024-12-19T12:00:00+05:30,4290.55,4299.9,4286.3,4297.95,61601
891,2024-12-19T12:15:00+05:30,4297.95,4306.45,4295.0,4304.85,104068
892,2024-12-19T12:30:00+05:30,4304.85,4307.85,4282.0,4283.7,91540
893,2024-12-19T12:45:00+05:30,4283.55,4283.55,4265.45,4267.15,139532
894,2024-12-19T13:00:00+05:30,4267.25,4284.75,4264.95,4284.6,152261
895,2024-12-19T13:15:00+05:30,4284.6,4298.5,4281.25,4293.8,105665
896,2024-12-19T13:30:00+05:30,4293.1,4296.0,4289.35,4293.65,64522
897,2024-12-19T13:45:00+05:30,4293.7,4301.05,4291.55,4297.15,64668
898,2024-12-19T14:00:00+05:30,4297.15,4302.6,4297.05,4299.35,58548
899,2024-12-19T14:15:00+05:30,4299.4,4302.2,4276.05,4278.9,84841
900,2024-12-19T14:30:00+05:30,4278.9,4278.95,4265.0,4268.35,144319
901,2024-12-19T14:45:00+05:30,4268.3,4273.65,4262.0,4266.1,139225
902,2024-12-19T15:00:00+05:30,4266.8,4273.25,4263.95,4269.4,207082
903,2024-12-19T15:15:00+05:30,4269.4,4287.0,4267.9,4281.0,193420
904,2024-12-20T09:15:00+05:30,4329.45,4382.0,4299.05,4319.75,881231
905,2024-12-20T09:30:00+05:30,4319.5,4332.85,4297.25,4315.9,146695
906,2024-12-20T09:45:00+05:30,4316.35,4320.0,4261.0,4263.05,174494
907,2024-12-20T10:00:00+05:30,4263.05,4282.75,4256.55,4273.95,75268
908,2024-12-20T10:15:00+05:30,4274.05,4305.25,4268.0,4281.0,94487
909,2024-12-20T10:30:00+05:30,4282.3,4297.0,4278.15,4280.2,54385
910,2024-12-20T10:45:00+05:30,4281.05,4281.05,4265.95,4271.5,34989
911,2024-12-20T11:00:00+05:30,4271.5,4274.75,4263.35,4266.5,44691
912,2024-12-20T11:15:00+05:30,4266.95,4267.0,4235.3,4237.4,103393
913,2024-12-20T11:30:00+05:30,4236.35,4240.0,4225.05,4229.35,65717
914,2024-12-20T11:45:00+05:30,4229.35,4235.0,4222.55,4233.35,40204
915,2024-12-20T12:00:00+05:30,4233.15,4238.0,4218.6,4220.65,44788
916,2024-12-20T12:15:00+05:30,4219.5,4222.95,4201.0,4204.95,78422
917,2024-12-20T12:30:00+05:30,4204.95,4209.8,4192.95,4193.65,80285
918,2024-12-20T12:45:00+05:30,4193.65,4198.25,4178.55,4189.0,112052
919,2024-12-20T13:00:00+05:30,4188.0,4191.95,4175.0,4177.65,77118
920,2024-12-20T13:15:00+05:30,4177.65,4181.25,4162.0,4167.9,72340
921,2024-12-20T13:30:00+05:30,4167.4,4178.45,4160.8,4173.25,67973
922,2024-12-20T13:45:00+05:30,4173.9,4178.65,4168.75,4173.25,55417
923,2024-12-20T14:00:00+05:30,4173.25,4185.35,4166.0,4183.5,56066
924,2024-12-20T14:15:00+05:30,4183.45,4188.0,4173.05,4173.65,58282
925,2024-12-20T14:30:00+05:30,4173.65,4198.0,4172.9,4185.0,79958
926,2024-12-20T14:45:00+05:30,4185.65,4191.35,4180.1,4182.55,112856
927,2024-12-20T15:00:00+05:30,4182.5,4187.65,4154.2,4156.05,701512
928,2024-12-20T15:15:00+05:30,4156.05,4185.0,4152.5,4177.05,631536
929,2024-12-23T09:15:00+05:30,4200.05,4217.0,4181.4,4188.65,119836
930,2024-12-23T09:30:00+05:30,4190.75,4198.15,4159.05,4171.5,80242
931,2024-12-23T09:45:00+05:30,4171.95,4187.95,4167.0,4180.5,74905
932,2024-12-23T10:00:00+05:30,4180.25,4182.65,4147.4,4149.0,45545
933,2024-12-23T10:15:00+05:30,4149.85,4152.5,4133.3,4149.75,78144
934,2024-12-23T10:30:00+05:30,4149.05,4159.0,4141.35,4147.8,73415
935,2024-12-23T10:45:00+05:30,4146.65,4158.6,4140.15,4151.5,119201
936,2024-12-23T11:00:00+05:30,4152.45,4158.5,4146.0,4147.95,103790
937,2024-12-23T11:15:00+05:30,4148.0,4162.5,4147.0,4159.95,85592
938,2024-12-23T11:30:00+05:30,4160.0,4162.6,4141.6,4144.45,109180
939,2024-12-23T11:45:00+05:30,4144.45,4148.8,4133.0,4136.45,67161
940,2024-12-23T12:00:00+05:30,4135.65,4136.45,4118.1,4125.05,100774
941,2024-12-23T12:15:00+05:30,4125.65,4131.95,4118.0,4119.95,154879
942,2024-12-23T12:30:00+05:30,4119.95,4128.15,4114.9,4124.8,81909
943,2024-12-23T12:45:00+05:30,4124.8,4129.3,4115.0,4119.4,62483
944,2024-12-23T13:00:00+05:30,4119.35,4141.3,4117.0,4135.9,92899
945,2024-12-23T13:15:00+05:30,4136.3,4138.2,4133.05,4137.7,62440
946,2024-12-23T13:30:00+05:30,4137.7,4147.35,4134.75,4142.85,70938
947,2024-12-23T13:45:00+05:30,4144.4,4151.0,4139.75,4148.7,129755
948,2024-12-23T14:00:00+05:30,4148.75,4156.95,4143.8,4156.65,52689
949,2024-12-23T14:15:00+05:30,4156.9,4170.0,4155.0,4168.6,66666
950,2024-12-23T14:30:00+05:30,4169.5,4180.0,4163.55,4166.6,56290
951,2024-12-23T14:45:00+05:30,4166.65,4167.8,4160.05,4164.6,42213
952,2024-12-23T15:00:00+05:30,4164.55,4170.0,4151.35,4159.0,104674
953,2024-12-23T15:15:00+05:30,4159.0,4159.8,4151.0,4157.05,112898
954,2024-12-24T09:15:00+05:30,4158.3,4199.35,4158.3,4198.5,98044
955,2024-12-24T09:30:00+05:30,4198.3,4200.55,4181.5,4199.0,63679
956,2024-12-24T09:45:00+05:30,4199.0,4210.0,4192.2,4203.9,119009
957,2024-12-24T10:00:00+05:30,4204.6,4211.75,4200.0,4205.45,59828
958,2024-12-24T10:15:00+05:30,4205.4,4218.0,4201.85,4209.85,53413
959,2024-12-24T10:30:00+05:30,4209.9,4209.95,4191.5,4193.35,45738
960,2024-12-24T10:45:00+05:30,4193.35,4196.85,4189.0,4191.6,18050
961,2024-12-24T11:00:00+05:30,4191.95,4198.4,4190.0,4191.0,35254
962,2024-12-24T11:15:00+05:30,4191.0,4195.05,4185.0,4186.0,29112
963,2024-12-24T11:30:00+05:30,4186.0,4188.0,4183.1,4186.1,9851
964,2024-12-24T11:45:00+05:30,4186.0,4186.85,4176.85,4179.95,18822
965,2024-12-24T12:00:00+05:30,4179.0,4180.9,4172.0,4173.0,15953
966,2024-12-24T12:15:00+05:30,4173.0,4175.45,4167.0,4168.45,21766
967,2024-12-24T12:30:00+05:30,4168.45,4176.6,4166.0,4171.0,29006
968,2024-12-24T12:45:00+05:30,4171.0,4178.35,4169.7,4173.9,29746
969,2024-12-24T13:00:00+05:30,4174.3,4175.5,4166.0,4167.0,26166
970,2024-12-24T13:15:00+05:30,4166.6,4177.8,4161.75,4175.0,55669
971,2024-12-24T13:30:00+05:30,4175.0,4183.6,4172.05,4181.0,45590
972,2024-12-24T13:45:00+05:30,4181.0,4185.0,4176.65,4180.6,64850
973,2024-12-24T14:00:00+05:30,4180.6,4182.15,4174.95,4181.95,45552
974,2024-12-24T14:15:00+05:30,4181.35,4187.75,4176.85,4187.5,51308
975,2024-12-24T14:30:00+05:30,4187.15,4188.8,4175.05,4182.75,45931
976,2024-12-24T14:45:00+05:30,4182.75,4184.5,4175.2,4180.15,39636
977,2024-12-24T15:00:00+05:30,4181.15,4185.0,4176.15,4180.75,52243
978,2024-12-24T15:15:00+05:30,4181.0,4187.65,4174.3,4182.0,99287
979,2024-12-26T09:15:00+05:30,4179.5,4199.95,4164.65,4182.0,56464
980,2024-12-26T09:30:00+05:30,4181.8,4182.55,4167.0,4170.0,24500
981,2024-12-26T09:45:00+05:30,4170.6,4176.0,4159.05,4168.2,30620
982,2024-12-26T10:00:00+05:30,4168.25,4170.0,4147.95,4153.0,37674
983,2024-12-26T10:15:00+05:30,4153.35,4160.4,4148.85,4156.2,20077
984,2024-12-26T10:30:00+05:30,4156.35,4167.95,4155.1,4156.8,47836
985,2024-12-26T10:45:00+05:30,4155.65,4156.25,4148.05,4151.25,81578
986,2024-12-26T11:00:00+05:30,4151.35,4152.8,4146.0,4150.0,19209
987,2024-12-26T11:15:00+05:30,4150.0,4163.35,4149.0,4162.7,71672
988,2024-12-26T11:30:00+05:30,4162.05,4163.5,4153.2,4160.15,24088
989,2024-12-26T11:45:00+05:30,4160.2,4177.35,4159.45,4168.75,58785
990,2024-12-26T12:00:00+05:30,4168.75,4169.25,4158.15,4159.2,28549
991,2024-12-26T12:15:00+05:30,4159.2,4159.8,4156.0,4158.95,34985
992,2024-12-26T12:30:00+05:30,4158.95,4167.0,4157.7,4165.4,21970
993,2024-12-26T12:45:00+05:30,4165.4,4170.0,4163.5,4163.75,20769
994,2024-12-26T13:00:00+05:30,4163.75,4165.5,4160.0,4164.65,26564
995,2024-12-26T13:15:00+05:30,4164.65,4166.0,4163.25,4163.6,20500
996,2024-12-26T13:30:00+05:30,4163.6,4166.0,4143.15,4164.2,75668
997,2024-12-26T13:45:00+05:30,4164.2,4167.9,4157.1,4160.5,33528
998,2024-12-26T14:00:00+05:30,4160.45,4164.2,4159.9,4162.15,34217
999,2024-12-26T14:15:00+05:30,4162.2,4163.45,4159.0,4163.1,74111
1000,2024-12-26T14:30:00+05:30,4163.1,4167.75,4161.0,4166.1,47594
1001,2024-12-26T14:45:00+05:30,4166.1,4172.0,4162.45,4169.75,47922
1002,2024-12-26T15:00:00+05:30,4169.75,4171.0,4166.8,4169.15,123548
1003,2024-12-26T15:15:00+05:30,4169.05,4174.0,4162.55,4170.0,139838
1004,2024-12-27T09:15:00+05:30,4165.0,4179.9,4149.05,4154.65,76253
1005,2024-12-27T09:30:00+05:30,4154.65,4160.1,4150.05,4156.65,27171
1006,2024-12-27T09:45:00+05:30,4156.3,4168.3,4155.1,4164.95,39039
1007,2024-12-27T10:00:00+05:30,4165.5,4166.15,4157.6,4159.05,27637
1008,2024-12-27T10:15:00+05:30,4159.45,4168.6,4154.5,4155.35,29079
1009,2024-12-27T10:30:00+05:30,4155.6,4161.5,4150.75,4155.0,25496
1010,2024-12-27T10:45:00+05:30,4156.0,4157.35,4152.2,4155.35,16498
1011,2024-12-27T11:00:00+05:30,4155.35,4164.1,4153.35,4163.45,15076
1012,2024-12-27T11:15:00+05:30,4163.75,4163.8,4153.25,4158.85,11900
1013,2024-12-27T11:30:00+05:30,4158.0,4160.0,4147.25,4151.85,20984
1014,2024-12-27T11:45:00+05:30,4151.8,4154.9,4150.0,4150.5,10410
1015,2024-12-27T12:00:00+05:30,4150.5,4153.35,4150.0,4150.25,10278
1016,2024-12-27T12:15:00+05:30,4151.2,4157.45,4150.25,4155.4,16963
1017,2024-12-27T12:30:00+05:30,4155.35,4163.85,4153.9,4163.35,23867
1018,2024-12-27T12:45:00+05:30,4163.0,4168.0,4162.7,4165.45,20886
1019,2024-12-27T13:00:00+05:30,4165.45,4176.35,4165.25,4169.45,38860
1020,2024-12-27T13:15:00+05:30,4169.4,4180.95,4168.65,4174.0,31873
1021,2024-12-27T13:30:00+05:30,4173.6,4173.95,4165.9,4168.4,25307
1022,2024-12-27T13:45:00+05:30,4167.2,4171.45,4164.4,4168.3,25149
1023,2024-12-27T14:00:00+05:30,4168.2,4169.8,4156.15,4158.9,58846
1024,2024-12-27T14:15:00+05:30,4159.3,4167.0,4156.15,4165.95,28802
1025,2024-12-27T14:30:00+05:30,4165.9,4168.15,4160.55,4167.6,26952
1026,2024-12-27T14:45:00+05:30,4167.6,4170.7,4162.0,4167.65,51702
1027,2024-12-27T15:00:00+05:30,4167.55,4172.6,4161.1,4161.75,86328
1028,2024-12-27T15:15:00+05:30,4162.05,4168.5,4153.0,4157.1,107108
1029,2024-12-30T09:15:00+05:30,4151.0,4171.7,4151.0,4158.95,81848
1030,2024-12-30T09:30:00+05:30,4158.45,4162.6,4138.0,4146.2,74521
1031,2024-12-30T09:45:00+05:30,4145.0,4155.5,4139.45,4149.35,32978
1032,2024-12-30T10:00:00+05:30,4149.35,4165.3,4149.35,4161.25,34013
1033,2024-12-30T10:15:00+05:30,4162.45,4163.0,4157.0,4159.45,23113
1034,2024-12-30T10:30:00+05:30,4160.0,4168.15,4153.35,4157.2,32823
1035,2024-12-30T10:45:00+05:30,4157.5,4168.1,4157.5,4158.95,25893
1036,2024-12-30T11:00:00+05:30,4158.95,4159.9,4144.55,4147.25,30781
1037,2024-12-30T11:15:00+05:30,4147.25,4155.75,4145.9,4153.35,24723
1038,2024-12-30T11:30:00+05:30,4153.5,4163.0,4151.1,4153.65,21265
1039,2024-12-30T11:45:00+05:30,4153.5,4158.4,4151.1,4155.95,18057
1040,2024-12-30T12:00:00+05:30,4156.0,4156.8,4149.05,4149.05,24064
1041,2024-12-30T12:15:00+05:30,4150.05,4152.1,4141.0,4142.3,34106
1042,2024-12-30T12:30:00+05:30,4141.3,4143.95,4137.9,4142.9,40085
1043,2024-12-30T12:45:00+05:30,4142.9,4146.15,4135.75,4137.8,28531
1044,2024-12-30T13:00:00+05:30,4137.8,4142.2,4135.0,4137.2,28040
1045,2024-12-30T13:15:00+05:30,4138.2,4141.4,4132.5,4140.4,27628
1046,2024-12-30T13:30:00+05:30,4140.45,4141.35,4126.25,4127.2,28732
1047,2024-12-30T13:45:00+05:30,4127.15,4128.25,4120.35,4123.75,35484
1048,2024-12-30T14:00:00+05:30,4125.0,4126.45,4120.0,4121.05,30223
1049,2024-12-30T14:15:00+05:30,4122.2,4126.0,4120.0,4120.85,27833
1050,2024-12-30T14:30:00+05:30,4121.2,4134.0,4120.1,4131.25,40828
1051,2024-12-30T14:45:00+05:30,4132.55,4147.45,4131.05,4137.05,53513
1052,2024-12-30T15:00:00+05:30,4137.95,4166.35,4112.0,4166.3,286518
1053,2024-12-30T15:15:00+05:30,4166.3,4199.3,4121.15,4150.0,428342
1054,2024-12-31T09:15:00+05:30,4135.2,4139.95,4082.25,4085.5,99902
1055,2024-12-31T09:30:00+05:30,4085.6,4085.6,4062.0,4066.75,79716
1056,2024-12-31T09:45:00+05:30,4067.0,4076.0,4064.6,4070.0,34131
1057,2024-12-31T10:00:00+05:30,4070.0,4073.0,4033.85,4033.85,71777
1058,2024-12-31T10:15:00+05:30,4033.85,4059.8,4032.05,4040.7,64575
1059,2024-12-31T10:30:00+05:30,4040.7,4058.3,4039.9,4056.3,35051
1060,2024-12-31T10:45:00+05:30,4056.35,4068.5,4044.0,4059.0,55451
1061,2024-12-31T11:00:00+05:30,4058.9,4077.45,4057.2,4076.0,54223
1062,2024-12-31T11:15:00+05:30,4076.0,4079.85,4072.5,4075.8,35742
1063,2024-12-31T11:30:00+05:30,4075.1,4078.75,4065.4,4077.2,37525
1064,2024-12-31T11:45:00+05:30,4076.7,4078.45,4069.6,4072.35,28428
1065,2024-12-31T12:00:00+05:30,4072.35,4075.9,4063.05,4073.25,29072
1066,2024-12-31T12:15:00+05:30,4073.3,4076.95,4071.4,4074.7,35721
1067,2024-12-31T12:30:00+05:30,4074.7,4079.3,4064.3,4065.5,48418
1068,2024-12-31T12:45:00+05:30,4065.5,4069.7,4061.15,4062.9,45566
1069,2024-12-31T13:00:00+05:30,4062.9,4073.05,4061.0,4067.25,31758
1070,2024-12-31T13:15:00+05:30,4067.6,4079.0,4059.3,4077.95,81703
1071,2024-12-31T13:30:00+05:30,4077.95,4092.95,4074.15,4087.9,43937
1072,2024-12-31T13:45:00+05:30,4087.9,4090.95,4082.5,4088.45,30786
1073,2024-12-31T14:00:00+05:30,4088.45,4105.0,4084.9,4101.45,53504
1074,2024-12-31T14:15:00+05:30,4101.75,4103.0,4088.0,4091.5,43113
1075,2024-12-31T14:30:00+05:30,4091.5,4098.8,4084.95,4097.65,42033
1076,2024-12-31T14:45:00+05:30,4097.4,4105.0,4090.65,4098.05,58324
1077,2024-12-31T15:00:00+05:30,4098.15,4099.65,4081.7,4092.5,187111
1078,2024-12-31T15:15:00+05:30,4092.45,4112.3,4089.45,4106.0,221873
1079,2025-01-01T09:15:00+05:30,4094.4,4120.0,4090.5,4099.7,56283
1080,2025-01-01T09:30:00+05:30,4100.0,4101.0,4092.45,4096.05,29100
1081,2025-01-01T09:45:00+05:30,4094.95,4102.9,4091.6,4099.0,40698
1082,2025-01-01T10:00:00+05:30,4099.0,4103.85,4085.45,4099.55,31252
1083,2025-01-01T10:15:00+05:30,4098.05,4104.8,4095.55,4104.05,22833
1084,2025-01-01T10:30:00+05:30,4104.05,4114.75,4101.7,4109.05,21420
1085,2025-01-01T10:45:00+05:30,4109.65,4123.0,4107.65,4119.4,32502
1086,2025-01-01T11:00:00+05:30,4119.45,4127.75,4115.1,4123.05,24916
1087,2025-01-01T11:15:00+05:30,4123.2,4134.0,4122.2,4128.5,30330
1088,2025-01-01T11:30:00+05:30,4128.5,4133.85,4118.45,4123.1,26284
1089,2025-01-01T11:45:00+05:30,4123.0,4125.0,4102.65,4108.0,32098
1090,2025-01-01T12:00:00+05:30,4107.55,4113.6,4105.95,4110.55,15868
1091,2025-01-01T12:15:00+05:30,4108.8,4123.6,4108.7,4111.0,29312
1092,2025-01-01T12:30:00+05:30,4111.8,4129.25,4109.5,4121.4,38941
1093,2025-01-01T12:45:00+05:30,4122.5,4130.0,4108.15,4112.05,32031
1094,2025-01-01T13:00:00+05:30,4111.95,4116.25,4107.85,4112.5,12196
1095,2025-01-01T13:15:00+05:30,4112.1,4122.85,4110.35,4119.9,18984
1096,2025-01-01T13:30:00+05:30,4119.9,4120.0,4112.75,4118.65,15007
1097,2025-01-01T13:45:00+05:30,4118.95,4120.75,4113.85,4119.95,21903
1098,2025-01-01T14:00:00+05:30,4119.0,4122.45,4113.0,4114.2,35581
1099,2025-01-01T14:15:00+05:30,4113.0,4119.95,4110.75,4118.2,28514
1100,2025-01-01T14:30:00+05:30,4117.95,4119.85,4113.05,4117.15,23012
1101,2025-01-01T14:45:00+05:30,4116.3,4118.9,4110.15,4110.15,43751
1102,2025-01-01T15:00:00+05:30,4110.95,4116.65,4108.0,4113.4,44967
1103,2025-01-01T15:15:00+05:30,4114.05,4118.65,4107.45,4112.0,51224
1104,2025-01-02T09:15:00+05:30,4123.0,4134.1,4096.95,4120.0,83919
1105,2025-01-02T09:30:00+05:30,4118.9,4134.1,4117.0,4131.0,40711
1106,2025-01-02T09:45:00+05:30,4131.7,4148.8,4130.0,4140.0,63851
1107,2025-01-02T10:00:00+05:30,4139.0,4142.0,4130.0,4133.4,27993
1108,2025-01-02T10:15:00+05:30,4133.4,4146.0,4133.1,4141.4,30330
1109,2025-01-02T10:30:00+05:30,4142.0,4150.0,4134.0,4141.8,32794
1110,2025-01-02T10:45:00+05:30,4142.0,4155.4,4138.45,4153.05,70113
1111,2025-01-02T11:00:00+05:30,4153.0,4157.5,4148.65,4148.65,43861
1112,2025-01-02T11:15:00+05:30,4149.85,4155.0,4146.45,4151.0,25264
1113,2025-01-02T11:30:00+05:30,4151.0,4154.4,4145.65,4149.8,28184
1114,2025-01-02T11:45:00+05:30,4149.15,4151.5,4133.4,4135.0,32767
1115,2025-01-02T12:00:00+05:30,4135.0,4138.5,4128.4,4129.65,28639
1116,2025-01-02T12:15:00+05:30,4128.8,4151.8,4127.0,4149.15,50618
1117,2025-01-02T12:30:00+05:30,4150.45,4173.3,4150.45,4165.55,125228
1118,2025-01-02T12:45:00+05:30,4165.5,4169.0,4151.0,4155.95,74898
1119,2025-01-02T13:00:00+05:30,4156.8,4168.0,4153.0,4161.85,92833
1120,2025-01-02T13:15:00+05:30,4161.85,4169.5,4160.0,4164.2,84416
1121,2025-01-02T13:30:00+05:30,4165.4,4171.65,4161.4,4169.05,57542
1122,2025-01-02T13:45:00+05:30,4169.0,4172.2,4164.0,4167.4,58231
1123,2025-01-02T14:00:00+05:30,4167.4,4167.4,4160.5,4163.0,36035
1124,2025-01-02T14:15:00+05:30,4163.0,4182.1,4160.75,4172.0,90380
1125,2025-01-02T14:30:00+05:30,4172.0,4182.65,4170.3,4176.25,62363
1126,2025-01-02T14:45:00+05:30,4176.25,4181.05,4174.5,4177.15,36584
1127,2025-01-02T15:00:00+05:30,4177.25,4183.0,4173.05,4174.95,216801
1128,2025-01-02T15:15:00+05:30,4174.95,4178.25,4156.4,4166.0,222250
1129,2025-01-03T09:15:00+05:30,4177.85,4179.0,4141.0,4145.1,82221
1130,2025-01-03T09:30:00+05:30,4144.9,4147.6,4128.45,4130.55,51075
1131,2025-01-03T09:45:00+05:30,4130.55,4136.75,4118.05,4120.0,53388
1132,2025-01-03T10:00:00+05:30,4120.35,4129.65,4115.95,4118.0,49390
1133,2025-01-03T10:15:00+05:30,4118.0,4125.0,4118.0,4124.0,21837
1134,2025-01-03T10:30:00+05:30,4124.0,4125.0,4105.55,4109.9,53778
1135,2025-01-03T10:45:00+05:30,4109.35,4110.75,4102.0,4106.0,53675
1136,2025-01-03T11:00:00+05:30,4106.0,4110.0,4104.0,4109.8,76511
1137,2025-01-03T11:15:00+05:30,4109.8,4139.7,4106.95,4126.25,108374
1138,2025-01-03T11:30:00+05:30,4126.25,4128.65,4120.8,4127.2,63112
1139,2025-01-03T11:45:00+05:30,4126.85,4132.0,4125.5,4129.0,43790
1140,2025-01-03T12:00:00+05:30,4129.0,4131.05,4119.85,4122.55,56756
1141,2025-01-03T12:15:00+05:30,4122.05,4122.55,4104.65,4105.0,70274
1142,2025-01-03T12:30:00+05:30,4105.95,4112.95,4104.05,4111.0,65382
1143,2025-01-03T12:45:00+05:30,4111.0,4113.3,4105.0,4105.0,77147
1144,2025-01-03T13:00:00+05:30,4105.15,4119.8,4105.0,4118.1,41468
1145,2025-01-03T13:15:00+05:30,4118.05,4121.95,4116.5,4120.05,49238
1146,2025-01-03T13:30:00+05:30,4120.0,4120.05,4107.1,4107.2,46860
1147,2025-01-03T13:45:00+05:30,4107.1,4111.15,4105.0,4106.4,37837
1148,2025-01-03T14:00:00+05:30,4106.1,4112.95,4105.3,4108.35,57067
1149,2025-01-03T14:15:00+05:30,4108.35,4112.0,4105.05,4107.5,70723
1150,2025-01-03T14:30:00+05:30,4108.25,4110.0,4105.5,4105.5,34415
1151,2025-01-03T14:45:00+05:30,4105.5,4109.7,4103.8,4104.9,62303
1152,2025-01-03T15:00:00+05:30,4104.9,4108.1,4096.0,4099.4,239071
1153,2025-01-03T15:15:00+05:30,4099.7,4103.0,4092.3,4097.0,205099
1154,2025-01-06T09:15:00+05:30,4108.9,4138.1,4099.9,4125.55,127892
1155,2025-01-06T09:30:00+05:30,4126.75,4149.65,4119.0,4119.95,242457
1156,2025-01-06T09:45:00+05:30,4119.95,4124.0,4111.75,4117.2,69825
1157,2025-01-06T10:00:00+05:30,4116.4,4136.45,4116.15,4134.65,81631
1158,2025-01-06T10:15:00+05:30,4134.6,4142.0,4118.2,4118.2,70289
1159,2025-01-06T10:30:00+05:30,4118.2,4122.6,4100.0,4100.0,103326
1160,2025-01-06T10:45:00+05:30,4100.05,4108.15,4093.05,4099.35,106978
1161,2025-01-06T11:00:00+05:30,4098.55,4108.95,4093.0,4096.85,96511
1162,2025-01-06T11:15:00+05:30,4096.9,4104.85,4087.35,4101.25,97113
1163,2025-01-06T11:30:00+05:30,4101.2,4103.95,4077.0,4078.35,88890
1164,2025-01-06T11:45:00+05:30,4078.4,4083.5,4066.4,4077.9,113186
1165,2025-01-06T12:00:00+05:30,4079.5,4092.95,4078.65,4089.0,64669
1166,2025-01-06T12:15:00+05:30,4089.0,4097.7,4086.15,4090.5,27464
1167,2025-01-06T12:30:00+05:30,4090.65,4112.9,4090.4,4109.6,44511
1168,2025-01-06T12:45:00+05:30,4110.15,4113.95,4101.3,4112.3,32202
1169,2025-01-06T13:00:00+05:30,4111.95,4119.0,4105.95,4114.7,52665
1170,2025-01-06T13:15:00+05:30,4114.2,4114.9,4109.8,4111.75,37889
1171,2025-01-06T13:30:00+05:30,4110.85,4113.0,4101.55,4104.2,67743
1172,2025-01-06T13:45:00+05:30,4104.15,4106.7,4094.5,4102.0,40440
1173,2025-01-06T14:00:00+05:30,4100.9,4109.85,4097.35,4103.75,40695
1174,2025-01-06T14:15:00+05:30,4103.75,4105.5,4097.55,4102.35,32921
1175,2025-01-06T14:30:00+05:30,4102.1,4104.0,4095.4,4097.35,61805
1176,2025-01-06T14:45:00+05:30,4096.6,4104.0,4090.25,4099.95,65166
1177,2025-01-06T15:00:00+05:30,4099.95,4105.25,4090.0,4094.65,151216
1178,2025-01-06T15:15:00+05:30,4094.65,4098.0,4085.25,4090.0,156930
1179,2025-01-07T09:15:00+05:30,4114.9,4140.35,4093.15,4103.7,387772
1180,2025-01-07T09:30:00+05:30,4102.85,4110.5,4082.0,4086.0,106093
1181,2025-01-07T09:45:00+05:30,4085.95,4087.45,4042.05,4045.55,123981
1182,2025-01-07T10:00:00+05:30,4045.55,4046.0,4025.0,4044.0,109932
1183,2025-01-07T10:15:00+05:30,4044.05,4049.0,4031.0,4047.0,70973
1184,2025-01-07T10:30:00+05:30,4047.0,4047.25,4031.1,4039.55,58722
1185,2025-01-07T10:45:00+05:30,4039.55,4052.0,4032.0,4037.85,118267
1186,2025-01-07T11:00:00+05:30,4036.85,4041.9,4021.65,4024.25,70271
1187,2025-01-07T11:15:00+05:30,4024.25,4036.7,4023.25,4032.0,82960
1188,2025-01-07T11:30:00+05:30,4032.55,4033.65,4020.0,4023.05,59795
1189,2025-01-07T11:45:00+05:30,4023.0,4025.0,4011.55,4017.55,76898
1190,2025-01-07T12:00:00+05:30,4017.55,4017.6,4012.0,4013.6,52005
1191,2025-01-07T12:15:00+05:30,4013.6,4022.7,4011.8,4020.6,48771
1192,2025-01-07T12:30:00+05:30,4020.6,4022.6,4014.9,4018.7,64593
1193,2025-01-07T12:45:00+05:30,4018.45,4034.0,4017.35,4027.25,82209
1194,2025-01-07T13:00:00+05:30,4027.25,4035.0,4024.75,4032.35,73906
1195,2025-01-07T13:15:00+05:30,4032.65,4034.0,4025.75,4031.05,117979
1196,2025-01-07T13:30:00+05:30,4031.05,4038.5,4029.75,4031.7,58435
1197,2025-01-07T13:45:00+05:30,4031.8,4035.35,4029.0,4030.7,67209
1198,2025-01-07T14:00:00+05:30,4030.7,4032.6,4023.2,4028.5,58209
1199,2025-01-07T14:15:00+05:30,4029.05,4033.9,4027.1,4030.9,70143
1200,2025-01-07T14:30:00+05:30,4030.9,4034.9,4029.0,4033.0,61407
1201,2025-01-07T14:45:00+05:30,4033.0,4038.0,4030.0,4036.3,93365
1202,2025-01-07T15:00:00+05:30,4037.6,4037.6,4021.35,4026.9,283436
1203,2025-01-07T15:15:00+05:30,4026.4,4035.0,4025.25,4031.0,258583
1204,2025-01-08T09:15:00+05:30,4034.9,4052.4,4021.1,4035.35,165426
1205,2025-01-08T09:30:00+05:30,4035.6,4043.6,4018.0,4018.05,90194
1206,2025-01-08T09:45:00+05:30,4018.65,4048.9,4017.75,4032.45,96236
1207,2025-01-08T10:00:00+05:30,4032.95,4042.5,4029.0,4036.9,48188
1208,2025-01-08T10:15:00+05:30,4036.9,4038.65,4022.05,4025.9,93113
1209,2025-01-08T10:30:00+05:30,4027.45,4030.35,4022.05,4030.0,78008
1210,2025-01-08T10:45:00+05:30,4030.0,4035.95,4024.5,4028.4,57499
1211,2025-01-08T11:00:00+05:30,4028.35,4034.15,4020.4,4029.25,65953
1212,2025-01-08T11:15:00+05:30,4029.25,4041.6,4025.05,4039.9,98505
1213,2025-01-08T11:30:00+05:30,4039.9,4046.0,4030.75,4030.9,56848
1214,2025-01-08T11:45:00+05:30,4031.05,4040.0,4029.9,4034.5,40720
1215,2025-01-08T12:00:00+05:30,4034.5,4040.0,4031.0,4032.1,39204
1216,2025-01-08T12:15:00+05:30,4032.1,4038.6,4029.2,4031.15,46080
1217,2025-01-08T12:30:00+05:30,4031.55,4034.75,4023.0,4028.85,95128
1218,2025-01-08T12:45:00+05:30,4028.85,4038.0,4026.05,4036.55,50596
1219,2025-01-08T13:00:00+05:30,4036.75,4050.0,4035.0,4047.55,81928
1220,2025-01-08T13:15:00+05:30,4047.55,4061.0,4047.55,4060.85,85657
1221,2025-01-08T13:30:00+05:30,4060.65,4082.45,4060.15,4080.5,108097
1222,2025-01-08T13:45:00+05:30,4080.8,4093.0,4074.15,4088.0,113768
1223,2025-01-08T14:00:00+05:30,4087.75,4088.0,4069.0,4071.7,71396
1224,2025-01-08T14:15:00+05:30,4071.75,4076.85,4057.3,4058.0,60293
1225,2025-01-08T14:30:00+05:30,4058.65,4087.95,4051.0,4084.55,96694
1226,2025-01-08T14:45:00+05:30,4084.85,4102.3,4081.9,4095.15,121588
1227,2025-01-08T15:00:00+05:30,4095.15,4123.9,4087.4,4120.85,151237
1228,2025-01-08T15:15:00+05:30,4120.7,4126.0,4095.05,4095.05,157465
1229,2025-01-09T09:15:00+05:30,4100.3,4126.35,4090.15,4105.15,134696
1230,2025-01-09T09:30:00+05:30,4105.0,4128.4,4101.5,4112.45,68146
1231,2025-01-09T09:45:00+05:30,4113.3,4124.65,4103.0,4120.85,41956
1232,2025-01-09T10:00:00+05:30,4120.9,4124.95,4105.9,4123.65,51882
1233,2025-01-09T10:15:00+05:30,4123.7,4137.75,4123.05,4130.55,64925
1234,2025-01-09T10:30:00+05:30,4130.0,4130.7,4100.9,4105.75,147157
1235,2025-01-09T10:45:00+05:30,4105.75,4114.1,4080.4,4087.35,176461
1236,2025-01-09T11:00:00+05:30,4087.35,4092.3,4077.0,4083.2,184738
1237,2025-01-09T11:15:00+05:30,4083.2,4088.65,4076.45,4085.2,68454
1238,2025-01-09T11:30:00+05:30,4085.0,4087.15,4071.0,4076.2,54564
1239,2025-01-09T11:45:00+05:30,4076.2,4082.0,4075.05,4077.55,40374
1240,2025-01-09T12:00:00+05:30,4077.35,4091.45,4072.65,4075.65,96025
1241,2025-01-09T12:15:00+05:30,4075.65,4086.0,4071.35,4071.35,73089
1242,2025-01-09T12:30:00+05:30,4071.2,4077.6,4063.0,4067.95,67321
1243,2025-01-09T12:45:00+05:30,4067.05,4077.0,4065.0,4073.65,60608
1244,2025-01-09T13:00:00+05:30,4073.65,4075.6,4029.5,4041.8,111245
1245,2025-01-09T13:15:00+05:30,4041.8,4043.75,4032.95,4039.3,54677
1246,2025-01-09T13:30:00+05:30,4038.3,4045.55,4030.55,4033.15,65931
1247,2025-01-09T13:45:00+05:30,4033.15,4047.55,4031.1,4041.2,55917
1248,2025-01-09T14:00:00+05:30,4040.95,4055.0,4037.05,4052.15,80158
1249,2025-01-09T14:15:00+05:30,4052.35,4061.2,4051.2,4055.75,61182
1250,2025-01-09T14:30:00+05:30,4055.8,4057.0,4041.7,4048.55,89286
1251,2025-01-09T14:45:00+05:30,4048.75,4060.0,4046.0,4052.05,140974
1252,2025-01-09T15:00:00+05:30,4052.05,4061.0,4027.55,4038.5,232354
1253,2025-01-09T15:15:00+05:30,4038.5,4047.5,4025.3,4044.0,158145
1254,2025-01-10T09:15:00+05:30,4201.0,4225.0,4174.4,4213.9,1355900
1255,2025-01-10T09:30:00+05:30,4212.25,4214.6,4170.0,4202.45,619274
1256,2025-01-10T09:45:00+05:30,4203.5,4207.0,4188.1,4189.45,202946
1257,2025-01-10T10:00:00+05:30,4188.75,4204.1,4182.75,4199.0,218042
1258,2025-01-10T10:15:00+05:30,4199.35,4238.45,4199.25,4221.0,572234
1259,2025-01-10T10:30:00+05:30,4221.9,4232.0,4205.0,4225.9,319006
1260,2025-01-10T10:45:00+05:30,4225.65,4245.9,4222.5,4226.8,266365
1261,2025-01-10T11:00:00+05:30,4226.45,4242.0,4224.3,4235.9,201219
1262,2025-01-10T11:15:00+05:30,4235.9,4244.0,4230.5,4244.0,156506
1263,2025-01-10T11:30:00+05:30,4243.3,4275.0,4242.85,4270.6,474769
1264,2025-01-10T11:45:00+05:30,4270.6,4289.0,4268.65,4288.1,297532
1265,2025-01-10T12:00:00+05:30,4288.05,4292.65,4272.0,4280.0,310811
1266,2025-01-10T12:15:00+05:30,4280.0,4289.9,4271.55,4286.55,202148
1267,2025-01-10T12:30:00+05:30,4286.75,4288.5,4274.0,4280.0,117847
1268,2025-01-10T12:45:00+05:30,4281.0,4285.0,4279.0,4280.85,113296
1269,2025-01-10T13:00:00+05:30,4280.6,4290.0,4277.0,4278.0,204054
1270,2025-01-10T13:15:00+05:30,4277.8,4283.0,4270.1,4273.55,200676
1271,2025-01-10T13:30:00+05:30,4273.55,4288.75,4267.2,4283.5,188326
1272,2025-01-10T13:45:00+05:30,4283.5,4297.0,4281.15,4283.35,296656
1273,2025-01-10T14:00:00+05:30,4283.4,4286.8,4274.25,4274.65,140410
1274,2025-01-10T14:15:00+05:30,4274.5,4281.9,4273.45,4281.15,139677
1275,2025-01-10T14:30:00+05:30,4280.45,4283.15,4268.0,4273.45,205372
1276,2025-01-10T14:45:00+05:30,4273.55,4274.0,4260.0,4265.3,189467
1277,2025-01-10T15:00:00+05:30,4265.5,4269.75,4260.15,4267.55,276824
1278,2025-01-10T15:15:00+05:30,4267.55,4272.0,4258.0,4265.0,454881
1279,2025-01-13T09:15:00+05:30,4242.0,4277.9,4227.4,4265.45,385528
1280,2025-01-13T09:30:00+05:30,4265.75,4293.4,4258.55,4291.95,206891
1281,2025-01-13T09:45:00+05:30,4291.9,4291.9,4275.25,4286.55,131753
1282,2025-01-13T10:00:00+05:30,4286.75,4289.0,4266.6,4282.5,143607
1283,2025-01-13T10:15:00+05:30,4283.8,4302.75,4281.3,4299.4,136523
1284,2025-01-13T10:30:00+05:30,4298.0,4301.95,4282.5,4289.2,92395
1285,2025-01-13T10:45:00+05:30,4289.15,4316.8,4287.1,4303.4,167654
1286,2025-01-13T11:00:00+05:30,4303.8,4307.0,4289.0,4296.85,123496
1287,2025-01-13T11:15:00+05:30,4296.85,4304.6,4283.05,4286.0,115965
1288,2025-01-13T11:30:00+05:30,4285.95,4298.0,4282.0,4296.35,76601
1289,2025-01-13T11:45:00+05:30,4296.25,4306.0,4290.7,4302.9,117807
1290,2025-01-13T12:00:00+05:30,4303.7,4311.95,4299.0,4309.55,174263
1291,2025-01-13T12:15:00+05:30,4309.0,4322.45,4306.7,4321.0,235800
1292,2025-01-13T12:30:00+05:30,4320.15,4322.95,4311.3,4313.45,203155
1293,2025-01-13T12:45:00+05:30,4313.45,4315.7,4303.0,4306.1,156563
1294,2025-01-13T13:00:00+05:30,4307.0,4315.0,4306.0,4310.55,120026
1295,2025-01-13T13:15:00+05:30,4310.5,4321.9,4310.2,4314.5,134443
1296,2025-01-13T13:30:00+05:30,4314.45,4315.5,4306.0,4307.45,106100
1297,2025-01-13T13:45:00+05:30,4307.5,4307.75,4292.2,4293.8,113034
1298,2025-01-13T14:00:00+05:30,4295.45,4300.65,4291.7,4298.0,101293
1299,2025-01-13T14:15:00+05:30,4298.5,4304.95,4295.3,4295.8,95450
1300,2025-01-13T14:30:00+05:30,4296.0,4300.0,4284.8,4288.5,173490
1301,2025-01-13T14:45:00+05:30,4288.5,4294.85,4283.75,4284.5,120302
1302,2025-01-13T15:00:00+05:30,4284.55,4295.95,4282.0,4291.4,269437
1303,2025-01-13T15:15:00+05:30,4291.4,4300.0,4290.05,4299.0,279738
1304,2025-01-14T09:15:00+05:30,4302.05,4313.9,4255.55,4255.95,229959
1305,2025-01-14T09:30:00+05:30,4256.95,4270.5,4250.0,4261.25,137921
1306,2025-01-14T09:45:00+05:30,4261.9,4299.45,4260.3,4297.55,111573
1307,2025-01-14T10:00:00+05:30,4297.55,4299.9,4283.0,4289.8,85275
1308,2025-01-14T10:15:00+05:30,4288.75,4294.7,4284.1,4289.4,54471
1309,2025-01-14T10:30:00+05:30,4290.0,4295.25,4272.45,4276.3,89349
1310,2025-01-14T10:45:00+05:30,4276.3,4281.25,4268.8,4278.0,114614
1311,2025-01-14T11:00:00+05:30,4278.0,4281.0,4272.0,4274.0,141986
1312,2025-01-14T11:15:00+05:30,4274.1,4274.1,4263.3,4268.7,75936
1313,2025-01-14T11:30:00+05:30,4268.6,4275.0,4263.0,4265.0,124964
1314,2025-01-14T11:45:00+05:30,4265.05,4270.9,4259.95,4264.85,162487
1315,2025-01-14T12:00:00+05:30,4264.7,4268.45,4262.25,4263.3,49580
1316,2025-01-14T12:15:00+05:30,4263.3,4267.5,4262.65,4264.45,48683
1317,2025-01-14T12:30:00+05:30,4264.05,4264.25,4250.1,4257.0,57401
1318,2025-01-14T12:45:00+05:30,4255.85,4256.6,4240.0,4241.65,115125
1319,2025-01-14T13:00:00+05:30,4241.6,4242.55,4233.95,4235.75,110152
1320,2025-01-14T13:15:00+05:30,4235.75,4241.8,4233.6,4238.2,100215
1321,2025-01-14T13:30:00+05:30,4238.15,4240.2,4234.0,4236.3,89159
1322,2025-01-14T13:45:00+05:30,4236.3,4242.15,4228.55,4230.15,94475
1323,2025-01-14T14:00:00+05:30,4230.15,4230.5,4219.05,4221.1,161805
1324,2025-01-14T14:15:00+05:30,4221.15,4248.65,4219.7,4240.75,167137
1325,2025-01-14T14:30:00+05:30,4240.8,4245.4,4237.05,4245.4,129410
1326,2025-01-14T14:45:00+05:30,4245.4,4248.7,4235.5,4238.8,169974
1327,2025-01-14T15:00:00+05:30,4239.3,4239.8,4228.95,4231.65,435134
1328,2025-01-14T15:15:00+05:30,4231.65,4250.0,4229.2,4241.15,352648
1329,2025-01-15T09:15:00+05:30,4220.0,4245.75,4218.35,4237.8,193768
1330,2025-01-15T09:30:00+05:30,4237.4,4241.45,4213.2,4218.9,96872
1331,2025-01-15T09:45:00+05:30,4218.2,4222.45,4207.45,4220.3,43028
1332,2025-01-15T10:00:00+05:30,4220.8,4228.75,4217.2,4223.0,30694
1333,2025-01-15T10:15:00+05:30,4223.2,4232.65,4222.6,4226.55,33295
1334,2025-01-15T10:30:00+05:30,4226.65,4234.9,4220.0,4226.4,42575
1335,2025-01-15T10:45:00+05:30,4226.4,4235.0,4220.5,4222.0,93428
1336,2025-01-15T11:00:00+05:30,4222.0,4222.65,4213.05,4218.2,82551
1337,2025-01-15T11:15:00+05:30,4218.5,4229.9,4217.45,4227.25,74427
1338,2025-01-15T11:30:00+05:30,4226.6,4229.0,4219.9,4220.95,88786
1339,2025-01-15T11:45:00+05:30,4221.0,4227.3,4218.1,4225.6,46169
1340,2025-01-15T12:00:00+05:30,4225.6,4234.9,4225.6,4227.1,52136
1341,2025-01-15T12:15:00+05:30,4227.1,4232.15,4223.35,4229.65,50636
1342,2025-01-15T12:30:00+05:30,4229.0,4238.65,4227.35,4230.15,58063
1343,2025-01-15T12:45:00+05:30,4230.15,4233.0,4228.75,4232.0,38398
1344,2025-01-15T13:00:00+05:30,4231.8,4231.8,4223.35,4225.3,24944
1345,2025-01-15T13:15:00+05:30,4225.25,4226.05,4218.15,4222.4,76570
1346,2025-01-15T13:30:00+05:30,4222.6,4224.8,4218.05,4222.5,32327
1347,2025-01-15T13:45:00+05:30,4222.25,4226.7,4220.65,4225.2,17154
1348,2025-01-15T14:00:00+05:30,4225.2,4226.3,4222.05,4225.3,84561
1349,2025-01-15T14:15:00+05:30,4225.5,4229.0,4223.2,4224.0,25432
1350,2025-01-15T14:30:00+05:30,4223.65,4233.0,4222.0,4230.55,40672
1351,2025-01-15T14:45:00+05:30,4230.55,4240.5,4228.2,4237.1,45924
1352,2025-01-15T15:00:00+05:30,4237.0,4252.0,4237.0,4251.9,89651
1353,2025-01-15T15:15:00+05:30,4251.95,4256.45,4246.75,4255.4,167505
1354,2025-01-16T09:15:00+05:30,4262.0,4294.0,4228.0,4230.85,137702
1355,2025-01-16T09:30:00+05:30,4230.65,4236.95,4215.6,4217.05,83217
1356,2025-01-16T09:45:00+05:30,4217.0,4233.5,4208.5,4230.95,87401
1357,2025-01-16T10:00:00+05:30,4230.95,4234.6,4226.0,4231.5,54689
1358,2025-01-16T10:15:00+05:30,4231.5,4233.5,4226.05,4226.8,45600
1359,2025-01-16T10:30:00+05:30,4226.1,4238.8,4223.5,4232.7,59543
1360,2025-01-16T10:45:00+05:30,4232.8,4232.95,4221.2,4222.75,52292
1361,2025-01-16T11:00:00+05:30,4222.8,4234.3,4219.0,4225.5,90495
1362,2025-01-16T11:15:00+05:30,4225.0,4230.05,4217.0,4224.0,210038
1363,2025-01-16T11:30:00+05:30,4224.0,4224.0,4210.1,4215.15,83014
1364,2025-01-16T11:45:00+05:30,4215.15,4220.0,4209.0,4209.7,76142
1365,2025-01-16T12:00:00+05:30,4209.65,4211.85,4202.55,4204.2,71219
1366,2025-01-16T12:15:00+05:30,4204.25,4209.3,4201.2,4204.5,59881
1367,2025-01-16T12:30:00+05:30,4204.4,4209.95,4200.25,4203.2,89834
1368,2025-01-16T12:45:00+05:30,4203.15,4210.0,4200.75,4203.75,80338
1369,2025-01-16T13:00:00+05:30,4202.55,4205.45,4194.8,4199.25,121805
1370,2025-01-16T13:15:00+05:30,4198.15,4202.85,4191.85,4200.7,77219
1371,2025-01-16T13:30:00+05:30,4201.05,4204.0,4198.0,4200.6,84204
1372,2025-01-16T13:45:00+05:30,4200.6,4206.2,4199.95,4205.9,105156
1373,2025-01-16T14:00:00+05:30,4205.75,4213.3,4202.25,4204.9,104795
1374,2025-01-16T14:15:00+05:30,4204.85,4205.0,4195.0,4199.7,123850
1375,2025-01-16T14:30:00+05:30,4199.7,4200.0,4195.65,4197.95,79726
1376,2025-01-16T14:45:00+05:30,4197.9,4204.9,4192.2,4198.95,113809
1377,2025-01-16T15:00:00+05:30,4199.0,4210.65,4196.05,4210.6,290309
1378,2025-01-16T15:15:00+05:30,4210.65,4217.35,4205.0,4215.0,246513
1379,2025-01-17T09:15:00+05:30,4158.0,4160.0,4100.05,4133.0,221645
1380,2025-01-17T09:30:00+05:30,4133.35,4157.85,4126.1,4144.2,115336
1381,2025-01-17T09:45:00+05:30,4144.2,4149.9,4129.3,4135.25,58401
1382,2025-01-17T10:00:00+05:30,4134.5,4143.8,4130.95,4140.75,49548
1383,2025-01-17T10:15:00+05:30,4140.75,4158.0,4137.2,4155.0,44642
1384,2025-01-17T10:30:00+05:30,4155.45,4160.6,4144.15,4144.9,47509
1385,2025-01-17T10:45:00+05:30,4145.0,4147.7,4133.3,4135.05,56493
1386,2025-01-17T11:00:00+05:30,4135.1,4140.05,4133.05,4140.0,54250
1387,2025-01-17T11:15:00+05:30,4140.0,4140.0,4131.0,4135.9,46031
1388,2025-01-17T11:30:00+05:30,4135.9,4139.4,4127.35,4129.45,73359
1389,2025-01-17T11:45:00+05:30,4129.4,4129.4,4120.0,4124.4,108153
1390,2025-01-17T12:00:00+05:30,4124.4,4132.0,4121.35,4126.55,64939
1391,2025-01-17T12:15:00+05:30,4127.6,4140.65,4125.0,4133.55,68468
1392,2025-01-17T12:30:00+05:30,4133.65,4138.9,4128.4,4133.5,76481
1393,2025-01-17T12:45:00+05:30,4133.4,4142.0,4132.1,4140.4,38633
1394,2025-01-17T13:00:00+05:30,4141.2,4143.65,4135.4,4138.0,37827
1395,2025-01-17T13:15:00+05:30,4137.95,4140.65,4134.55,4139.3,36456
1396,2025-01-17T13:30:00+05:30,4139.95,4146.0,4135.9,4138.75,40431
1397,2025-01-17T13:45:00+05:30,4139.65,4142.45,4137.0,4138.95,35087
1398,2025-01-17T14:00:00+05:30,4138.95,4141.95,4128.2,4132.8,67336
1399,2025-01-17T14:15:00+05:30,4132.6,4137.65,4130.25,4135.3,36633
1400,2025-01-17T14:30:00+05:30,4135.3,4138.0,4132.2,4136.75,39215
1401,2025-01-17T14:45:00+05:30,4136.75,4137.1,4131.15,4133.3,46699
1402,2025-01-17T15:00:00+05:30,4133.35,4133.35,4121.3,4122.6,124778
1403,2025-01-17T15:15:00+05:30,4122.6,4132.95,4121.25,4130.0,145504
1404,2025-01-20T09:15:00+05:30,4145.05,4145.8,4086.5,4093.9,123501
1405,2025-01-20T09:30:00+05:30,4093.7,4098.6,4078.05,4089.0,70430
1406,2025-01-20T09:45:00+05:30,4089.0,4090.7,4071.0,4083.75,54963
1407,2025-01-20T10:00:00+05:30,4084.35,4089.95,4080.15,4087.4,28727
1408,2025-01-20T10:15:00+05:30,4086.55,4092.75,4079.15,4081.55,30060
1409,2025-01-20T10:30:00+05:30,4080.85,4091.8,4079.8,4086.0,22778
1410,2025-01-20T10:45:00+05:30,4086.1,4090.5,4080.05,4082.15,27897
1411,2025-01-20T11:00:00+05:30,4082.1,4084.4,4077.0,4080.2,21377
1412,2025-01-20T11:15:00+05:30,4080.2,4090.0,4080.2,4088.3,21878
1413,2025-01-20T11:30:00+05:30,4088.75,4098.8,4087.95,4097.75,41528
1414,2025-01-20T11:45:00+05:30,4097.75,4099.95,4091.0,4096.45,27859
1415,2025-01-20T12:00:00+05:30,4095.55,4096.5,4086.25,4088.2,46384
1416,2025-01-20T12:15:00+05:30,4088.1,4097.0,4084.05,4084.25,38333
1417,2025-01-20T12:30:00+05:30,4084.25,4087.0,4081.2,4081.5,45774
1418,2025-01-20T12:45:00+05:30,4081.85,4085.1,4075.55,4077.7,51459
1419,2025-01-20T13:00:00+05:30,4077.7,4078.85,4073.3,4077.45,50019
1420,2025-01-20T13:15:00+05:30,4077.4,4082.85,4071.3,4073.4,64322
1421,2025-01-20T13:30:00+05:30,4073.45,4076.0,4068.1,4073.95,91570
1422,2025-01-20T13:45:00+05:30,4073.9,4078.2,4072.0,4073.65,34623
1423,2025-01-20T14:00:00+05:30,4073.65,4079.45,4073.05,4078.35,24106
1424,2025-01-20T14:15:00+05:30,4078.1,4081.65,4077.25,4078.7,37165
1425,2025-01-20T14:30:00+05:30,4078.75,4086.85,4077.6,4082.4,47135
1426,2025-01-20T14:45:00+05:30,4082.7,4085.5,4081.0,4081.95,65727
1427,2025-01-20T15:00:00+05:30,4082.7,4082.7,4073.35,4080.0,105641
1428,2025-01-20T15:15:00+05:30,4078.65,4080.95,4076.1,4080.0,89315
1429,2025-01-21T09:15:00+05:30,4095.3,4111.0,4083.0,4093.7,119475
1430,2025-01-21T09:30:00+05:30,4092.65,4096.95,4072.5,4074.7,68149
1431,2025-01-21T09:45:00+05:30,4074.55,4089.9,4067.0,4082.25,72774
1432,2025-01-21T10:00:00+05:30,4083.05,4090.0,4078.65,4084.0,41977
1433,2025-01-21T10:15:00+05:30,4083.8,4084.0,4055.55,4059.85,72181
1434,2025-01-21T10:30:00+05:30,4059.55,4068.95,4057.55,4062.35,23684
1435,2025-01-21T10:45:00+05:30,4062.0,4069.15,4060.05,4062.8,21763
1436,2025-01-21T11:00:00+05:30,4062.8,4063.95,4056.3,4062.45,26537
1437,2025-01-21T11:15:00+05:30,4063.9,4065.2,4056.5,4058.65,20605
1438,2025-01-21T11:30:00+05:30,4060.0,4065.75,4052.0,4058.75,30359
1439,2025-01-21T11:45:00+05:30,4058.95,4109.35,4058.95,4094.25,302397
1440,2025-01-21T12:00:00+05:30,4096.6,4100.0,4080.15,4083.4,46411
1441,2025-01-21T12:15:00+05:30,4083.35,4084.05,4048.0,4051.55,117810
1442,2025-01-21T12:30:00+05:30,4051.75,4062.1,4050.0,4059.0,36491
1443,2025-01-21T12:45:00+05:30,4058.4,4088.6,4055.0,4082.15,43673
1444,2025-01-21T13:00:00+05:30,4082.3,4093.8,4075.55,4083.55,42681
1445,2025-01-21T13:15:00+05:30,4083.4,4088.85,4054.4,4087.05,64284
1446,2025-01-21T13:30:00+05:30,4086.25,4091.0,4074.25,4083.8,26710
1447,2025-01-21T13:45:00+05:30,4083.8,4087.0,4070.05,4077.35,27646
1448,2025-01-21T14:00:00+05:30,4077.35,4084.75,4073.45,4077.95,27526
1449,2025-01-21T14:15:00+05:30,4078.7,4081.0,4059.3,4061.95,55384
1450,2025-01-21T14:30:00+05:30,4061.75,4066.65,4030.5,4038.6,163881
1451,2025-01-21T14:45:00+05:30,4037.55,4049.0,4032.55,4041.15,138110
1452,2025-01-21T15:00:00+05:30,4041.15,4041.95,4030.0,4035.0,229026
1453,2025-01-21T15:15:00+05:30,4035.35,4041.2,4032.85,4038.0,145577
1454,2025-01-22T09:15:00+05:30,4050.0,4079.9,4044.2,4070.0,114771
1455,2025-01-22T09:30:00+05:30,4070.45,4087.95,4063.5,4080.0,77132
1456,2025-01-22T09:45:00+05:30,4080.0,4099.9,4074.65,4090.0,115699
1457,2025-01-22T10:00:00+05:30,4090.0,4099.0,4088.15,4098.6,47190
1458,2025-01-22T10:15:00+05:30,4099.0,4115.75,4097.1,4114.35,102927
1459,2025-01-22T10:30:00+05:30,4114.35,4135.1,4107.4,4131.95,141234
1460,2025-01-22T10:45:00+05:30,4131.4,4142.0,4121.0,4124.05,110618
1461,2025-01-22T11:00:00+05:30,4124.0,4135.8,4122.9,4129.0,59521
1462,2025-01-22T11:15:00+05:30,4128.0,4133.45,4126.8,4127.1,47393
1463,2025-01-22T11:30:00+05:30,4127.6,4135.0,4126.55,4130.05,44525
1464,2025-01-22T11:45:00+05:30,4128.8,4136.9,4125.95,4129.25,41696
1465,2025-01-22T12:00:00+05:30,4129.55,4129.95,4121.1,4129.95,58913
1466,2025-01-22T12:15:00+05:30,4129.95,4136.5,4123.0,4128.5,75122
1467,2025-01-22T12:30:00+05:30,4127.4,4131.5,4124.0,4125.0,41926
1468,2025-01-22T12:45:00+05:30,4125.15,4134.0,4123.5,4134.0,34083
1469,2025-01-22T13:00:00+05:30,4133.05,4149.0,4129.95,4148.05,61232
1470,2025-01-22T13:15:00+05:30,4148.05,4152.6,4143.0,4147.7,103583
1471,2025-01-22T13:30:00+05:30,4147.4,4151.0,4137.45,4145.9,109427
1472,2025-01-22T13:45:00+05:30,4145.6,4155.0,4145.0,4153.95,64997
1473,2025-01-22T14:00:00+05:30,4153.95,4155.55,4143.25,4144.7,68684
1474,2025-01-22T14:15:00+05:30,4144.7,4153.65,4141.2,4152.25,112058
1475,2025-01-22T14:30:00+05:30,4152.25,4162.2,4150.0,4155.2,127791
1476,2025-01-22T14:45:00+05:30,4155.6,4161.75,4150.15,4160.1,172769
1477,2025-01-22T15:00:00+05:30,4160.2,4163.15,4155.05,4157.0,282626
1478,2025-01-22T15:15:00+05:30,4157.35,4157.35,4145.0,4152.0,180563
1479,2025-01-23T09:15:00+05:30,4168.05,4191.35,4156.7,4173.25,187088
1480,2025-01-23T09:30:00+05:30,4173.25,4187.5,4165.0,4186.0,99620
1481,2025-01-23T09:45:00+05:30,4185.95,4186.35,4156.6,4177.8,75871
1482,2025-01-23T10:00:00+05:30,4177.8,4186.45,4170.0,4176.65,67002
1483,2025-01-23T10:15:00+05:30,4176.65,4179.4,4171.25,4179.35,23066
1484,2025-01-23T10:30:00+05:30,4178.55,4181.55,4167.3,4171.2,95715
1485,2025-01-23T10:45:00+05:30,4171.0,4174.85,4161.0,4161.0,73629
1486,2025-01-23T11:00:00+05:30,4162.4,4170.0,4157.05,4157.4,68745
1487,2025-01-23T11:15:00+05:30,4157.4,4164.05,4155.6,4159.55,147088
1488,2025-01-23T11:30:00+05:30,4159.55,4168.95,4158.65,4168.7,50642
1489,2025-01-23T11:45:00+05:30,4168.45,4174.6,4161.45,4161.6,43805
1490,2025-01-23T12:00:00+05:30,4162.45,4167.15,4160.5,4164.4,14606
1491,2025-01-23T12:15:00+05:30,4164.4,4169.6,4160.4,4168.0,23927
1492,2025-01-23T12:30:00+05:30,4168.0,4170.0,4165.0,4166.6,23883
1493,2025-01-23T12:45:00+05:30,4166.6,4167.95,4162.0,4165.5,25734
1494,2025-01-23T13:00:00+05:30,4165.3,4166.05,4160.5,4161.0,22034
1495,2025-01-23T13:15:00+05:30,4161.9,4163.85,4157.0,4160.2,28817
1496,2025-01-23T13:30:00+05:30,4160.2,4166.55,4157.5,4157.85,45180
1497,2025-01-23T13:45:00+05:30,4157.85,4163.75,4157.25,4161.6,49903
1498,2025-01-23T14:00:00+05:30,4161.6,4163.45,4151.05,4154.2,46922
1499,2025-01-23T14:15:00+05:30,4154.2,4157.9,4141.65,4146.4,73891
1500,2025-01-23T14:30:00+05:30,4146.7,4150.0,4140.05,4146.0,64046
1501,2025-01-23T14:45:00+05:30,4146.0,4149.35,4143.15,4147.95,82707
1502,2025-01-23T15:00:00+05:30,4147.95,4150.0,4140.35,4142.65,184267
1503,2025-01-23T15:15:00+05:30,4142.45,4151.0,4141.15,4148.0,194041
1504,2025-01-24T09:15:00+05:30,4120.0,4168.85,4117.55,4158.55,228717
1505,2025-01-24T09:30:00+05:30,4158.55,4170.0,4154.1,4169.95,40739
1506,2025-01-24T09:45:00+05:30,4169.95,4177.75,4154.35,4162.75,105299
1507,2025-01-24T10:00:00+05:30,4161.3,4166.9,4152.5,4161.0,28081
1508,2025-01-24T10:15:00+05:30,4160.2,4164.95,4147.55,4158.05,33284
1509,2025-01-24T10:30:00+05:30,4158.05,4163.25,4155.9,4158.5,27564
1510,2025-01-24T10:45:00+05:30,4158.55,4162.75,4153.45,4156.0,42424
1511,2025-01-24T11:00:00+05:30,4155.95,4162.0,4154.2,4157.65,69678
1512,2025-01-24T11:15:00+05:30,4157.7,4163.85,4155.0,4155.6,62859
1513,2025-01-24T11:30:00+05:30,4156.0,4170.0,4155.65,4169.1,85035
1514,2025-01-24T11:45:00+05:30,4170.0,4178.0,4167.5,4168.05,68003
1515,2025-01-24T12:00:00+05:30,4168.85,4172.9,4160.0,4163.7,43963
1516,2025-01-24T12:15:00+05:30,4162.45,4167.7,4160.0,4163.9,36078
1517,2025-01-24T12:30:00+05:30,4163.55,4164.75,4152.0,4155.0,46132
1518,2025-01-24T12:45:00+05:30,4155.0,4155.0,4145.15,4151.75,43548
1519,2025-01-24T13:00:00+05:30,4152.45,4157.9,4143.05,4153.2,44961
1520,2025-01-24T13:15:00+05:30,4152.65,4155.0,4148.5,4155.0,35211
1521,2025-01-24T13:30:00+05:30,4155.0,4155.0,4150.05,4153.75,37994
1522,2025-01-24T13:45:00+05:30,4153.75,4155.0,4150.2,4152.8,27481
1523,2025-01-24T14:00:00+05:30,4152.8,4159.9,4150.0,4152.35,34601
1524,2025-01-24T14:15:00+05:30,4152.35,4158.3,4149.85,4155.0,81434
1525,2025-01-24T14:30:00+05:30,4156.9,4157.4,4150.0,4155.2,77648
1526,2025-01-24T14:45:00+05:30,4155.25,4158.95,4148.5,4156.0,99452
1527,2025-01-24T15:00:00+05:30,4155.9,4155.9,4147.65,4149.85,96211
1528,2025-01-24T15:15:00+05:30,4149.8,4162.05,4148.7,4153.1,371731
1529,2025-01-27T09:15:00+05:30,4102.0,4156.35,4086.0,4150.0,245784
1530,2025-01-27T09:30:00+05:30,4150.1,4154.05,4127.05,4129.4,106319
1531,2025-01-27T09:45:00+05:30,4129.4,4130.55,4104.45,4106.95,101655
1532,2025-01-27T10:00:00+05:30,4106.95,4113.55,4101.05,4109.95,123988
1533,2025-01-27T10:15:00+05:30,4109.95,4110.45,4080.0,4080.25,81075
1534,2025-01-27T10:30:00+05:30,4081.4,4081.4,4070.25,4073.9,28590
1535,2025-01-27T10:45:00+05:30,4073.9,4073.9,4060.7,4064.6,27325
1536,2025-01-27T11:00:00+05:30,4064.6,4075.5,4056.0,4069.45,35403
1537,2025-01-27T11:15:00+05:30,4069.45,4073.8,4062.0,4068.85,28318
1538,2025-01-27T11:30:00+05:30,4068.85,4070.05,4053.0,4057.05,44288
1539,2025-01-27T11:45:00+05:30,4057.2,4069.95,4055.0,4060.35,36050
1540,2025-01-27T12:00:00+05:30,4060.35,4067.65,4054.55,4057.3,37138
1541,2025-01-27T12:15:00+05:30,4057.3,4066.7,4056.3,4066.0,29626
1542,2025-01-27T12:30:00+05:30,4066.0,4066.45,4055.0,4055.95,43588
1543,2025-01-27T12:45:00+05:30,4055.5,4055.9,4045.5,4050.0,49617
1544,2025-01-27T13:00:00+05:30,4050.0,4052.55,4045.0,4051.2,44884
1545,2025-01-27T13:15:00+05:30,4050.3,4051.2,4042.0,4044.9,42060
1546,2025-01-27T13:30:00+05:30,4044.9,4052.35,4041.05,4050.2,34865
1547,2025-01-27T13:45:00+05:30,4050.25,4060.25,4047.25,4059.55,36562
1548,2025-01-27T14:00:00+05:30,4059.25,4060.45,4050.4,4055.1,38084
1549,2025-01-27T14:15:00+05:30,4054.45,4059.95,4051.75,4058.65,34969
1550,2025-01-27T14:30:00+05:30,4057.95,4065.0,4051.45,4063.35,45767
1551,2025-01-27T14:45:00+05:30,4063.35,4068.25,4062.95,4064.4,51438
1552,2025-01-27T15:00:00+05:30,4064.4,4067.7,4061.0,4063.8,85126
1553,2025-01-27T15:15:00+05:30,4063.85,4070.05,4062.3,4067.0,94741
1554,2025-01-28T09:15:00+05:30,4071.0,4102.0,4066.0,4099.95,225338
1555,2025-01-28T09:30:00+05:30,4100.0,4100.2,4075.05,4084.9,93714
1556,2025-01-28T09:45:00+05:30,4084.75,4096.0,4081.3,4084.35,85071
1557,2025-01-28T10:00:00+05:30,4084.35,4087.8,4072.95,4075.15,85478
1558,2025-01-28T10:15:00+05:30,4075.65,4089.45,4070.55,4086.6,66512
1559,2025-01-28T10:30:00+05:30,4087.0,4088.7,4052.1,4054.1,65308
1560,2025-01-28T10:45:00+05:30,4053.1,4055.25,4034.15,4044.35,90550
1561,2025-01-28T11:00:00+05:30,4044.6,4076.25,4042.65,4047.35,114533
1562,2025-01-28T11:15:00+05:30,4047.15,4067.45,4041.1,4058.3,93186
1563,2025-01-28T11:30:00+05:30,4057.7,4067.1,4051.25,4051.5,110948
1564,2025-01-28T11:45:00+05:30,4052.95,4055.0,4035.4,4036.5,62350
1565,2025-01-28T12:00:00+05:30,4035.5,4053.85,4033.7,4051.95,80385
1566,2025-01-28T12:15:00+05:30,4050.5,4054.0,4032.95,4040.75,92702
1567,2025-01-28T12:30:00+05:30,4040.75,4043.0,4033.75,4036.85,55895
1568,2025-01-28T12:45:00+05:30,4037.75,4046.05,4035.0,4038.75,74512
1569,2025-01-28T13:00:00+05:30,4038.8,4049.9,4037.95,4047.9,38507
1570,2025-01-28T13:15:00+05:30,4047.9,4051.95,4043.45,4045.5,39324
1571,2025-01-28T13:30:00+05:30,4045.5,4056.95,4044.55,4049.0,65288
1572,2025-01-28T13:45:00+05:30,4048.5,4060.0,4046.75,4057.25,44091
1573,2025-01-28T14:00:00+05:30,4057.05,4059.9,4050.25,4058.35,55659
1574,2025-01-28T14:15:00+05:30,4058.55,4073.1,4053.25,4069.9,67438
1575,2025-01-28T14:30:00+05:30,4070.2,4073.45,4061.75,4071.75,105034
1576,2025-01-28T14:45:00+05:30,4072.0,4072.0,4034.55,4037.05,212959
1577,2025-01-28T15:00:00+05:30,4037.05,4048.15,4028.3,4045.5,241844
1578,2025-01-28T15:15:00+05:30,4045.75,4047.95,4036.35,4040.0,185016
1579,2025-01-29T09:15:00+05:30,4055.55,4089.4,4054.0,4081.0,106019
1580,2025-01-29T09:30:00+05:30,4081.0,4096.95,4080.0,4095.85,71556
1581,2025-01-29T09:45:00+05:30,4094.9,4107.85,4091.0,4104.35,83064
1582,2025-01-29T10:00:00+05:30,4104.5,4107.65,4092.1,4095.85,114959
1583,2025-01-29T10:15:00+05:30,4095.2,4102.0,4090.0,4096.65,39210
1584,2025-01-29T10:30:00+05:30,4097.25,4100.6,4092.0,4092.05,23629
1585,2025-01-29T10:45:00+05:30,4092.05,4100.0,4091.0,4100.0,32413
1586,2025-01-29T11:00:00+05:30,4099.85,4100.0,4085.8,4090.65,38549
1587,2025-01-29T11:15:00+05:30,4091.0,4093.9,4067.1,4079.8,50343
1588,2025-01-29T11:30:00+05:30,4079.8,4091.0,4078.65,4080.0,26837
1589,2025-01-29T11:45:00+05:30,4079.95,4086.7,4079.0,4082.55,27690
1590,2025-01-29T12:00:00+05:30,4081.55,4081.55,4076.05,4078.25,16665
1591,2025-01-29T12:15:00+05:30,4078.25,4091.9,4075.7,4076.35,47279
1592,2025-01-29T12:30:00+05:30,4076.35,4080.0,4071.6,4076.95,20431
1593,2025-01-29T12:45:00+05:30,4077.85,4084.65,4076.95,4081.2,41128
1594,2025-01-29T13:00:00+05:30,4081.0,4082.75,4072.0,4080.0,24362
1595,2025-01-29T13:15:00+05:30,4079.95,4092.2,4077.25,4092.15,51797
1596,2025-01-29T13:30:00+05:30,4092.15,4097.0,4088.05,4095.95,32988
1597,2025-01-29T13:45:00+05:30,4095.95,4101.0,4094.4,4096.05,43296
1598,2025-01-29T14:00:00+05:30,4096.05,4101.0,4093.5,4099.3,65711
1599,2025-01-29T14:15:00+05:30,4099.65,4101.2,4091.55,4094.85,57611
1600,2025-01-29T14:30:00+05:30,4094.9,4096.0,4090.95,4095.9,25808
1601,2025-01-29T14:45:00+05:30,4095.9,4097.15,4088.65,4093.7,35385
1602,2025-01-29T15:00:00+05:30,4093.75,4102.0,4092.4,4101.95,62337
1603,2025-01-29T15:15:00+05:30,4102.0,4105.0,4094.05,4105.0,75035
1604,2025-01-30T09:15:00+05:30,4099.85,4117.0,4081.9,4089.8,78138
1605,2025-01-30T09:30:00+05:30,4089.85,4105.1,4089.85,4100.45,34498
1606,2025-01-30T09:45:00+05:30,4100.75,4103.2,4093.55,4098.7,21944
1607,2025-01-30T10:00:00+05:30,4099.05,4125.1,4098.0,4117.3,41072
1608,2025-01-30T10:15:00+05:30,4117.3,4129.9,4115.05,4124.05,50947
1609,2025-01-30T10:30:00+05:30,4124.8,4127.75,4116.0,4122.9,36899
1610,2025-01-30T10:45:00+05:30,4122.9,4127.6,4107.95,4113.3,39093
1611,2025-01-30T11:00:00+05:30,4113.3,4117.1,4099.95,4116.25,76514
1612,2025-01-30T11:15:00+05:30,4116.25,4122.95,4102.8,4103.0,55829
1613,2025-01-30T11:30:00+05:30,4103.05,4104.75,4090.0,4091.0,30148
1614,2025-01-30T11:45:00+05:30,4091.6,4098.4,4091.0,4091.05,11964
1615,2025-01-30T12:00:00+05:30,4091.3,4096.85,4090.55,4091.65,22496
1616,2025-01-30T12:15:00+05:30,4093.6,4101.55,4090.3,4095.55,42200
1617,2025-01-30T12:30:00+05:30,4095.55,4100.5,4095.0,4097.5,35192
1618,2025-01-30T12:45:00+05:30,4098.0,4111.35,4092.5,4108.4,37827
1619,2025-01-30T13:00:00+05:30,4108.4,4113.45,4103.15,4108.8,48022
1620,2025-01-30T13:15:00+05:30,4108.8,4111.25,4099.15,4100.15,66774
1621,2025-01-30T13:30:00+05:30,4100.05,4105.75,4089.95,4100.95,55721
1622,2025-01-30T13:45:00+05:30,4100.9,4103.55,4093.0,4095.45,33679
1623,2025-01-30T14:00:00+05:30,4095.45,4102.65,4078.0,4078.0,44948
1624,2025-01-30T14:15:00+05:30,4078.7,4086.65,4070.3,4070.5,39849
1625,2025-01-30T14:30:00+05:30,4070.2,4074.65,4066.05,4073.0,67525
1626,2025-01-30T14:45:00+05:30,4072.85,4084.6,4058.5,4079.85,86463
1627,2025-01-30T15:00:00+05:30,4079.9,4102.95,4079.8,4099.95,261169
1628,2025-01-30T15:15:00+05:30,4099.55,4125.0,4097.3,4100.0,206609
1629,2025-01-31T09:15:00+05:30,4110.0,4120.1,4092.0,4116.85,79337
1630,2025-01-31T09:30:00+05:30,4116.6,4128.45,4112.4,4122.35,37086
1631,2025-01-31T09:45:00+05:30,4122.35,4124.95,4108.1,4112.45,32076
1632,2025-01-31T10:00:00+05:30,4111.5,4114.6,4085.25,4099.3,41000
1633,2025-01-31T10:15:00+05:30,4099.25,4114.0,4093.05,4108.85,42704
1634,2025-01-31T10:30:00+05:30,4107.5,4110.0,4102.05,4106.35,16092
1635,2025-01-31T10:45:00+05:30,4106.35,4108.1,4098.0,4098.4,17852
1636,2025-01-31T11:00:00+05:30,4098.35,4102.3,4095.0,4101.15,24552
1637,2025-01-31T11:15:00+05:30,4100.8,4108.0,4088.3,4099.35,33837
1638,2025-01-31T11:30:00+05:30,4098.65,4102.4,4094.0,4096.7,16935
1639,2025-01-31T11:45:00+05:30,4097.9,4108.0,4095.0,4099.05,46747
1640,2025-01-31T12:00:00+05:30,4099.95,4102.7,4096.05,4098.3,10553
1641,2025-01-31T12:15:00+05:30,4098.25,4100.0,4090.9,4093.0,12515
1642,2025-01-31T12:30:00+05:30,4093.05,4107.1,4093.0,4100.55,40193
1643,2025-01-31T12:45:00+05:30,4100.2,4102.05,4093.75,4097.85,21641
1644,2025-01-31T13:00:00+05:30,4097.15,4105.6,4097.1,4101.25,91462
1645,2025-01-31T13:15:00+05:30,4101.35,4113.95,4101.1,4111.25,60183
1646,2025-01-31T13:30:00+05:30,4111.3,4113.95,4103.55,4112.6,50832
1647,2025-01-31T13:45:00+05:30,4112.9,4113.95,4100.2,4104.45,33466
1648,2025-01-31T14:00:00+05:30,4104.5,4108.7,4093.05,4101.3,193171
1649,2025-01-31T14:15:00+05:30,4102.7,4103.0,4098.6,4102.1,28997
1650,2025-01-31T14:30:00+05:30,4102.1,4106.9,4099.3,4104.85,45477
1651,2025-01-31T14:45:00+05:30,4104.95,4110.0,4100.65,4105.25,56458
1652,2025-01-31T15:00:00+05:30,4105.25,4117.95,4105.0,4109.45,228350
1653,2025-01-31T15:15:00+05:30,4110.15,4121.0,4105.7,4114.15,227062
1654,2025-02-01T09:15:00+05:30,4114.0,4135.9,4089.3,4096.8,23453
1655,2025-02-01T09:30:00+05:30,4097.45,4110.6,4090.0,4102.05,13862
1656,2025-02-01T09:45:00+05:30,4100.55,4103.7,4095.0,4101.35,9468
1657,2025-02-01T10:00:00+05:30,4102.0,4110.0,4097.2,4105.0,9339
1658,2025-02-01T10:15:00+05:30,4103.95,4109.1,4103.6,4105.05,5687
1659,2025-02-01T10:30:00+05:30,4106.55,4110.0,4101.0,4103.8,8054
1660,2025-02-01T10:45:00+05:30,4104.15,4115.95,4103.15,4114.4,6226
1661,2025-02-01T11:00:00+05:30,4113.5,4114.8,4103.6,4111.85,7547
1662,2025-02-01T11:15:00+05:30,4111.85,4112.0,4106.0,4107.0,3833
1663,2025-02-01T11:30:00+05:30,4106.95,4109.2,4097.05,4102.95,16854
1664,2025-02-01T11:45:00+05:30,4102.95,4105.0,4080.0,4099.15,30769
1665,2025-02-01T12:00:00+05:30,4099.1,4099.8,4075.45,4077.75,37782
1666,2025-02-01T12:15:00+05:30,4077.75,4082.75,4058.75,4060.35,26174
1667,2025-02-01T12:30:00+05:30,4060.05,4071.25,4056.0,4062.0,13917
1668,2025-02-01T12:45:00+05:30,4062.0,4070.95,4058.4,4070.4,7534
1669,2025-02-01T13:00:00+05:30,4070.4,4071.0,4060.05,4064.65,11890
1670,2025-02-01T13:15:00+05:30,4065.7,4070.0,4062.0,4065.85,11455
1671,2025-02-01T13:30:00+05:30,4065.8,4070.0,4058.15,4068.55,7734
1672,2025-02-01T13:45:00+05:30,4068.7,4075.0,4066.15,4071.65,9370
1673,2025-02-01T14:00:00+05:30,4071.65,4081.7,4071.0,4075.0,18995
1674,2025-02-01T14:15:00+05:30,4076.3,4078.0,4070.0,4072.0,21433
1675,2025-02-01T14:30:00+05:30,4071.95,4075.25,4069.0,4072.0,12476
1676,2025-02-01T14:45:00+05:30,4073.55,4082.7,4071.55,4081.0,30735
1677,2025-02-01T15:00:00+05:30,4081.0,4087.75,4070.0,4070.6,47142
1678,2025-02-01T15:15:00+05:30,4070.8,4075.0,4063.2,4073.0,43613
1679,2025-02-03T09:15:00+05:30,4035.0,4064.0,3998.7,4030.75,189875
1680,2025-02-03T09:30:00+05:30,4030.7,4068.7,4030.5,4048.75,134222
1681,2025-02-03T09:45:00+05:30,4048.8,4049.6,4017.55,4025.95,76425
1682,2025-02-03T10:00:00+05:30,4025.65,4028.05,4017.85,4021.95,28315
1683,2025-02-03T10:15:00+05:30,4021.95,4042.5,4020.1,4035.6,41484
1684,2025-02-03T10:30:00+05:30,4035.6,4038.0,4025.95,4032.4,30226
1685,2025-02-03T10:45:00+05:30,4032.45,4044.75,4032.4,4042.55,27286
1686,2025-02-03T11:00:00+05:30,4042.55,4045.0,4027.05,4032.45,31820
1687,2025-02-03T11:15:00+05:30,4032.45,4037.0,4029.0,4031.1,38335
1688,2025-02-03T11:30:00+05:30,4031.1,4037.4,4028.0,4031.75,26905
1689,2025-02-03T11:45:00+05:30,4031.75,4044.55,4031.65,4039.0,31040
1690,2025-02-03T12:00:00+05:30,4039.0,4051.5,4038.1,4043.0,28176
1691,2025-02-03T12:15:00+05:30,4042.4,4046.5,4038.0,4043.2,27152
1692,2025-02-03T12:30:00+05:30,4043.2,4045.4,4039.0,4043.75,23558
1693,2025-02-03T12:45:00+05:30,4043.75,4048.85,4040.0,4047.8,24801
1694,2025-02-03T13:00:00+05:30,4047.2,4064.05,4047.2,4064.05,41420
1695,2025-02-03T13:15:00+05:30,4064.05,4068.0,4058.9,4062.45,43030
1696,2025-02-03T13:30:00+05:30,4062.45,4062.85,4052.0,4055.25,27509
1697,2025-02-03T13:45:00+05:30,4055.25,4060.6,4052.8,4058.45,28556
1698,2025-02-03T14:00:00+05:30,4058.45,4062.0,4057.25,4059.9,20546
1699,2025-02-03T14:15:00+05:30,4059.9,4075.1,4058.0,4074.2,39728
1700,2025-02-03T14:30:00+05:30,4074.2,4077.0,4063.35,4065.5,50126
1701,2025-02-03T14:45:00+05:30,4065.5,4069.9,4060.4,4067.5,52473
1702,2025-02-03T15:00:00+05:30,4067.9,4073.15,4066.85,4071.95,87143
1703,2025-02-03T15:15:00+05:30,4071.95,4072.3,4061.0,4064.0,102816
1704,2025-02-04T09:15:00+05:30,4084.0,4094.0,4070.6,4077.5,98669
1705,2025-02-04T09:30:00+05:30,4077.45,4095.0,4066.05,4087.85,70392
1706,2025-02-04T09:45:00+05:30,4087.85,4094.85,4086.75,4092.4,29956
1707,2025-02-04T10:00:00+05:30,4092.9,4102.35,4090.05,4090.4,52463
1708,2025-02-04T10:15:00+05:30,4090.45,4095.0,4085.0,4088.0,24088
1709,2025-02-04T10:30:00+05:30,4087.7,4094.95,4079.45,4083.5,63673
1710,2025-02-04T10:45:00+05:30,4082.8,4087.05,4077.4,4083.0,50597
1711,2025-02-04T11:00:00+05:30,4082.25,4089.0,4082.1,4087.3,36969
1712,2025-02-04T11:15:00+05:30,4088.25,4089.95,4081.65,4083.95,64962
1713,2025-02-04T11:30:00+05:30,4084.0,4086.0,4079.25,4080.1,41672
1714,2025-02-04T11:45:00+05:30,4080.3,4095.0,4076.05,4080.9,91529
1715,2025-02-04T12:00:00+05:30,4081.05,4085.0,4075.0,4084.4,23506
1716,2025-02-04T12:15:00+05:30,4084.6,4085.0,4081.15,4084.65,34921
1717,2025-02-04T12:30:00+05:30,4084.6,4086.5,4080.0,4085.7,50873
1718,2025-02-04T12:45:00+05:30,4085.7,4089.15,4080.65,4082.2,34057
1719,2025-02-04T13:00:00+05:30,4082.25,4095.0,4080.0,4093.9,63798
1720,2025-02-04T13:15:00+05:30,4094.0,4101.5,4092.35,4098.15,66870
1721,2025-02-04T13:30:00+05:30,4098.15,4110.95,4096.85,4105.75,64140
1722,2025-02-04T13:45:00+05:30,4106.05,4109.65,4101.45,4104.0,89386
1723,2025-02-04T14:00:00+05:30,4104.6,4109.3,4086.95,4094.75,416012
1724,2025-02-04T14:15:00+05:30,4094.7,4105.55,4091.35,4099.15,130437
1725,2025-02-04T14:30:00+05:30,4099.15,4109.9,4098.5,4105.55,98227
1726,2025-02-04T14:45:00+05:30,4105.55,4118.85,4100.4,4116.65,149273
1727,2025-02-04T15:00:00+05:30,4116.75,4118.35,4108.0,4110.85,245690
1728,2025-02-04T15:15:00+05:30,4111.0,4113.1,4095.1,4105.15,447753
1729,2025-02-05T09:15:00+05:30,4148.1,4148.1,4107.55,4127.45,214777
1730,2025-02-05T09:30:00+05:30,4127.45,4131.7,4118.0,4119.0,63630
1731,2025-02-05T09:45:00+05:30,4119.0,4119.0,4091.05,4097.9,66632
1732,2025-02-05T10:00:00+05:30,4097.9,4101.95,4090.1,4099.0,54294
1733,2025-02-05T10:15:00+05:30,4099.0,4108.9,4095.0,4108.35,36227
1734,2025-02-05T10:30:00+05:30,4108.35,4108.95,4100.7,4105.0,21731
1735,2025-02-05T10:45:00+05:30,4105.05,4108.0,4098.05,4099.15,21071
1736,2025-02-05T11:00:00+05:30,4099.15,4101.85,4086.65,4088.35,54581
1737,2025-02-05T11:15:00+05:30,4088.45,4091.5,4085.0,4090.0,39519
1738,2025-02-05T11:30:00+05:30,4090.0,4092.5,4088.0,4090.0,30037
1739,2025-02-05T11:45:00+05:30,4089.95,4092.0,4086.7,4087.95,32604
1740,2025-02-05T12:00:00+05:30,4087.95,4090.0,4082.55,4083.95,31388
1741,2025-02-05T12:15:00+05:30,4084.0,4089.5,4080.6,4083.95,44107
1742,2025-02-05T12:30:00+05:30,4084.0,4086.55,4078.65,4081.65,71793
1743,2025-02-05T12:45:00+05:30,4081.9,4085.0,4080.9,4084.2,24432
1744,2025-02-05T13:00:00+05:30,4084.45,4087.95,4080.1,4087.75,30316
1745,2025-02-05T13:15:00+05:30,4087.75,4088.0,4078.1,4081.2,39809
1746,2025-02-05T13:30:00+05:30,4082.05,4083.1,4076.0,4077.95,31799
1747,2025-02-05T13:45:00+05:30,4077.45,4084.5,4077.1,4083.75,32695
1748,2025-02-05T14:00:00+05:30,4083.8,4086.0,4077.8,4078.9,40764
1749,2025-02-05T14:15:00+05:30,4078.9,4082.0,4078.35,4081.85,25584
1750,2025-02-05T14:30:00+05:30,4081.85,4087.6,4081.7,4087.45,66806
1751,2025-02-05T14:45:00+05:30,4087.5,4089.5,4084.15,4088.5,70394
1752,2025-02-05T15:00:00+05:30,4088.55,4094.3,4088.2,4089.45,294978
1753,2025-02-05T15:15:00+05:30,4089.45,4094.45,4081.7,4086.0,221073
1754,2025-02-06T09:15:00+05:30,4105.4,4139.5,4097.9,4102.1,275992
1755,2025-02-06T09:30:00+05:30,4102.1,4103.15,4078.25,4080.05,118405
1756,2025-02-06T09:45:00+05:30,4080.0,4088.45,4079.3,4085.9,103288
1757,2025-02-06T10:00:00+05:30,4085.9,4087.3,4080.5,4085.4,47136
1758,2025-02-06T10:15:00+05:30,4084.45,4093.95,4082.0,4086.7,58603
1759,2025-02-06T10:30:00+05:30,4086.75,4091.95,4083.0,4085.35,66704
1760,2025-02-06T10:45:00+05:30,4084.65,4100.0,4078.55,4090.0,91113
1761,2025-02-06T11:00:00+05:30,4090.7,4093.0,4079.7,4084.45,148034
1762,2025-02-06T11:15:00+05:30,4084.15,4088.15,4081.0,4081.1,38920
1763,2025-02-06T11:30:00+05:30,4081.1,4085.0,4080.0,4081.0,42899
1764,2025-02-06T11:45:00+05:30,4081.05,4082.5,4073.75,4075.05,55679
1765,2025-02-06T12:00:00+05:30,4075.0,4077.25,4068.1,4068.8,42246
1766,2025-02-06T12:15:00+05:30,4069.15,4072.25,4065.0,4068.35,53184
1767,2025-02-06T12:30:00+05:30,4068.35,4069.65,4063.45,4069.0,49037
1768,2025-02-06T12:45:00+05:30,4069.25,4070.0,4064.55,4064.95,35481
1769,2025-02-06T13:00:00+05:30,4065.0,4065.15,4060.6,4062.45,50348
1770,2025-02-06T13:15:00+05:30,4062.45,4065.0,4060.3,4061.05,38426
1771,2025-02-06T13:30:00+05:30,4061.05,4061.05,4052.15,4054.05,56220
1772,2025-02-06T13:45:00+05:30,4053.85,4062.9,4051.55,4061.9,69940
1773,2025-02-06T14:00:00+05:30,4062.1,4063.9,4056.25,4059.95,86941
1774,2025-02-06T14:15:00+05:30,4059.95,4060.0,4054.35,4059.55,60738
1775,2025-02-06T14:30:00+05:30,4059.3,4065.15,4054.45,4065.0,133807
1776,2025-02-06T14:45:00+05:30,4065.0,4072.0,4061.65,4072.0,87128
1777,2025-02-06T15:00:00+05:30,4072.0,4084.95,4071.7,4084.5,237381
1778,2025-02-06T15:15:00+05:30,4084.5,4091.5,4079.3,4087.0,210768
1779,2025-02-07T09:15:00+05:30,4089.95,4090.0,4030.95,4032.55,184442
1780,2025-02-07T09:30:00+05:30,4032.9,4037.45,4028.3,4036.5,93533
1781,2025-02-07T09:45:00+05:30,4036.5,4047.8,4034.55,4046.9,61754
1782,2025-02-07T10:00:00+05:30,4046.9,4052.3,4038.5,4042.75,34027
1783,2025-02-07T10:15:00+05:30,4042.4,4054.45,4040.0,4054.45,33436
1784,2025-02-07T10:30:00+05:30,4054.0,4055.9,4045.65,4052.35,34975
1785,2025-02-07T10:45:00+05:30,4053.0,4053.0,4045.0,4045.45,20563
1786,2025-02-07T11:00:00+05:30,4045.55,4048.0,4041.05,4041.1,25140
1787,2025-02-07T11:15:00+05:30,4041.1,4047.1,4040.0,4046.5,24045
1788,2025-02-07T11:30:00+05:30,4045.9,4049.0,4040.0,4042.2,23016
1789,2025-02-07T11:45:00+05:30,4042.15,4044.5,4033.45,4035.65,36439
1790,2025-02-07T12:00:00+05:30,4034.55,4037.4,4028.0,4030.95,84220
1791,2025-02-07T12:15:00+05:30,4030.9,4042.45,4030.0,4041.6,48123
1792,2025-02-07T12:30:00+05:30,4041.25,4042.05,4036.0,4040.15,28255
1793,2025-02-07T12:45:00+05:30,4040.05,4041.3,4026.95,4027.15,40295
1794,2025-02-07T13:00:00+05:30,4027.75,4028.2,4019.25,4020.65,64989
1795,2025-02-07T13:15:00+05:30,4021.2,4025.05,4019.55,4021.75,51975
1796,2025-02-07T13:30:00+05:30,4021.75,4028.5,4019.8,4028.5,56100
1797,2025-02-07T13:45:00+05:30,4028.0,4028.15,4014.15,4020.65,47940
1798,2025-02-07T14:00:00+05:30,4020.65,4022.5,4015.0,4017.45,35962
1799,2025-02-07T14:15:00+05:30,4017.45,4017.55,4012.0,4013.0,41891
1800,2025-02-07T14:30:00+05:30,4012.8,4015.0,4010.0,4010.6,57090
1801,2025-02-07T14:45:00+05:30,4010.6,4018.25,4008.0,4016.6,74289
1802,2025-02-07T15:00:00+05:30,4016.7,4032.95,4016.65,4031.75,168560
1803,2025-02-07T15:15:00+05:30,4031.75,4034.45,4025.0,4032.0,168544
1804,2025-02-10T09:15:00+05:30,4039.0,4040.4,4014.35,4031.15,110679
1805,2025-02-10T09:30:00+05:30,4031.05,4038.55,4022.95,4035.75,54499
1806,2025-02-10T09:45:00+05:30,4035.4,4050.0,4027.2,4031.25,66386
1807,2025-02-10T10:00:00+05:30,4031.1,4033.5,4014.75,4018.3,42751
1808,2025-02-10T10:15:00+05:30,4018.3,4025.0,4016.95,4020.85,19501
1809,2025-02-10T10:30:00+05:30,4020.9,4032.4,4020.0,4031.0,23521
1810,2025-02-10T10:45:00+05:30,4030.7,4038.7,4027.55,4036.0,26681
1811,2025-02-10T11:00:00+05:30,4036.3,4048.0,4029.25,4047.45,37148
1812,2025-02-10T11:15:00+05:30,4047.15,4052.0,4035.75,4038.0,41845
1813,2025-02-10T11:30:00+05:30,4037.95,4038.85,4030.0,4033.25,38691
1814,2025-02-10T11:45:00+05:30,4032.9,4037.45,4030.0,4034.55,51707
1815,2025-02-10T12:00:00+05:30,4034.5,4041.8,4028.4,4029.25,69221
1816,2025-02-10T12:15:00+05:30,4029.95,4036.5,4028.85,4032.95,50344
1817,2025-02-10T12:30:00+05:30,4032.9,4042.7,4028.45,4040.0,66309
1818,2025-02-10T12:45:00+05:30,4039.9,4040.0,4030.35,4034.95,43471
1819,2025-02-10T13:00:00+05:30,4034.9,4045.0,4032.65,4040.0,36500
1820,2025-02-10T13:15:00+05:30,4039.9,4043.9,4037.0,4042.8,34564
1821,2025-02-10T13:30:00+05:30,4042.75,4042.8,4033.6,4038.5,35758
1822,2025-02-10T13:45:00+05:30,4038.2,4040.25,4035.0,4039.95,31332
1823,2025-02-10T14:00:00+05:30,4039.95,4040.0,4033.1,4035.4,34686
1824,2025-02-10T14:15:00+05:30,4035.1,4036.3,4029.6,4034.1,37177
1825,2025-02-10T14:30:00+05:30,4034.1,4046.0,4030.0,4043.75,71403
1826,2025-02-10T14:45:00+05:30,4042.2,4045.3,4040.0,4040.75,78897
1827,2025-02-10T15:00:00+05:30,4040.75,4043.5,4032.85,4035.8,106991
1828,2025-02-10T15:15:00+05:30,4035.7,4040.0,4030.1,4034.0,118327
1829,2025-02-11T09:15:00+05:30,4020.0,4028.95,4005.05,4023.95,212678
1830,2025-02-11T09:30:00+05:30,4023.5,4031.85,4016.0,4029.1,75534
1831,2025-02-11T09:45:00+05:30,4029.0,4040.0,4026.55,4034.85,57239
1832,2025-02-11T10:00:00+05:30,4034.85,4037.75,4019.9,4020.45,36780
1833,2025-02-11T10:15:00+05:30,4020.4,4020.4,4005.0,4014.15,49137
1834,2025-02-11T10:30:00+05:30,4014.15,4025.75,4011.0,4022.95,45740
1835,2025-02-11T10:45:00+05:30,4022.9,4022.9,4010.0,4011.7,34378
1836,2025-02-11T11:00:00+05:30,4010.7,4017.05,4002.15,4016.6,46424
1837,2025-02-11T11:15:00+05:30,4016.6,4023.0,4015.05,4020.9,28030
1838,2025-02-11T11:30:00+05:30,4020.8,4022.05,4006.0,4007.35,51061
1839,2025-02-11T11:45:00+05:30,4007.3,4007.3,3995.0,3998.75,72869
1840,2025-02-11T12:00:00+05:30,3998.75,4002.4,3996.0,3999.0,25726
1841,2025-02-11T12:15:00+05:30,3999.0,4002.0,3992.0,4000.0,29951
1842,2025-02-11T12:30:00+05:30,4000.6,4004.9,3996.35,3997.55,26670
1843,2025-02-11T12:45:00+05:30,3997.5,3999.7,3991.0,3993.1,39275
1844,2025-02-11T13:00:00+05:30,3992.8,3993.1,3958.85,3960.0,100670
1845,2025-02-11T13:15:00+05:30,3960.4,3974.55,3959.0,3963.15,70463
1846,2025-02-11T13:30:00+05:30,3963.15,3969.1,3955.55,3968.5,42069
1847,2025-02-11T13:45:00+05:30,3968.5,3969.5,3962.25,3963.7,30514
1848,2025-02-11T14:00:00+05:30,3963.8,3967.4,3955.0,3967.15,77923
1849,2025-02-11T14:15:00+05:30,3967.2,3968.8,3960.2,3961.0,40729
1850,2025-02-11T14:30:00+05:30,3960.8,3967.25,3959.0,3965.0,59539
1851,2025-02-11T14:45:00+05:30,3965.0,3980.7,3963.0,3968.75,83001
1852,2025-02-11T15:00:00+05:30,3968.75,3969.1,3960.8,3962.1,170035
1853,2025-02-11T15:15:00+05:30,3963.35,3968.5,3960.1,3967.0,257737
1854,2025-02-12T09:15:00+05:30,3971.0,4021.75,3970.0,4009.1,276761
1855,2025-02-12T09:30:00+05:30,4009.05,4018.0,3997.0,4012.85,129913
1856,2025-02-12T09:45:00+05:30,4012.0,4015.8,4001.0,4003.0,99331
1857,2025-02-12T10:00:00+05:30,4003.0,4003.8,3990.0,3995.85,78995
1858,2025-02-12T10:15:00+05:30,3996.05,3996.05,3982.95,3987.05,72120
1859,2025-02-12T10:30:00+05:30,3987.1,3990.55,3970.0,3977.55,107229
1860,2025-02-12T10:45:00+05:30,3978.25,3978.45,3963.0,3963.15,81507
1861,2025-02-12T11:00:00+05:30,3964.25,3971.6,3961.0,3966.2,78548
1862,2025-02-12T11:15:00+05:30,3966.15,3968.7,3950.0,3950.0,38810
1863,2025-02-12T11:30:00+05:30,3950.6,3954.0,3945.05,3953.5,34998
1864,2025-02-12T11:45:00+05:30,3954.0,3979.8,3951.15,3971.0,57042
1865,2025-02-12T12:00:00+05:30,3970.75,3973.95,3963.0,3970.3,51157
1866,2025-02-12T12:15:00+05:30,3969.85,3971.1,3958.15,3962.1,25304
1867,2025-02-12T12:30:00+05:30,3963.2,3968.5,3961.55,3964.3,23578
1868,2025-02-12T12:45:00+05:30,3964.5,3968.25,3960.0,3966.5,55438
1869,2025-02-12T13:00:00+05:30,3966.3,3967.0,3960.0,3964.65,26245
1870,2025-02-12T13:15:00+05:30,3965.5,3967.0,3961.05,3963.15,25610
1871,2025-02-12T13:30:00+05:30,3963.45,3967.0,3957.2,3963.45,24727
1872,2025-02-12T13:45:00+05:30,3963.95,3963.95,3952.0,3953.85,27081
1873,2025-02-12T14:00:00+05:30,3953.6,3959.2,3950.75,3958.5,28063
1874,2025-02-12T14:15:00+05:30,3958.5,3959.65,3951.95,3957.45,24789
1875,2025-02-12T14:30:00+05:30,3957.45,3957.8,3946.0,3950.85,53368
1876,2025-02-12T14:45:00+05:30,3951.45,3951.45,3940.15,3941.7,33195
1877,2025-02-12T15:00:00+05:30,3941.55,3955.0,3941.55,3947.45,96263
1878,2025-02-12T15:15:00+05:30,3947.4,3957.0,3944.65,3956.25,113291
1879,2025-02-13T09:15:00+05:30,3968.0,3984.45,3918.85,3921.05,235415
1880,2025-02-13T09:30:00+05:30,3920.55,3931.2,3918.6,3930.5,107879
1881,2025-02-13T09:45:00+05:30,3930.5,3942.8,3930.0,3938.2,72208
1882,2025-02-13T10:00:00+05:30,3938.9,3947.0,3934.0,3942.15,75624
1883,2025-02-13T10:15:00+05:30,3943.25,3948.9,3932.6,3937.25,48031
1884,2025-02-13T10:30:00+05:30,3937.25,3954.35,3930.1,3950.25,80989
1885,2025-02-13T10:45:00+05:30,3949.6,3954.0,3943.1,3948.4,71647
1886,2025-02-13T11:00:00+05:30,3948.4,3949.85,3940.0,3944.6,45126
1887,2025-02-13T11:15:00+05:30,3944.6,3953.0,3942.95,3948.5,48804
1888,2025-02-13T11:30:00+05:30,3947.6,3956.0,3947.2,3955.0,59382
1889,2025-02-13T11:45:00+05:30,3954.85,3956.0,3948.35,3949.75,53676
1890,2025-02-13T12:00:00+05:30,3950.85,3951.0,3938.1,3944.7,37840
1891,2025-02-13T12:15:00+05:30,3944.05,3944.55,3935.2,3939.45,38554
1892,2025-02-13T12:30:00+05:30,3939.45,3944.0,3937.45,3941.85,53811
1893,2025-02-13T12:45:00+05:30,3941.7,3946.35,3941.15,3944.05,39951
1894,2025-02-13T13:00:00+05:30,3944.0,3950.0,3942.0,3945.0,107971
1895,2025-02-13T13:15:00+05:30,3945.0,3949.0,3937.2,3940.0,53699
1896,2025-02-13T13:30:00+05:30,3940.0,3942.95,3926.05,3929.3,100604
1897,2025-02-13T13:45:00+05:30,3929.05,3935.9,3925.1,3930.35,81071
1898,2025-02-13T14:00:00+05:30,3930.35,3935.0,3918.05,3928.45,94981
1899,2025-02-13T14:15:00+05:30,3928.4,3935.0,3923.05,3925.2,101572
1900,2025-02-13T14:30:00+05:30,3925.2,3925.6,3902.25,3907.65,271222
1901,2025-02-13T14:45:00+05:30,3907.7,3917.3,3905.55,3915.25,75820
1902,2025-02-13T15:00:00+05:30,3915.2,3917.35,3904.3,3909.65,146028
1903,2025-02-13T15:15:00+05:30,3909.65,3920.9,3905.5,3920.0,166003
1904,2025-02-14T09:15:00+05:30,3924.95,3934.95,3904.9,3906.3,123269
1905,2025-02-14T09:30:00+05:30,3906.15,3915.4,3900.15,3906.0,49106
1906,2025-02-14T09:45:00+05:30,3906.5,3913.15,3902.65,3909.85,46073
1907,2025-02-14T10:00:00+05:30,3909.85,3931.7,3909.75,3924.0,96358
1908,2025-02-14T10:15:00+05:30,3924.0,3937.0,3923.0,3925.2,43144
1909,2025-02-14T10:30:00+05:30,3926.45,3930.5,3913.9,3917.8,102799
1910,2025-02-14T10:45:00+05:30,3917.8,3920.0,3910.5,3912.0,81259
1911,2025-02-14T11:00:00+05:30,3912.0,3912.25,3900.0,3907.15,83299
1912,2025-02-14T11:15:00+05:30,3907.8,3911.6,3902.7,3908.45,55355
1913,2025-02-14T11:30:00+05:30,3908.45,3915.05,3905.0,3915.05,44563
1914,2025-02-14T11:45:00+05:30,3914.85,3920.55,3912.1,3920.0,29540
1915,2025-02-14T12:00:00+05:30,3920.0,3920.0,3907.9,3912.05,66069
1916,2025-02-14T12:15:00+05:30,3912.05,3918.5,3909.9,3915.25,88065
1917,2025-02-14T12:30:00+05:30,3915.2,3921.0,3912.2,3919.15,63966
1918,2025-02-14T12:45:00+05:30,3919.15,3928.9,3915.0,3922.75,69384
1919,2025-02-14T13:00:00+05:30,3922.65,3924.0,3911.5,3918.3,43415
1920,2025-02-14T13:15:00+05:30,3918.0,3927.45,3915.0,3924.25,46549
1921,2025-02-14T13:30:00+05:30,3924.25,3929.1,3920.0,3921.4,37271
1922,2025-02-14T13:45:00+05:30,3921.4,3925.8,3919.85,3925.8,35792
1923,2025-02-14T14:00:00+05:30,3925.8,3928.4,3917.5,3928.4,49046
1924,2025-02-14T14:15:00+05:30,3928.4,3935.5,3926.7,3933.4,75848
1925,2025-02-14T14:30:00+05:30,3933.4,3939.0,3931.5,3938.0,48684
1926,2025-02-14T14:45:00+05:30,3937.95,3948.0,3930.1,3940.1,83928
1927,2025-02-14T15:00:00+05:30,3941.15,3945.0,3930.05,3932.85,98546
1928,2025-02-14T15:15:00+05:30,3932.85,3937.5,3920.0,3928.0,112611
1929,2025-02-17T09:15:00+05:30,3856.2,3919.25,3856.2,3901.05,226764
1930,2025-02-17T09:30:00+05:30,3899.75,3902.9,3878.2,3891.65,110843
1931,2025-02-17T09:45:00+05:30,3891.4,3907.4,3889.3,3905.0,58351
1932,2025-02-17T10:00:00+05:30,3906.0,3932.95,3904.7,3928.3,66893
1933,2025-02-17T10:15:00+05:30,3928.55,3929.95,3915.5,3919.95,38628
1934,2025-02-17T10:30:00+05:30,3919.85,3934.0,3916.35,3931.6,65165
1935,2025-02-17T10:45:00+05:30,3931.8,3934.0,3920.0,3920.8,26835
1936,2025-02-17T11:00:00+05:30,3920.8,3923.0,3908.5,3908.5,36908
1937,2025-02-17T11:15:00+05:30,3908.5,3928.5,3907.25,3927.95,65740
1938,2025-02-17T11:30:00+05:30,3927.65,3929.0,3920.0,3923.9,35480
1939,2025-02-17T11:45:00+05:30,3924.4,3932.8,3921.25,3926.2,64189
1940,2025-02-17T12:00:00+05:30,3926.8,3930.15,3919.85,3920.5,54053
1941,2025-02-17T12:15:00+05:30,3920.5,3926.1,3917.25,3920.25,32493
1942,2025-02-17T12:30:00+05:30,3920.2,3930.35,3918.25,3926.45,69721
1943,2025-02-17T12:45:00+05:30,3926.45,3932.1,3924.35,3927.85,82151
1944,2025-02-17T13:00:00+05:30,3928.15,3930.0,3912.1,3912.8,31293
1945,2025-02-17T13:15:00+05:30,3912.6,3921.55,3910.5,3917.4,33732
1946,2025-02-17T13:30:00+05:30,3917.35,3925.9,3914.1,3920.05,42781
1947,2025-02-17T13:45:00+05:30,3920.95,3925.0,3914.3,3916.85,30008
1948,2025-02-17T14:00:00+05:30,3917.35,3920.0,3910.0,3914.2,64029
1949,2025-02-17T14:15:00+05:30,3914.2,3918.0,3910.0,3915.05,54024
1950,2025-02-17T14:30:00+05:30,3915.05,3915.25,3910.0,3911.6,70668
1951,2025-02-17T14:45:00+05:30,3911.6,3912.05,3906.95,3909.4,81825
1952,2025-02-17T15:00:00+05:30,3909.4,3911.5,3902.75,3904.2,163684
1953,2025-02-17T15:15:00+05:30,3904.2,3908.0,3900.0,3908.0,167281
1954,2025-02-18T09:15:00+05:30,3900.0,3914.95,3882.95,3912.0,251181
1955,2025-02-18T09:30:00+05:30,3912.2,3915.0,3900.0,3909.25,76674
1956,2025-02-18T09:45:00+05:30,3908.55,3915.0,3907.55,3914.0,126940
1957,2025-02-18T10:00:00+05:30,3914.0,3924.4,3912.45,3921.85,76591
1958,2025-02-18T10:15:00+05:30,3921.55,3922.0,3904.95,3906.95,263765
1959,2025-02-18T10:30:00+05:30,3906.25,3907.15,3894.9,3895.7,67708
1960,2025-02-18T10:45:00+05:30,3895.6,3898.05,3890.95,3895.4,50888
1961,2025-02-18T11:00:00+05:30,3895.0,3896.2,3890.75,3892.8,43914
1962,2025-02-18T11:15:00+05:30,3892.65,3893.4,3871.35,3875.75,81225
1963,2025-02-18T11:30:00+05:30,3875.75,3882.1,3872.4,3881.55,155892
1964,2025-02-18T11:45:00+05:30,3881.55,3885.8,3877.2,3880.95,97612
1965,2025-02-18T12:00:00+05:30,3880.0,3881.0,3872.4,3875.0,41454
1966,2025-02-18T12:15:00+05:30,3874.85,3881.9,3873.0,3877.4,56337
1967,2025-02-18T12:30:00+05:30,3877.0,3889.95,3875.0,3886.9,69766
1968,2025-02-18T12:45:00+05:30,3886.7,3892.75,3881.3,3883.4,39966
1969,2025-02-18T13:00:00+05:30,3883.4,3888.95,3881.05,3882.4,84881
1970,2025-02-18T13:15:00+05:30,3882.15,3885.0,3880.0,3883.15,38724
1971,2025-02-18T13:30:00+05:30,3881.75,3887.55,3880.1,3882.4,41139
1972,2025-02-18T13:45:00+05:30,3882.4,3886.15,3880.6,3884.1,41530
1973,2025-02-18T14:00:00+05:30,3884.1,3884.8,3872.8,3875.15,55005
1974,2025-02-18T14:15:00+05:30,3874.75,3882.45,3874.65,3882.0,30321
1975,2025-02-18T14:30:00+05:30,3880.9,3882.2,3875.0,3876.85,36438
1976,2025-02-18T14:45:00+05:30,3876.85,3882.0,3876.0,3880.65,54582
1977,2025-02-18T15:00:00+05:30,3880.0,3883.5,3875.0,3875.05,118451
1978,2025-02-18T15:15:00+05:30,3875.0,3875.45,3864.5,3873.0,140339
1979,2025-02-19T09:15:00+05:30,3872.2,3874.95,3795.85,3796.05,443259
1980,2025-02-19T09:30:00+05:30,3796.0,3815.1,3792.5,3810.5,168713
1981,2025-02-19T09:45:00+05:30,3810.55,3821.8,3808.0,3821.75,257627
1982,2025-02-19T10:00:00+05:30,3821.75,3829.95,3819.0,3825.85,242586
1983,2025-02-19T10:15:00+05:30,3826.95,3829.0,3816.05,3821.7,245594
1984,2025-02-19T10:30:00+05:30,3821.7,3822.5,3797.2,3800.0,369659
1985,2025-02-19T10:45:00+05:30,3800.0,3802.9,3793.45,3795.65,95670
1986,2025-02-19T11:00:00+05:30,3795.5,3795.7,3785.0,3786.85,156754
1987,2025-02-19T11:15:00+05:30,3786.85,3788.25,3777.25,3783.45,227762
1988,2025-02-19T11:30:00+05:30,3782.05,3793.45,3780.85,3788.8,90581
1989,2025-02-19T11:45:00+05:30,3788.8,3796.0,3785.0,3795.0,80949
1990,2025-02-19T12:00:00+05:30,3795.0,3799.0,3791.0,3796.85,98406
1991,2025-02-19T12:15:00+05:30,3796.85,3799.8,3790.1,3790.45,82779
1992,2025-02-19T12:30:00+05:30,3790.3,3792.65,3784.15,3784.25,77533
1993,2025-02-19T12:45:00+05:30,3784.4,3784.5,3778.35,3778.95,154686
1994,2025-02-19T13:00:00+05:30,3779.0,3781.35,3775.05,3777.0,93935
1995,2025-02-19T13:15:00+05:30,3777.65,3777.85,3768.15,3770.75,168881
1996,2025-02-19T13:30:00+05:30,3770.75,3777.05,3769.25,3776.55,83051
1997,2025-02-19T13:45:00+05:30,3776.5,3781.0,3775.8,3777.0,124829
1998,2025-02-19T14:00:00+05:30,3777.05,3787.85,3775.4,3784.5,160265
1999,2025-02-19T14:15:00+05:30,3784.5,3784.6,3774.45,3780.0,119829
2000,2025-02-19T14:30:00+05:30,3780.0,3784.5,3780.0,3782.6,129652
2001,2025-02-19T14:45:00+05:30,3782.6,3785.0,3780.0,3781.5,153695
2002,2025-02-19T15:00:00+05:30,3781.5,3785.25,3781.4,3784.4,317115
2003,2025-02-19T15:15:00+05:30,3784.75,3785.0,3782.25,3785.0,210705
2004,2025-02-20T09:15:00+05:30,3761.5,3779.0,3751.3,3763.55,341919
2005,2025-02-20T09:30:00+05:30,3764.8,3777.8,3762.0,3769.45,151565
2006,2025-02-20T09:45:00+05:30,3769.45,3772.6,3760.55,3769.65,355375
2007,2025-02-20T10:00:00+05:30,3769.6,3777.5,3765.55,3771.35,76705
2008,2025-02-20T10:15:00+05:30,3770.9,3775.0,3766.0,3772.3,125706
2009,2025-02-20T10:30:00+05:30,3772.7,3778.5,3768.0,3770.0,50243
2010,2025-02-20T10:45:00+05:30,3771.0,3775.0,3769.0,3773.8,47149
2011,2025-02-20T11:00:00+05:30,3773.8,3779.85,3773.0,3774.5,66750
2012,2025-02-20T11:15:00+05:30,3774.5,3775.35,3770.7,3772.0,44655
2013,2025-02-20T11:30:00+05:30,3771.95,3775.0,3771.9,3773.95,66196
2014,2025-02-20T11:45:00+05:30,3773.95,3782.0,3772.1,3781.7,107068
2015,2025-02-20T12:00:00+05:30,3781.75,3781.75,3777.45,3779.95,82636
2016,2025-02-20T12:15:00+05:30,3780.0,3782.6,3779.0,3780.0,66426
2017,2025-02-20T12:30:00+05:30,3779.95,3780.0,3775.75,3778.95,55111
2018,2025-02-20T12:45:00+05:30,3778.9,3780.0,3772.75,3772.85,63265
2019,2025-02-20T13:00:00+05:30,3772.85,3776.0,3770.05,3775.95,129264
2020,2025-02-20T13:15:00+05:30,3775.95,3781.65,3771.95,3773.9,53161
2021,2025-02-20T13:30:00+05:30,3773.95,3777.05,3771.75,3774.1,55977
2022,2025-02-20T13:45:00+05:30,3773.05,3774.55,3771.0,3771.5,55749
2023,2025-02-20T14:00:00+05:30,3771.5,3774.95,3771.0,3773.55,277298
2024,2025-02-20T14:15:00+05:30,3773.55,3775.0,3773.0,3774.0,70795
2025,2025-02-20T14:30:00+05:30,3774.0,3774.9,3771.5,3772.05,64764
2026,2025-02-20T14:45:00+05:30,3772.05,3775.95,3771.8,3775.05,60032
2027,2025-02-20T15:00:00+05:30,3775.15,3779.2,3774.0,3779.2,196027
2028,2025-02-20T15:15:00+05:30,3779.2,3788.0,3779.1,3788.0,213906
2029,2025-02-21T09:15:00+05:30,3775.6,3803.8,3775.0,3802.65,189193
2030,2025-02-21T09:30:00+05:30,3802.65,3803.3,3792.95,3797.5,84594
2031,2025-02-21T09:45:00+05:30,3798.0,3810.3,3788.4,3797.9,89181
2032,2025-02-21T10:00:00+05:30,3798.65,3811.8,3793.4,3798.3,139797
2033,2025-02-21T10:15:00+05:30,3798.3,3809.0,3794.0,3807.5,58936
2034,2025-02-21T10:30:00+05:30,3807.5,3817.0,3805.75,3808.25,57899
2035,2025-02-21T10:45:00+05:30,3808.8,3809.2,3792.85,3796.1,152264
2036,2025-02-21T11:00:00+05:30,3796.1,3802.8,3786.3,3791.0,39960
2037,2025-02-21T11:15:00+05:30,3791.6,3798.0,3788.65,3790.0,26480
2038,2025-02-21T11:30:00+05:30,3789.35,3797.35,3787.45,3789.0,53948
2039,2025-02-21T11:45:00+05:30,3789.0,3789.2,3779.65,3780.3,66716
2040,2025-02-21T12:00:00+05:30,3780.3,3783.95,3777.75,3783.6,49108
2041,2025-02-21T12:15:00+05:30,3783.1,3787.7,3780.55,3783.35,42527
2042,2025-02-21T12:30:00+05:30,3783.15,3793.9,3783.0,3791.35,39696
2043,2025-02-21T12:45:00+05:30,3791.4,3793.6,3786.75,3790.0,52926
2044,2025-02-21T13:00:00+05:30,3789.6,3794.9,3786.65,3788.05,87525
2045,2025-02-21T13:15:00+05:30,3788.2,3789.4,3783.0,3783.15,29493
2046,2025-02-21T13:30:00+05:30,3783.05,3786.7,3783.0,3785.5,35868
2047,2025-02-21T13:45:00+05:30,3785.55,3789.95,3783.0,3789.05,39335
2048,2025-02-21T14:00:00+05:30,3790.0,3791.6,3784.9,3789.15,44776
2049,2025-02-21T14:15:00+05:30,3789.95,3790.0,3785.25,3786.5,35275
2050,2025-02-21T14:30:00+05:30,3786.25,3788.5,3784.2,3786.45,48819
2051,2025-02-21T14:45:00+05:30,3785.95,3786.65,3776.6,3777.4,53650
2052,2025-02-21T15:00:00+05:30,3777.4,3787.4,3777.35,3785.0,139327
2053,2025-02-21T15:15:00+05:30,3785.0,3792.25,3782.7,3789.9,149947
2054,2025-02-24T09:15:00+05:30,3745.0,3763.2,3726.15,3727.1,378716
2055,2025-02-24T09:30:00+05:30,3727.0,3729.0,3717.45,3722.2,98061
2056,2025-02-24T09:45:00+05:30,3722.25,3727.0,3711.05,3722.9,102959
2057,2025-02-24T10:00:00+05:30,3722.9,3723.2,3714.0,3717.3,78477
2058,2025-02-24T10:15:00+05:30,3717.3,3718.65,3706.5,3708.3,80470
2059,2025-02-24T10:30:00+05:30,3708.3,3714.95,3705.5,3714.2,49671
2060,2025-02-24T10:45:00+05:30,3714.2,3718.15,3710.0,3711.0,42054
2061,2025-02-24T11:00:00+05:30,3711.0,3718.0,3706.0,3712.5,39722
2062,2025-02-24T11:15:00+05:30,3712.5,3716.65,3711.0,3712.5,24689
2063,2025-02-24T11:30:00+05:30,3712.5,3719.2,3710.0,3716.0,34627
2064,2025-02-24T11:45:00+05:30,3716.25,3716.95,3705.5,3705.6,40888
2065,2025-02-24T12:00:00+05:30,3707.4,3707.4,3695.3,3696.25,110806
2066,2025-02-24T12:15:00+05:30,3696.25,3702.4,3696.05,3700.5,45499
2067,2025-02-24T12:30:00+05:30,3699.6,3705.0,3698.5,3701.6,65515
2068,2025-02-24T12:45:00+05:30,3701.4,3703.0,3698.55,3700.0,113885
2069,2025-02-24T13:00:00+05:30,3700.0,3702.2,3697.4,3699.4,66964
2070,2025-02-24T13:15:00+05:30,3700.0,3700.1,3697.55,3698.65,65850
2071,2025-02-24T13:30:00+05:30,3698.65,3698.65,3686.5,3687.15,60933
2072,2025-02-24T13:45:00+05:30,3687.55,3689.35,3682.25,3684.95,43959
2073,2025-02-24T14:00:00+05:30,3684.95,3685.3,3679.7,3683.05,80103
2074,2025-02-24T14:15:00+05:30,3683.0,3685.0,3680.05,3681.65,94931
2075,2025-02-24T14:30:00+05:30,3681.65,3686.6,3681.0,3685.0,132401
2076,2025-02-24T14:45:00+05:30,3685.0,3686.6,3678.0,3678.15,134576
2077,2025-02-24T15:00:00+05:30,3678.3,3679.0,3675.1,3675.7,227001
2078,2025-02-24T15:15:00+05:30,3675.95,3678.0,3670.0,3671.0,273743
2079,2025-02-25T09:15:00+05:30,3624.65,3656.7,3624.6,3649.55,566122
2080,2025-02-25T09:30:00+05:30,3648.3,3658.0,3641.65,3654.7,364977
2081,2025-02-25T09:45:00+05:30,3655.1,3657.45,3649.05,3654.1,134359
2082,2025-02-25T10:00:00+05:30,3654.1,3655.0,3647.2,3650.8,173108
2083,2025-02-25T10:15:00+05:30,3650.75,3655.8,3648.0,3653.65,108678
2084,2025-02-25T10:30:00+05:30,3653.6,3653.65,3645.4,3648.8,84304
2085,2025-02-25T10:45:00+05:30,3648.8,3650.3,3638.65,3641.25,134576
2086,2025-02-25T11:00:00+05:30,3641.35,3644.85,3630.25,3634.45,86728
2087,2025-02-25T11:15:00+05:30,3634.45,3638.35,3633.05,3634.35,53492
2088,2025-02-25T11:30:00+05:30,3634.35,3638.1,3632.0,3632.6,76905
2089,2025-02-25T11:45:00+05:30,3632.45,3634.8,3627.0,3632.85,108627
2090,2025-02-25T12:00:00+05:30,3632.9,3636.5,3627.3,3628.0,88574
2091,2025-02-25T12:15:00+05:30,3628.0,3632.3,3625.2,3628.7,76929
2092,2025-02-25T12:30:00+05:30,3628.7,3628.75,3622.6,3625.1,90957
2093,2025-02-25T12:45:00+05:30,3625.1,3635.7,3623.35,3634.15,97990
2094,2025-02-25T13:00:00+05:30,3634.1,3644.0,3633.95,3641.6,112521
2095,2025-02-25T13:15:00+05:30,3641.55,3644.0,3632.45,3635.45,106852
2096,2025-02-25T13:30:00+05:30,3635.4,3643.75,3635.25,3640.85,82220
2097,2025-02-25T13:45:00+05:30,3640.8,3645.4,3639.8,3641.0,122895
2098,2025-02-25T14:00:00+05:30,3640.95,3644.45,3639.3,3642.3,90668
2099,2025-02-25T14:15:00+05:30,3642.3,3645.0,3636.55,3637.8,101259
2100,2025-02-25T14:30:00+05:30,3637.8,3638.75,3630.2,3635.0,185377
2101,2025-02-25T14:45:00+05:30,3635.0,3638.65,3632.2,3635.45,140867
2102,2025-02-25T15:00:00+05:30,3635.45,3638.75,3630.1,3631.6,350766
2103,2025-02-25T15:15:00+05:30,3631.6,3634.0,3621.25,3627.0,444151
2104,2025-02-27T09:15:00+05:30,3621.9,3638.0,3606.6,3611.4,259858
2105,2025-02-27T09:30:00+05:30,3610.05,3616.8,3600.7,3604.0,223612
2106,2025-02-27T09:45:00+05:30,3603.95,3619.4,3602.35,3618.85,164318
2107,2025-02-27T10:00:00+05:30,3618.3,3623.5,3607.25,3611.55,273928
2108,2025-02-27T10:15:00+05:30,3611.55,3616.95,3603.1,3608.5,98962
2109,2025-02-27T10:30:00+05:30,3608.5,3608.55,3604.05,3604.95,84529
2110,2025-02-27T10:45:00+05:30,3604.95,3610.35,3603.8,3607.3,82580
2111,2025-02-27T11:00:00+05:30,3607.3,3612.0,3605.85,3611.15,89361
2112,2025-02-27T11:15:00+05:30,3611.25,3613.85,3608.75,3611.55,88401
2113,2025-02-27T11:30:00+05:30,3611.6,3613.85,3610.0,3611.6,96318
2114,2025-02-27T11:45:00+05:30,3611.6,3617.05,3611.3,3613.85,95990
2115,2025-02-27T12:00:00+05:30,3614.2,3614.2,3609.0,3611.8,74195
2116,2025-02-27T12:15:00+05:30,3611.8,3611.8,3607.3,3608.0,70384
2117,2025-02-27T12:30:00+05:30,3608.05,3617.7,3607.5,3616.0,88755
2118,2025-02-27T12:45:00+05:30,3616.0,3619.65,3614.1,3617.65,94736
2119,2025-02-27T13:00:00+05:30,3617.65,3620.35,3615.1,3615.85,102359
2120,2025-02-27T13:15:00+05:30,3615.85,3617.25,3608.25,3609.45,75053
2121,2025-02-27T13:30:00+05:30,3609.5,3615.25,3608.4,3612.5,91538
2122,2025-02-27T13:45:00+05:30,3612.5,3616.4,3610.6,3611.65,79250
2123,2025-02-27T14:00:00+05:30,3611.7,3617.95,3610.7,3615.85,107337
2124,2025-02-27T14:15:00+05:30,3615.85,3618.6,3610.0,3617.9,127712
2125,2025-02-27T14:30:00+05:30,3617.9,3619.0,3611.5,3615.9,149386
2126,2025-02-27T14:45:00+05:30,3615.9,3617.75,3612.6,3616.8,139145
2127,2025-02-27T15:00:00+05:30,3616.8,3618.5,3612.5,3615.1,403123
2128,2025-02-27T15:15:00+05:30,3615.05,3615.25,3601.0,3608.05,611362
2129,2025-02-28T09:15:00+05:30,3584.9,3600.0,3558.0,3564.8,346807
2130,2025-02-28T09:30:00+05:30,3564.5,3568.8,3513.8,3518.9,358044
2131,2025-02-28T09:45:00+05:30,3518.9,3532.0,3506.4,3512.15,303170
2132,2025-02-28T10:00:00+05:30,3512.15,3514.0,3498.4,3502.5,326028
2133,2025-02-28T10:15:00+05:30,3502.75,3505.0,3495.5,3497.5,207505
2134,2025-02-28T10:30:00+05:30,3497.6,3497.8,3475.0,3484.85,299818
2135,2025-02-28T10:45:00+05:30,3484.85,3487.0,3477.4,3480.7,114736
2136,2025-02-28T11:00:00+05:30,3480.7,3485.45,3466.25,3468.5,157836
2137,2025-02-28T11:15:00+05:30,3468.5,3474.0,3457.0,3469.95,277817
2138,2025-02-28T11:30:00+05:30,3469.95,3487.0,3469.95,3486.8,158042
2139,2025-02-28T11:45:00+05:30,3486.55,3497.7,3485.35,3491.7,145245
2140,2025-02-28T12:00:00+05:30,3491.7,3497.2,3489.05,3495.0,109427
2141,2025-02-28T12:15:00+05:30,3495.0,3501.95,3486.0,3489.0,184606
2142,2025-02-28T12:30:00+05:30,3488.95,3490.0,3481.3,3482.9,124845
2143,2025-02-28T12:45:00+05:30,3482.8,3487.0,3476.95,3478.3,278949
2144,2025-02-28T13:00:00+05:30,3478.3,3490.8,3477.0,3485.65,209099
2145,2025-02-28T13:15:00+05:30,3485.65,3487.75,3480.3,3481.0,154912
2146,2025-02-28T13:30:00+05:30,3480.6,3481.9,3472.7,3475.0,107021
2147,2025-02-28T13:45:00+05:30,3474.5,3478.5,3464.65,3467.85,121540
2148,2025-02-28T14:00:00+05:30,3467.85,3468.05,3461.8,3464.95,121512
2149,2025-02-28T14:15:00+05:30,3464.95,3470.85,3463.0,3468.95,137179
2150,2025-02-28T14:30:00+05:30,3468.95,3475.0,3464.0,3474.15,212996
2151,2025-02-28T14:45:00+05:30,3473.95,3478.9,3471.3,3475.45,173099
2152,2025-02-28T15:00:00+05:30,3475.45,3489.0,3472.0,3485.05,1217507
2153,2025-02-28T15:15:00+05:30,3485.05,3489.0,3475.0,3478.0,1213647
2154,2025-03-03T09:15:00+05:30,3485.55,3523.25,3485.55,3501.35,383934
2155,2025-03-03T09:30:00+05:30,3501.05,3514.6,3495.15,3498.25,336158
2156,2025-03-03T09:45:00+05:30,3498.3,3504.3,3482.3,3488.8,203417
2157,2025-03-03T10:00:00+05:30,3488.8,3493.0,3476.15,3477.6,209347
2158,2025-03-03T10:15:00+05:30,3478.0,3492.3,3477.6,3489.6,206817
2159,2025-03-03T10:30:00+05:30,3489.6,3505.0,3487.25,3500.0,465281
2160,2025-03-03T10:45:00+05:30,3500.0,3508.95,3494.9,3496.3,478249
2161,2025-03-03T11:00:00+05:30,3496.25,3503.6,3493.15,3498.1,52014
2162,2025-03-03T11:15:00+05:30,3498.15,3505.0,3495.2,3500.45,117795
2163,2025-03-03T11:30:00+05:30,3500.2,3505.0,3496.5,3503.75,59761
2164,2025-03-03T11:45:00+05:30,3503.95,3512.0,3499.75,3506.2,281987
2165,2025-03-03T12:00:00+05:30,3506.35,3508.0,3496.0,3500.0,53021
2166,2025-03-03T12:15:00+05:30,3499.8,3501.0,3495.5,3498.8,81398
2167,2025-03-03T12:30:00+05:30,3498.85,3501.8,3495.0,3499.9,68459
2168,2025-03-03T12:45:00+05:30,3499.55,3506.9,3498.55,3502.05,211556
2169,2025-03-03T13:00:00+05:30,3502.15,3505.45,3498.15,3505.0,89750
2170,2025-03-03T13:15:00+05:30,3504.7,3510.0,3502.0,3505.7,139374
2171,2025-03-03T13:30:00+05:30,3505.75,3506.15,3496.05,3501.9,105521
2172,2025-03-03T13:45:00+05:30,3501.95,3504.8,3497.5,3498.7,158280
2173,2025-03-03T14:00:00+05:30,3498.0,3502.0,3490.1,3501.35,122694
2174,2025-03-03T14:15:00+05:30,3500.7,3502.0,3497.0,3499.95,98130
2175,2025-03-03T14:30:00+05:30,3499.95,3502.0,3496.3,3501.9,69664
2176,2025-03-03T14:45:00+05:30,3502.0,3502.0,3498.0,3501.4,135530
2177,2025-03-03T15:00:00+05:30,3501.35,3501.4,3491.15,3491.3,296020
2178,2025-03-03T15:15:00+05:30,3491.3,3507.0,3486.0,3506.0,537451
2179,2025-03-04T09:15:00+05:30,3474.0,3499.1,3464.3,3478.6,430280
2180,2025-03-04T09:30:00+05:30,3478.2,3498.7,3477.25,3492.15,120495
2181,2025-03-04T09:45:00+05:30,3491.85,3515.0,3488.7,3508.9,117900
2182,2025-03-04T10:00:00+05:30,3508.9,3519.0,3508.15,3518.95,77816
2183,2025-03-04T10:15:00+05:30,3518.75,3528.8,3513.4,3526.0,121367
2184,2025-03-04T10:30:00+05:30,3525.1,3543.0,3522.35,3535.0,200701
2185,2025-03-04T10:45:00+05:30,3534.95,3542.2,3532.45,3537.95,89188
2186,2025-03-04T11:00:00+05:30,3537.95,3542.05,3532.5,3537.6,68055
2187,2025-03-04T11:15:00+05:30,3537.55,3539.95,3530.4,3535.4,56123
2188,2025-03-04T11:30:00+05:30,3535.4,3551.0,3532.25,3540.05,88621
2189,2025-03-04T11:45:00+05:30,3540.05,3541.0,3531.2,3536.0,44306
2190,2025-03-04T12:00:00+05:30,3536.0,3541.0,3534.85,3535.85,30968
2191,2025-03-04T12:15:00+05:30,3535.8,3535.85,3525.6,3526.35,48542
2192,2025-03-04T12:30:00+05:30,3525.65,3530.95,3523.75,3527.05,43595
2193,2025-03-04T12:45:00+05:30,3527.05,3532.75,3526.6,3527.35,44067
2194,2025-03-04T13:00:00+05:30,3527.4,3528.5,3520.35,3522.0,87830
2195,2025-03-04T13:15:00+05:30,3521.3,3527.65,3518.75,3520.05,60297
2196,2025-03-04T13:30:00+05:30,3520.05,3525.55,3515.05,3525.45,61360
2197,2025-03-04T13:45:00+05:30,3525.0,3530.0,3521.3,3527.15,170932
2198,2025-03-04T14:00:00+05:30,3527.05,3527.15,3522.65,3524.55,101629
2199,2025-03-04T14:15:00+05:30,3524.55,3533.15,3523.9,3528.9,74278
2200,2025-03-04T14:30:00+05:30,3528.35,3532.6,3525.4,3530.85,63645
2201,2025-03-04T14:45:00+05:30,3530.7,3534.5,3524.8,3530.0,77603
2202,2025-03-04T15:00:00+05:30,3530.0,3536.4,3526.05,3535.9,243762
2203,2025-03-04T15:15:00+05:30,3536.0,3536.95,3525.35,3533.0,238316
2204,2025-03-05T09:15:00+05:30,3521.0,3574.0,3521.0,3572.2,265582
2205,2025-03-05T09:30:00+05:30,3572.0,3588.7,3570.0,3580.85,119549
2206,2025-03-05T09:45:00+05:30,3580.85,3582.1,3562.8,3569.95,53995
2207,2025-03-05T10:00:00+05:30,3569.95,3571.0,3558.4,3563.8,59262
2208,2025-03-05T10:15:00+05:30,3563.55,3579.05,3562.4,3576.75,46283
2209,2025-03-05T10:30:00+05:30,3576.2,3584.15,3569.9,3583.15,54134
2210,2025-03-05T10:45:00+05:30,3583.15,3585.3,3575.35,3582.0,41961
2211,2025-03-05T11:00:00+05:30,3581.8,3584.75,3576.0,3578.1,31786
2212,2025-03-05T11:15:00+05:30,3578.15,3583.0,3576.65,3582.95,36382
2213,2025-03-05T11:30:00+05:30,3582.7,3591.4,3581.25,3591.0,78484
2214,2025-03-05T11:45:00+05:30,3590.5,3600.35,3577.2,3582.05,94214
2215,2025-03-05T12:00:00+05:30,3581.4,3583.85,3572.5,3573.8,30694
2216,2025-03-05T12:15:00+05:30,3573.25,3578.85,3572.05,3576.5,35270
2217,2025-03-05T12:30:00+05:30,3576.7,3583.5,3574.55,3580.15,59907
2218,2025-03-05T12:45:00+05:30,3580.15,3585.0,3578.3,3579.2,62920
2219,2025-03-05T13:00:00+05:30,3579.2,3581.95,3568.8,3569.9,77786
2220,2025-03-05T13:15:00+05:30,3569.75,3572.0,3558.3,3560.05,100599
2221,2025-03-05T13:30:00+05:30,3559.95,3564.95,3553.05,3560.0,197059
2222,2025-03-05T13:45:00+05:30,3560.1,3565.2,3555.7,3561.5,109164
2223,2025-03-05T14:00:00+05:30,3559.8,3563.75,3557.0,3559.85,40485
2224,2025-03-05T14:15:00+05:30,3559.2,3559.8,3546.4,3547.1,78555
2225,2025-03-05T14:30:00+05:30,3547.1,3554.45,3545.15,3551.85,82776
2226,2025-03-05T14:45:00+05:30,3551.95,3555.0,3548.25,3554.45,109065
2227,2025-03-05T15:00:00+05:30,3554.4,3554.45,3541.35,3547.65,262222
2228,2025-03-05T15:15:00+05:30,3548.2,3557.0,3540.15,3557.0,334253
2229,2025-03-06T09:15:00+05:30,3559.95,3573.0,3536.1,3540.75,363351
2230,2025-03-06T09:30:00+05:30,3540.6,3556.0,3538.15,3549.65,134917
2231,2025-03-06T09:45:00+05:30,3549.6,3560.0,3538.2,3558.0,119327
2232,2025-03-06T10:00:00+05:30,3558.95,3567.7,3556.5,3561.95,97443
2233,2025-03-06T10:15:00+05:30,3561.9,3569.95,3561.15,3564.35,69393
2234,2025-03-06T10:30:00+05:30,3564.35,3567.25,3557.5,3558.25,41386
2235,2025-03-06T10:45:00+05:30,3558.35,3566.0,3557.5,3563.3,40579
2236,2025-03-06T11:00:00+05:30,3563.3,3571.9,3560.2,3566.8,60627
2237,2025-03-06T11:15:00+05:30,3567.65,3567.7,3544.85,3550.0,81884
2238,2025-03-06T11:30:00+05:30,3550.0,3557.6,3546.45,3556.65,42724
2239,2025-03-06T11:45:00+05:30,3556.55,3563.0,3552.0,3553.45,63982
2240,2025-03-06T12:00:00+05:30,3553.8,3562.0,3552.1,3561.4,35198
2241,2025-03-06T12:15:00+05:30,3561.4,3564.4,3557.5,3562.65,37148
2242,2025-03-06T12:30:00+05:30,3562.6,3564.2,3547.95,3555.1,112320
2243,2025-03-06T12:45:00+05:30,3555.35,3564.7,3553.3,3559.1,37689
2244,2025-03-06T13:00:00+05:30,3558.3,3562.45,3556.6,3559.15,34932
2245,2025-03-06T13:15:00+05:30,3560.0,3560.05,3552.15,3552.95,46694
2246,2025-03-06T13:30:00+05:30,3552.4,3563.0,3552.25,3563.0,63067
2247,2025-03-06T13:45:00+05:30,3563.15,3567.0,3561.0,3564.8,83883
2248,2025-03-06T14:00:00+05:30,3564.95,3576.7,3563.2,3571.95,169281
2249,2025-03-06T14:15:00+05:30,3572.05,3572.85,3567.35,3569.25,99993
2250,2025-03-06T14:30:00+05:30,3569.25,3597.8,3568.0,3593.75,141988
2251,2025-03-06T14:45:00+05:30,3593.75,3609.45,3591.4,3606.25,221885
2252,2025-03-06T15:00:00+05:30,3606.15,3607.8,3600.85,3603.2,298235
2253,2025-03-06T15:15:00+05:30,3603.2,3605.05,3590.5,3592.1,252202
2254,2025-03-07T09:15:00+05:30,3599.0,3600.0,3574.4,3589.05,142884
2255,2025-03-07T09:30:00+05:30,3589.85,3601.0,3585.4,3594.9,101729
2256,2025-03-07T09:45:00+05:30,3595.0,3597.6,3587.3,3595.35,73888
2257,2025-03-07T10:00:00+05:30,3595.35,3607.8,3594.0,3605.8,71667
2258,2025-03-07T10:15:00+05:30,3606.0,3606.0,3595.5,3597.45,70806
2259,2025-03-07T10:30:00+05:30,3597.6,3600.0,3592.2,3597.15,38139
2260,2025-03-07T10:45:00+05:30,3597.0,3604.0,3591.95,3591.95,43737
2261,2025-03-07T11:00:00+05:30,3592.0,3596.8,3591.0,3596.35,46798
2262,2025-03-07T11:15:00+05:30,3596.35,3602.8,3592.55,3593.55,49814
2263,2025-03-07T11:30:00+05:30,3593.85,3600.5,3593.4,3600.45,63706
2264,2025-03-07T11:45:00+05:30,3600.45,3601.0,3593.3,3600.5,76078
2265,2025-03-07T12:00:00+05:30,3600.45,3600.5,3593.3,3598.6,76776
2266,2025-03-07T12:15:00+05:30,3598.6,3610.0,3597.2,3609.75,67627
2267,2025-03-07T12:30:00+05:30,3609.75,3618.5,3608.0,3617.1,76930
2268,2025-03-07T12:45:00+05:30,3617.1,3625.0,3613.4,3621.75,77892
2269,2025-03-07T13:00:00+05:30,3621.75,3622.0,3613.25,3617.05,83469
2270,2025-03-07T13:15:00+05:30,3617.05,3620.0,3611.7,3614.25,63502
2271,2025-03-07T13:30:00+05:30,3614.3,3618.0,3607.75,3612.5,65342
2272,2025-03-07T13:45:00+05:30,3612.85,3616.9,3603.3,3611.6,84529
2273,2025-03-07T14:00:00+05:30,3611.6,3617.2,3610.3,3616.3,64821
2274,2025-03-07T14:15:00+05:30,3616.7,3618.9,3613.9,3614.75,61029
2275,2025-03-07T14:30:00+05:30,3614.75,3615.0,3608.0,3611.6,73208
2276,2025-03-07T14:45:00+05:30,3611.5,3617.05,3608.2,3613.0,69757
2277,2025-03-07T15:00:00+05:30,3612.95,3614.95,3608.2,3611.1,180111
2278,2025-03-07T15:15:00+05:30,3611.1,3615.4,3601.0,3602.0,208396
2279,2025-03-10T09:15:00+05:30,3606.5,3618.0,3592.1,3611.6,139974
2280,2025-03-10T09:30:00+05:30,3611.6,3622.1,3611.1,3618.5,56928
2281,2025-03-10T09:45:00+05:30,3618.5,3621.9,3614.4,3615.05,32391
2282,2025-03-10T10:00:00+05:30,3615.4,3616.45,3600.5,3606.4,72054
2283,2025-03-10T10:15:00+05:30,3606.4,3608.25,3595.0,3595.85,42294
2284,2025-03-10T10:30:00+05:30,3595.85,3604.85,3595.5,3603.25,30711
2285,2025-03-10T10:45:00+05:30,3603.1,3614.95,3601.8,3612.0,26939
2286,2025-03-10T11:00:00+05:30,3612.1,3617.5,3610.6,3616.85,22512
2287,2025-03-10T11:15:00+05:30,3616.85,3620.05,3615.15,3616.6,20225
2288,2025-03-10T11:30:00+05:30,3616.6,3619.0,3610.2,3613.0,20918
2289,2025-03-10T11:45:00+05:30,3612.95,3612.95,3603.35,3609.95,17858
2290,2025-03-10T12:00:00+05:30,3609.45,3610.75,3602.4,3606.8,15292
2291,2025-03-10T12:15:00+05:30,3606.65,3609.85,3603.6,3608.35,13030
2292,2025-03-10T12:30:00+05:30,3608.2,3614.75,3606.15,3607.9,16540
2293,2025-03-10T12:45:00+05:30,3607.85,3611.85,3602.9,3610.35,21019
2294,2025-03-10T13:00:00+05:30,3610.45,3615.0,3608.95,3612.0,19999
2295,2025-03-10T13:15:00+05:30,3611.65,3612.0,3606.25,3608.65,23384
2296,2025-03-10T13:30:00+05:30,3608.65,3609.9,3601.0,3601.5,17658
2297,2025-03-10T13:45:00+05:30,3601.5,3602.95,3597.6,3599.85,17046
2298,2025-03-10T14:00:00+05:30,3599.65,3603.75,3596.75,3599.65,17628
2299,2025-03-10T14:15:00+05:30,3599.65,3602.0,3595.0,3595.15,19301
2300,2025-03-10T14:30:00+05:30,3595.0,3599.0,3585.0,3588.0,38189
2301,2025-03-10T14:45:00+05:30,3587.6,3596.35,3584.15,3593.95,57432
2302,2025-03-10T15:00:00+05:30,3594.05,3600.0,3586.5,3586.9,119641
2303,2025-03-10T15:15:00+05:30,3586.9,3590.0,3582.6,3589.0,114713
2304,2025-03-11T09:15:00+05:30,3557.0,3585.35,3537.65,3582.75,252897
2305,2025-03-11T09:30:00+05:30,3584.0,3588.75,3567.0,3567.95,93361
2306,2025-03-11T09:45:00+05:30,3567.95,3583.0,3561.1,3579.8,101048
2307,2025-03-11T10:00:00+05:30,3579.8,3586.8,3571.05,3580.75,57390
2308,2025-03-11T10:15:00+05:30,3581.05,3585.75,3572.0,3572.2,101660
2309,2025-03-11T10:30:00+05:30,3572.2,3572.95,3565.05,3570.05,65317
2310,2025-03-11T10:45:00+05:30,3570.0,3570.0,3562.0,3563.55,63292
2311,2025-03-11T11:00:00+05:30,3563.6,3571.0,3562.0,3567.1,58571
2312,2025-03-11T11:15:00+05:30,3567.1,3570.35,3562.65,3564.3,91688
2313,2025-03-11T11:30:00+05:30,3564.3,3569.95,3560.0,3562.7,54989
2314,2025-03-11T11:45:00+05:30,3562.0,3564.95,3560.0,3560.5,42191
2315,2025-03-11T12:00:00+05:30,3560.5,3563.95,3555.0,3563.3,38836
2316,2025-03-11T12:15:00+05:30,3563.3,3565.0,3557.25,3559.7,66889
2317,2025-03-11T12:30:00+05:30,3559.5,3569.0,3559.5,3563.6,52192
2318,2025-03-11T12:45:00+05:30,3564.05,3565.7,3560.0,3563.0,45835
2319,2025-03-11T13:00:00+05:30,3563.6,3566.9,3558.35,3559.8,52240
2320,2025-03-11T13:15:00+05:30,3559.95,3566.95,3558.0,3564.05,40703
2321,2025-03-11T13:30:00+05:30,3565.15,3566.95,3560.35,3564.8,37777
2322,2025-03-11T13:45:00+05:30,3563.7,3568.95,3559.1,3559.9,59582
2323,2025-03-11T14:00:00+05:30,3559.9,3564.8,3556.0,3557.1,58165
2324,2025-03-11T14:15:00+05:30,3558.6,3564.0,3556.7,3560.25,37538
2325,2025-03-11T14:30:00+05:30,3560.25,3570.0,3559.1,3567.15,77843
2326,2025-03-11T14:45:00+05:30,3566.9,3577.95,3566.3,3576.45,73175
2327,2025-03-11T15:00:00+05:30,3576.45,3582.4,3570.9,3574.3,201166
2328,2025-03-11T15:15:00+05:30,3574.35,3585.0,3570.2,3585.0,147485
2329,2025-03-12T09:15:00+05:30,3568.85,3569.25,3510.9,3510.9,182820
2330,2025-03-12T09:30:00+05:30,3511.1,3511.3,3495.0,3500.95,175073
2331,2025-03-12T09:45:00+05:30,3500.9,3512.0,3496.1,3500.75,143607
2332,2025-03-12T10:00:00+05:30,3500.75,3505.0,3497.0,3500.85,91054
2333,2025-03-12T10:15:00+05:30,3500.85,3503.65,3490.3,3498.0,275030
2334,2025-03-12T10:30:00+05:30,3498.0,3502.1,3486.85,3499.7,284714
2335,2025-03-12T10:45:00+05:30,3499.0,3510.0,3497.05,3505.0,157679
2336,2025-03-12T11:00:00+05:30,3505.0,3514.0,3502.15,3505.0,98401
2337,2025-03-12T11:15:00+05:30,3505.5,3514.35,3500.4,3514.35,123456
2338,2025-03-12T11:30:00+05:30,3514.4,3514.95,3505.25,3505.25,60741
2339,2025-03-12T11:45:00+05:30,3505.35,3509.95,3496.8,3500.0,123458
2340,2025-03-12T12:00:00+05:30,3500.75,3505.8,3498.55,3500.35,48792
2341,2025-03-12T12:15:00+05:30,3500.35,3511.7,3498.0,3510.45,87660
2342,2025-03-12T12:30:00+05:30,3510.45,3514.4,3504.2,3505.35,41433
2343,2025-03-12T12:45:00+05:30,3505.5,3511.3,3501.4,3506.9,52248
2344,2025-03-12T13:00:00+05:30,3506.9,3506.9,3500.3,3504.75,40959
2345,2025-03-12T13:15:00+05:30,3504.75,3509.8,3495.0,3504.0,101716
2346,2025-03-12T13:30:00+05:30,3504.05,3505.0,3498.0,3501.75,79207
2347,2025-03-12T13:45:00+05:30,3501.2,3502.95,3498.0,3500.65,59919
2348,2025-03-12T14:00:00+05:30,3500.65,3502.95,3494.3,3498.75,78359
2349,2025-03-12T14:15:00+05:30,3498.75,3507.5,3498.2,3505.6,81654
2350,2025-03-12T14:30:00+05:30,3505.0,3512.0,3504.15,3509.0,117888
2351,2025-03-12T14:45:00+05:30,3509.0,3515.45,3506.95,3511.7,90231
2352,2025-03-12T15:00:00+05:30,3511.7,3512.5,3505.5,3507.85,278996
2353,2025-03-12T15:15:00+05:30,3508.35,3509.85,3497.6,3507.8,282063
2354,2025-03-13T09:15:00+05:30,3502.2,3524.3,3495.15,3504.0,172134
2355,2025-03-13T09:30:00+05:30,3504.35,3505.85,3485.0,3494.5,90310
2356,2025-03-13T09:45:00+05:30,3495.0,3500.0,3492.35,3498.55,49041
2357,2025-03-13T10:00:00+05:30,3498.55,3500.5,3494.2,3499.5,65228
2358,2025-03-13T10:15:00+05:30,3499.5,3500.0,3491.15,3496.6,43731
2359,2025-03-13T10:30:00+05:30,3496.6,3500.0,3495.0,3497.1,30997
2360,2025-03-13T10:45:00+05:30,3497.1,3499.5,3493.25,3494.75,30177
2361,2025-03-13T11:00:00+05:30,3494.75,3499.5,3493.65,3499.45,13531
2362,2025-03-13T11:15:00+05:30,3499.45,3499.5,3495.3,3497.05,15627
2363,2025-03-13T11:30:00+05:30,3497.1,3499.3,3485.1,3488.5,44308
2364,2025-03-13T11:45:00+05:30,3489.65,3494.0,3484.1,3493.95,48556
2365,2025-03-13T12:00:00+05:30,3493.95,3499.45,3492.6,3499.1,28348
2366,2025-03-13T12:15:00+05:30,3499.1,3499.5,3494.15,3499.0,25017
2367,2025-03-13T12:30:00+05:30,3498.55,3499.8,3495.15,3497.35,61409
2368,2025-03-13T12:45:00+05:30,3497.4,3500.0,3494.55,3499.5,40544
2369,2025-03-13T13:00:00+05:30,3499.5,3502.0,3498.25,3502.0,39143
2370,2025-03-13T13:15:00+05:30,3501.95,3508.75,3501.75,3504.0,135610
2371,2025-03-13T13:30:00+05:30,3504.0,3506.0,3502.7,3504.2,17993
2372,2025-03-13T13:45:00+05:30,3504.2,3505.0,3502.2,3503.0,17312
2373,2025-03-13T14:00:00+05:30,3503.0,3517.0,3503.0,3513.65,37403
2374,2025-03-13T14:15:00+05:30,3514.1,3516.0,3511.0,3512.85,86500
2375,2025-03-13T14:30:00+05:30,3513.0,3514.4,3505.85,3510.1,75190
2376,2025-03-13T14:45:00+05:30,3510.1,3515.0,3509.8,3511.75,69898
2377,2025-03-13T15:00:00+05:30,3511.75,3513.0,3506.55,3508.15,194229
2378,2025-03-13T15:15:00+05:30,3506.9,3517.0,3505.15,3509.05,235189
2379,2025-03-17T09:15:00+05:30,3491.35,3530.45,3489.0,3521.9,440331
2380,2025-03-17T09:30:00+05:30,3521.7,3526.95,3501.25,3502.85,160647
2381,2025-03-17T09:45:00+05:30,3502.85,3508.75,3487.4,3507.2,96521
2382,2025-03-17T10:00:00+05:30,3507.2,3511.95,3502.0,3503.15,66436
2383,2025-03-17T10:15:00+05:30,3503.1,3507.15,3496.5,3500.0,68534
2384,2025-03-17T10:30:00+05:30,3500.0,3500.1,3484.0,3492.95,68921
2385,2025-03-17T10:45:00+05:30,3492.65,3500.0,3491.95,3499.95,53078
2386,2025-03-17T11:00:00+05:30,3500.0,3500.75,3485.6,3487.2,72974
2387,2025-03-17T11:15:00+05:30,3487.15,3489.15,3478.55,3483.85,151625
2388,2025-03-17T11:30:00+05:30,3483.85,3493.2,3482.35,3489.1,92772
2389,2025-03-17T11:45:00+05:30,3489.1,3490.0,3482.25,3486.35,72552
2390,2025-03-17T12:00:00+05:30,3486.4,3494.9,3485.1,3492.85,61704
2391,2025-03-17T12:15:00+05:30,3493.95,3493.95,3484.2,3487.9,78699
2392,2025-03-17T12:30:00+05:30,3487.9,3488.0,3483.0,3485.55,48155
2393,2025-03-17T12:45:00+05:30,3485.65,3487.5,3478.7,3479.05,83568
2394,2025-03-17T13:00:00+05:30,3479.1,3486.0,3477.35,3483.85,66443
2395,2025-03-17T13:15:00+05:30,3483.9,3489.0,3482.1,3485.25,65654
2396,2025-03-17T13:30:00+05:30,3485.05,3489.0,3484.55,3488.55,45526
2397,2025-03-17T13:45:00+05:30,3488.1,3493.25,3486.1,3491.25,74414
2398,2025-03-17T14:00:00+05:30,3491.25,3495.25,3490.0,3493.15,55662
2399,2025-03-17T14:15:00+05:30,3493.15,3498.35,3492.0,3493.35,79804
2400,2025-03-17T14:30:00+05:30,3493.35,3502.0,3491.55,3491.8,89748
2401,2025-03-17T14:45:00+05:30,3492.0,3498.95,3491.55,3497.45,95224
2402,2025-03-17T15:00:00+05:30,3497.35,3499.4,3493.25,3498.55,159831
2403,2025-03-17T15:15:00+05:30,3498.5,3500.15,3497.45,3499.9,173784
2404,2025-03-18T09:15:00+05:30,3503.0,3513.0,3478.45,3507.6,542459
2405,2025-03-18T09:30:00+05:30,3507.95,3536.7,3507.2,3529.85,376630
2406,2025-03-18T09:45:00+05:30,3530.2,3536.0,3524.25,3533.65,93147
2407,2025-03-18T10:00:00+05:30,3533.45,3547.85,3532.05,3545.35,327751
2408,2025-03-18T10:15:00+05:30,3545.6,3549.0,3541.0,3549.0,79799
2409,2025-03-18T10:30:00+05:30,3548.35,3554.0,3533.4,3537.85,86629
2410,2025-03-18T10:45:00+05:30,3537.85,3539.0,3525.95,3528.7,53227
2411,2025-03-18T11:00:00+05:30,3528.7,3538.85,3525.05,3531.2,78375
2412,2025-03-18T11:15:00+05:30,3531.0,3535.0,3527.0,3527.85,79345
2413,2025-03-18T11:30:00+05:30,3527.85,3542.1,3527.0,3536.95,69498
2414,2025-03-18T11:45:00+05:30,3536.95,3545.0,3535.0,3543.85,50230
2415,2025-03-18T12:00:00+05:30,3543.55,3550.0,3543.55,3549.0,67925
2416,2025-03-18T12:15:00+05:30,3549.0,3549.0,3540.0,3541.8,47200
2417,2025-03-18T12:30:00+05:30,3541.85,3546.0,3535.3,3538.3,67568
2418,2025-03-18T12:45:00+05:30,3538.0,3543.95,3537.0,3543.6,51192
2419,2025-03-18T13:00:00+05:30,3543.95,3549.55,3543.55,3547.25,61969
2420,2025-03-18T13:15:00+05:30,3546.5,3550.0,3540.3,3542.45,69926
2421,2025-03-18T13:30:00+05:30,3542.4,3544.0,3539.1,3541.3,40530
2422,2025-03-18T13:45:00+05:30,3540.75,3543.95,3538.85,3540.6,36048
2423,2025-03-18T14:00:00+05:30,3540.75,3542.5,3537.0,3540.45,52086
2424,2025-03-18T14:15:00+05:30,3540.35,3545.1,3538.35,3545.0,62811
2425,2025-03-18T14:30:00+05:30,3544.8,3550.0,3544.4,3545.55,126599
2426,2025-03-18T14:45:00+05:30,3545.9,3554.25,3543.35,3550.15,131767
2427,2025-03-18T15:00:00+05:30,3550.3,3556.95,3548.5,3554.0,183372
2428,2025-03-18T15:15:00+05:30,3554.0,3554.9,3543.0,3545.65,152161
2429,2025-03-19T09:15:00+05:30,3545.65,3545.65,3466.35,3475.1,603496
2430,2025-03-19T09:30:00+05:30,3475.0,3489.9,3474.35,3487.85,145059
2431,2025-03-19T09:45:00+05:30,3487.85,3493.95,3480.25,3482.4,96911
2432,2025-03-19T10:00:00+05:30,3482.4,3486.0,3472.2,3477.5,130495
2433,2025-03-19T10:15:00+05:30,3477.5,3482.95,3474.35,3479.65,100641
2434,2025-03-19T10:30:00+05:30,3479.8,3480.0,3475.35,3476.95,89568
2435,2025-03-19T10:45:00+05:30,3476.95,3479.5,3471.4,3478.0,113979
2436,2025-03-19T11:00:00+05:30,3478.0,3478.1,3474.0,3476.65,63248
2437,2025-03-19T11:15:00+05:30,3476.65,3478.9,3476.1,3476.35,50673
2438,2025-03-19T11:30:00+05:30,3476.3,3477.5,3474.4,3476.6,53681
2439,2025-03-19T11:45:00+05:30,3476.6,3478.05,3473.0,3476.7,59892
2440,2025-03-19T12:00:00+05:30,3476.7,3477.55,3462.75,3464.8,147419
2441,2025-03-19T12:15:00+05:30,3464.8,3469.95,3464.55,3469.75,78359
2442,2025-03-19T12:30:00+05:30,3469.7,3473.6,3469.2,3471.55,56151
2443,2025-03-19T12:45:00+05:30,3470.95,3477.0,3470.6,3475.05,89101
2444,2025-03-19T13:00:00+05:30,3475.05,3475.1,3471.0,3474.15,69322
2445,2025-03-19T13:15:00+05:30,3474.55,3487.0,3474.1,3481.4,127362
2446,2025-03-19T13:30:00+05:30,3482.05,3487.0,3481.4,3483.75,66517
2447,2025-03-19T13:45:00+05:30,3483.75,3486.05,3480.0,3486.05,41261
2448,2025-03-19T14:00:00+05:30,3486.05,3487.6,3483.5,3486.2,58486
2449,2025-03-19T14:15:00+05:30,3486.0,3497.8,3485.35,3497.7,99623
2450,2025-03-19T14:30:00+05:30,3497.75,3504.4,3496.7,3501.15,120095
2451,2025-03-19T14:45:00+05:30,3501.15,3504.4,3498.0,3498.4,88905
2452,2025-03-19T15:00:00+05:30,3499.0,3499.0,3493.05,3496.25,214605
2453,2025-03-19T15:15:00+05:30,3496.1,3506.5,3495.0,3505.0,249807
2454,2025-03-20T09:15:00+05:30,3513.4,3576.9,3513.4,3572.0,329886
2455,2025-03-20T09:30:00+05:30,3571.95,3573.75,3557.85,3573.55,153256
2456,2025-03-20T09:45:00+05:30,3573.75,3578.95,3552.4,3560.5,163883
2457,2025-03-20T10:00:00+05:30,3561.0,3561.55,3531.75,3534.95,194559
2458,2025-03-20T10:15:00+05:30,3534.95,3563.2,3534.0,3560.15,121552
2459,2025-03-20T10:30:00+05:30,3560.85,3567.7,3558.4,3563.55,70776
2460,2025-03-20T10:45:00+05:30,3563.3,3568.7,3558.55,3565.5,56222
2461,2025-03-20T11:00:00+05:30,3566.0,3569.0,3563.0,3566.7,53224
2462,2025-03-20T11:15:00+05:30,3566.85,3571.0,3565.0,3569.6,59312
2463,2025-03-20T11:30:00+05:30,3569.5,3571.4,3566.0,3570.95,46186
2464,2025-03-20T11:45:00+05:30,3570.95,3572.0,3565.15,3566.1,52986
2465,2025-03-20T12:00:00+05:30,3566.1,3568.45,3561.0,3561.65,49533
2466,2025-03-20T12:15:00+05:30,3561.95,3564.9,3560.55,3562.45,60389
2467,2025-03-20T12:30:00+05:30,3562.45,3565.1,3561.1,3564.75,45513
2468,2025-03-20T12:45:00+05:30,3564.75,3572.8,3563.2,3570.0,69561
2469,2025-03-20T13:00:00+05:30,3570.0,3570.45,3562.0,3567.95,65134
2470,2025-03-20T13:15:00+05:30,3568.75,3571.9,3563.0,3564.2,61885
2471,2025-03-20T13:30:00+05:30,3564.4,3570.95,3563.15,3564.4,70859
2472,2025-03-20T13:45:00+05:30,3564.95,3566.7,3563.0,3564.2,54537
2473,2025-03-20T14:00:00+05:30,3564.3,3567.0,3560.6,3564.8,67483
2474,2025-03-20T14:15:00+05:30,3565.0,3565.65,3557.05,3564.55,111531
2475,2025-03-20T14:30:00+05:30,3564.8,3568.3,3561.05,3562.0,85855
2476,2025-03-20T14:45:00+05:30,3562.5,3564.5,3550.1,3560.45,186625
2477,2025-03-20T15:00:00+05:30,3559.9,3570.15,3556.7,3561.3,348982
2478,2025-03-20T15:15:00+05:30,3561.5,3566.0,3553.55,3556.5,250909
2479,2025-03-21T09:15:00+05:30,3483.0,3530.5,3465.0,3526.85,879539
2480,2025-03-21T09:30:00+05:30,3526.15,3568.45,3521.5,3567.65,298698
2481,2025-03-21T09:45:00+05:30,3567.55,3592.15,3556.75,3587.0,172294
2482,2025-03-21T10:00:00+05:30,3587.0,3592.0,3570.1,3570.9,128070
2483,2025-03-21T10:15:00+05:30,3570.7,3585.0,3565.15,3584.4,60033
2484,2025-03-21T10:30:00+05:30,3584.3,3591.0,3580.2,3582.0,86512
2485,2025-03-21T10:45:00+05:30,3582.2,3596.75,3582.0,3588.2,99063
2486,2025-03-21T11:00:00+05:30,3588.2,3594.5,3585.45,3588.2,54091
2487,2025-03-21T11:15:00+05:30,3588.45,3605.55,3588.0,3599.25,79180
2488,2025-03-21T11:30:00+05:30,3599.4,3601.55,3589.5,3594.5,48224
2489,2025-03-21T11:45:00+05:30,3593.85,3597.15,3589.35,3593.45,35171
2490,2025-03-21T12:00:00+05:30,3593.45,3595.1,3588.8,3590.1,37706
2491,2025-03-21T12:15:00+05:30,3590.1,3609.2,3585.1,3608.8,78766
2492,2025-03-21T12:30:00+05:30,3609.0,3616.25,3604.0,3608.95,95679
2493,2025-03-21T12:45:00+05:30,3608.8,3610.0,3602.05,3605.15,55270
2494,2025-03-21T13:00:00+05:30,3605.15,3609.5,3600.0,3601.45,62265
2495,2025-03-21T13:15:00+05:30,3601.8,3602.45,3595.25,3597.2,72206
2496,2025-03-21T13:30:00+05:30,3597.8,3598.25,3584.0,3590.7,82991
2497,2025-03-21T13:45:00+05:30,3590.35,3590.35,3572.0,3582.55,92280
2498,2025-03-21T14:00:00+05:30,3581.9,3594.9,3580.15,3593.0,114338
2499,2025-03-21T14:15:00+05:30,3593.0,3602.0,3590.65,3601.3,132178
2500,2025-03-21T14:30:00+05:30,3600.95,3601.4,3594.0,3595.4,81362
2501,2025-03-21T14:45:00+05:30,3595.4,3595.4,3586.15,3588.45,90956
2502,2025-03-21T15:00:00+05:30,3587.65,3589.55,3575.1,3578.0,660071
2503,2025-03-21T15:15:00+05:30,3578.15,3578.8,3572.2,3578.0,500784
2504,2025-03-24T09:15:00+05:30,3595.95,3610.55,3578.1,3581.95,192810
2505,2025-03-24T09:30:00+05:30,3581.8,3590.05,3566.6,3579.65,107300
2506,2025-03-24T09:45:00+05:30,3578.75,3596.5,3578.45,3595.0,62158
2507,2025-03-24T10:00:00+05:30,3594.95,3609.0,3592.25,3606.35,78621
2508,2025-03-24T10:15:00+05:30,3606.35,3610.0,3600.0,3605.95,72083
2509,2025-03-24T10:30:00+05:30,3605.95,3606.0,3595.05,3597.2,48683
2510,2025-03-24T10:45:00+05:30,3597.2,3606.8,3597.2,3605.6,49179
2511,2025-03-24T11:00:00+05:30,3606.75,3609.6,3601.0,3603.3,43597
2512,2025-03-24T11:15:00+05:30,3603.3,3609.9,3600.5,3609.9,43924
2513,2025-03-24T11:30:00+05:30,3609.8,3611.0,3592.9,3595.8,60472
2514,2025-03-24T11:45:00+05:30,3595.8,3603.0,3595.75,3602.3,40370
2515,2025-03-24T12:00:00+05:30,3603.0,3603.0,3600.0,3601.1,34943
2516,2025-03-24T12:15:00+05:30,3600.2,3606.5,3600.2,3606.5,44607
2517,2025-03-24T12:30:00+05:30,3606.5,3608.3,3603.55,3607.75,45595
2518,2025-03-24T12:45:00+05:30,3608.4,3620.0,3607.55,3620.0,70630
2519,2025-03-24T13:00:00+05:30,3619.95,3639.6,3618.0,3639.0,99301
2520,2025-03-24T13:15:00+05:30,3638.3,3642.7,3631.25,3637.9,67446
2521,2025-03-24T13:30:00+05:30,3637.9,3641.7,3635.0,3638.05,51528
2522,2025-03-24T13:45:00+05:30,3638.45,3640.1,3630.2,3640.1,48341
2523,2025-03-24T14:00:00+05:30,3640.1,3648.95,3636.95,3646.75,74437
2524,2025-03-24T14:15:00+05:30,3646.75,3649.75,3638.1,3639.9,75761
2525,2025-03-24T14:30:00+05:30,3638.65,3643.3,3636.1,3640.75,74237
2526,2025-03-24T14:45:00+05:30,3640.75,3642.55,3634.0,3636.8,72191
2527,2025-03-24T15:00:00+05:30,3636.0,3636.9,3623.8,3629.5,137944
2528,2025-03-24T15:15:00+05:30,3629.7,3634.0,3626.0,3633.0,119034
2529,2025-03-25T09:15:00+05:30,3645.95,3694.0,3645.0,3690.35,493612
2530,2025-03-25T09:30:00+05:30,3689.1,3698.0,3683.25,3696.65,248096
2531,2025-03-25T09:45:00+05:30,3696.55,3710.0,3692.05,3705.1,224999
2532,2025-03-25T10:00:00+05:30,3705.05,3707.5,3675.0,3675.95,133119
2533,2025-03-25T10:15:00+05:30,3675.1,3693.15,3672.1,3685.1,121278
2534,2025-03-25T10:30:00+05:30,3685.1,3686.15,3650.0,3664.7,140700
2535,2025-03-25T10:45:00+05:30,3664.8,3665.0,3638.0,3657.3,77210
2536,2025-03-25T11:00:00+05:30,3656.75,3663.6,3650.0,3660.8,116923
2537,2025-03-25T11:15:00+05:30,3660.0,3670.0,3655.0,3659.0,101424
2538,2025-03-25T11:30:00+05:30,3659.5,3665.0,3654.0,3658.0,38640
2539,2025-03-25T11:45:00+05:30,3657.7,3672.25,3655.2,3672.0,45920
2540,2025-03-25T12:00:00+05:30,3671.95,3678.05,3669.0,3673.0,62883
2541,2025-03-25T12:15:00+05:30,3673.15,3679.7,3670.55,3678.25,45826
2542,2025-03-25T12:30:00+05:30,3679.0,3684.9,3675.85,3682.55,51934
2543,2025-03-25T12:45:00+05:30,3682.55,3686.0,3673.3,3674.85,58581
2544,2025-03-25T13:00:00+05:30,3675.45,3675.75,3665.0,3666.05,52475
2545,2025-03-25T13:15:00+05:30,3666.1,3672.85,3660.35,3668.5,48068
2546,2025-03-25T13:30:00+05:30,3668.5,3681.75,3666.35,3678.05,55214
2547,2025-03-25T13:45:00+05:30,3678.05,3678.8,3674.0,3677.75,33761
2548,2025-03-25T14:00:00+05:30,3677.85,3678.1,3671.05,3672.95,52286
2549,2025-03-25T14:15:00+05:30,3672.9,3675.45,3667.05,3669.5,67575
2550,2025-03-25T14:30:00+05:30,3669.5,3674.45,3666.15,3670.1,84346
2551,2025-03-25T14:45:00+05:30,3670.1,3679.2,3664.15,3671.9,143471
2552,2025-03-25T15:00:00+05:30,3671.95,3672.0,3656.3,3661.65,333774
2553,2025-03-25T15:15:00+05:30,3661.7,3661.85,3638.55,3641.0,280111
2554,2025-03-26T09:15:00+05:30,3647.25,3672.95,3640.05,3656.5,133862
2555,2025-03-26T09:30:00+05:30,3656.5,3665.0,3654.0,3656.65,61115
2556,2025-03-26T09:45:00+05:30,3656.65,3664.65,3646.05,3659.95,68676
2557,2025-03-26T10:00:00+05:30,3660.7,3664.95,3653.45,3661.65,34115
2558,2025-03-26T10:15:00+05:30,3661.65,3668.0,3660.05,3662.45,37666
2559,2025-03-26T10:30:00+05:30,3661.9,3668.0,3656.35,3667.2,45791
2560,2025-03-26T10:45:00+05:30,3667.5,3680.5,3666.1,3673.25,117540
2561,2025-03-26T11:00:00+05:30,3673.1,3674.05,3660.7,3665.15,53441
2562,2025-03-26T11:15:00+05:30,3664.45,3668.0,3658.0,3664.5,38209
2563,2025-03-26T11:30:00+05:30,3664.15,3667.35,3662.2,3665.05,25861
2564,2025-03-26T11:45:00+05:30,3665.6,3668.0,3658.0,3660.0,94068
2565,2025-03-26T12:00:00+05:30,3660.0,3666.65,3656.65,3663.2,55866
2566,2025-03-26T12:15:00+05:30,3663.25,3670.0,3661.0,3668.7,27741
2567,2025-03-26T12:30:00+05:30,3669.0,3671.4,3667.0,3670.4,22954
2568,2025-03-26T12:45:00+05:30,3670.5,3673.95,3667.4,3668.8,28004
2569,2025-03-26T13:00:00+05:30,3668.8,3669.65,3661.45,3661.95,36033
2570,2025-03-26T13:15:00+05:30,3661.95,3665.7,3660.85,3662.0,38692
2571,2025-03-26T13:30:00+05:30,3662.0,3663.8,3650.2,3650.5,62311
2572,2025-03-26T13:45:00+05:30,3651.0,3654.3,3647.7,3654.1,62385
2573,2025-03-26T14:00:00+05:30,3654.5,3665.7,3654.2,3663.95,69288
2574,2025-03-26T14:15:00+05:30,3664.25,3664.25,3658.05,3661.0,78223
2575,2025-03-26T14:30:00+05:30,3661.05,3662.0,3652.35,3657.8,77029
2576,2025-03-26T14:45:00+05:30,3658.2,3661.75,3637.8,3643.3,123845
2577,2025-03-26T15:00:00+05:30,3642.65,3643.5,3633.85,3638.45,159142
2578,2025-03-26T15:15:00+05:30,3638.45,3638.45,3625.85,3630.55,170862
2579,2025-03-27T09:15:00+05:30,3614.9,3649.8,3610.5,3649.8,169241
2580,2025-03-27T09:30:00+05:30,3649.7,3650.05,3626.0,3648.7,58329
2581,2025-03-27T09:45:00+05:30,3648.2,3651.65,3638.4,3650.0,39978
2582,2025-03-27T10:00:00+05:30,3650.0,3657.65,3647.5,3649.0,43360
2583,2025-03-27T10:15:00+05:30,3648.1,3652.8,3642.35,3648.95,32423
2584,2025-03-27T10:30:00+05:30,3648.65,3652.85,3631.0,3640.65,30069
2585,2025-03-27T10:45:00+05:30,3640.65,3642.8,3635.65,3636.0,11776
2586,2025-03-27T11:00:00+05:30,3636.0,3647.15,3635.85,3639.0,62332
2587,2025-03-27T11:15:00+05:30,3639.0,3644.65,3638.05,3641.85,45794
2588,2025-03-27T11:30:00+05:30,3641.9,3649.95,3640.0,3649.95,18484
2589,2025-03-27T11:45:00+05:30,3649.9,3649.95,3640.9,3645.95,34200
2590,2025-03-27T12:00:00+05:30,3645.95,3653.95,3641.8,3653.85,93411
2591,2025-03-27T12:15:00+05:30,3654.0,3659.15,3650.75,3650.75,80129
2592,2025-03-27T12:30:00+05:30,3650.95,3655.45,3647.2,3651.65,31130
2593,2025-03-27T12:45:00+05:30,3653.2,3658.55,3651.0,3653.45,53685
2594,2025-03-27T13:00:00+05:30,3653.45,3655.0,3648.5,3653.95,60698
2595,2025-03-27T13:15:00+05:30,3653.95,3656.1,3649.15,3655.4,69275
2596,2025-03-27T13:30:00+05:30,3655.35,3660.0,3653.8,3657.3,45075
2597,2025-03-27T13:45:00+05:30,3657.55,3659.3,3653.0,3654.95,75911
2598,2025-03-27T14:00:00+05:30,3654.95,3658.45,3652.7,3657.25,109550
2599,2025-03-27T14:15:00+05:30,3657.15,3657.65,3652.6,3655.2,78419
2600,2025-03-27T14:30:00+05:30,3655.2,3657.0,3645.0,3648.5,130609
2601,2025-03-27T14:45:00+05:30,3649.5,3650.05,3637.5,3645.75,80058
2602,2025-03-27T15:00:00+05:30,3647.05,3663.0,3642.55,3651.05,592788
2603,2025-03-27T15:15:00+05:30,3651.1,3663.0,3639.6,3645.0,469468
2604,2025-03-28T09:15:00+05:30,3651.2,3660.95,3616.85,3618.05,115408
2605,2025-03-28T09:30:00+05:30,3617.5,3624.9,3611.0,3614.25,70005
2606,2025-03-28T09:45:00+05:30,3614.25,3618.95,3605.0,3616.1,77829
2607,2025-03-28T10:00:00+05:30,3615.25,3616.7,3603.05,3604.25,46035
2608,2025-03-28T10:15:00+05:30,3604.25,3615.0,3601.15,3608.25,43445
2609,2025-03-28T10:30:00+05:30,3609.2,3624.95,3608.0,3621.45,79497
2610,2025-03-28T10:45:00+05:30,3622.1,3632.0,3621.05,3626.05,98976
2611,2025-03-28T11:00:00+05:30,3626.7,3631.0,3626.05,3630.0,40966
2612,2025-03-28T11:15:00+05:30,3629.1,3631.0,3622.05,3627.1,68567
2613,2025-03-28T11:30:00+05:30,3627.95,3635.55,3626.95,3630.9,56982
2614,2025-03-28T11:45:00+05:30,3631.35,3631.35,3619.75,3619.75,57141
2615,2025-03-28T12:00:00+05:30,3620.05,3624.4,3618.1,3620.45,35758
2616,2025-03-28T12:15:00+05:30,3620.6,3622.3,3616.0,3616.4,23858
2617,2025-03-28T12:30:00+05:30,3616.4,3616.5,3605.0,3605.0,42985
2618,2025-03-28T12:45:00+05:30,3605.05,3610.45,3603.0,3610.15,29449
2619,2025-03-28T13:00:00+05:30,3610.15,3611.65,3605.4,3607.65,37078
2620,2025-03-28T13:15:00+05:30,3607.8,3607.8,3603.05,3604.0,23795
2621,2025-03-28T13:30:00+05:30,3603.2,3609.95,3602.4,3603.0,34925
2622,2025-03-28T13:45:00+05:30,3603.0,3605.0,3596.5,3600.7,80044
2623,2025-03-28T14:00:00+05:30,3600.8,3604.55,3596.4,3603.45,77159
2624,2025-03-28T14:15:00+05:30,3603.05,3615.75,3601.85,3615.75,84700
2625,2025-03-28T14:30:00+05:30,3615.75,3616.2,3608.0,3614.5,107148
2626,2025-03-28T14:45:00+05:30,3614.5,3617.95,3610.0,3613.3,105259
2627,2025-03-28T15:00:00+05:30,3613.0,3616.0,3605.8,3607.05,301145
2628,2025-03-28T15:15:00+05:30,3607.05,3608.1,3591.9,3604.0,301846
2629,2025-04-01T09:15:00+05:30,3572.15,3584.0,3536.15,3550.0,299963
2630,2025-04-01T09:30:00+05:30,3550.0,3581.95,3549.45,3575.0,132558
2631,2025-04-01T09:45:00+05:30,3575.0,3576.0,3547.65,3552.15,83511
2632,2025-04-01T10:00:00+05:30,3552.15,3554.75,3545.0,3552.75,72207
2633,2025-04-01T10:15:00+05:30,3552.6,3557.35,3525.0,3531.3,121291
2634,2025-04-01T10:30:00+05:30,3531.3,3544.6,3529.0,3541.15,131042
2635,2025-04-01T10:45:00+05:30,3541.2,3544.5,3526.05,3535.0,159219
2636,2025-04-01T11:00:00+05:30,3535.0,3538.05,3530.1,3532.3,64379
2637,2025-04-01T11:15:00+05:30,3533.0,3538.4,3530.3,3537.45,83200
2638,2025-04-01T11:30:00+05:30,3537.45,3543.7,3535.2,3537.35,68059
2639,2025-04-01T11:45:00+05:30,3537.35,3537.4,3531.0,3536.65,35968
2640,2025-04-01T12:00:00+05:30,3536.65,3540.0,3532.0,3538.6,99860
2641,2025-04-01T12:15:00+05:30,3538.85,3549.2,3538.25,3546.25,56536
2642,2025-04-01T12:30:00+05:30,3546.3,3554.1,3546.3,3550.0,38384
2643,2025-04-01T12:45:00+05:30,3550.0,3554.6,3546.8,3547.75,32364
2644,2025-04-01T13:00:00+05:30,3548.0,3552.0,3544.2,3548.05,35682
2645,2025-04-01T13:15:00+05:30,3547.95,3548.55,3536.4,3539.3,47398
2646,2025-04-01T13:30:00+05:30,3539.3,3548.0,3535.05,3545.8,62090
2647,2025-04-01T13:45:00+05:30,3545.8,3546.9,3540.6,3543.3,31636
2648,2025-04-01T14:00:00+05:30,3543.2,3559.25,3538.05,3550.7,74804
2649,2025-04-01T14:15:00+05:30,3550.5,3552.95,3547.4,3550.3,50025
2650,2025-04-01T14:30:00+05:30,3550.3,3552.95,3546.45,3548.15,181898
2651,2025-04-01T14:45:00+05:30,3548.95,3553.6,3546.3,3549.6,142663
2652,2025-04-01T15:00:00+05:30,3549.7,3559.95,3547.95,3550.0,213229
2653,2025-04-01T15:15:00+05:30,3549.95,3556.45,3546.0,3556.45,226918
2654,2025-04-02T09:15:00+05:30,3543.0,3561.0,3532.5,3549.6,158168
2655,2025-04-02T09:30:00+05:30,3549.6,3560.0,3541.1,3541.85,48439
2656,2025-04-02T09:45:00+05:30,3541.1,3544.95,3530.05,3541.0,43559
2657,2025-04-02T10:00:00+05:30,3541.45,3542.4,3535.05,3536.2,27894
2658,2025-04-02T10:15:00+05:30,3536.2,3539.55,3532.75,3537.5,21325
2659,2025-04-02T10:30:00+05:30,3537.65,3544.5,3534.35,3539.25,47605
2660,2025-04-02T10:45:00+05:30,3540.0,3547.9,3539.0,3545.95,131252
2661,2025-04-02T11:00:00+05:30,3546.0,3550.1,3544.9,3545.3,53181
2662,2025-04-02T11:15:00+05:30,3545.2,3546.0,3536.0,3545.8,90253
2663,2025-04-02T11:30:00+05:30,3545.8,3555.1,3545.0,3545.8,59148
2664,2025-04-02T11:45:00+05:30,3546.0,3547.9,3540.0,3545.5,36827
2665,2025-04-02T12:00:00+05:30,3545.85,3551.7,3545.0,3548.0,30223
2666,2025-04-02T12:15:00+05:30,3548.05,3564.1,3547.05,3558.35,51547
2667,2025-04-02T12:30:00+05:30,3558.7,3561.75,3551.8,3553.6,63846
2668,2025-04-02T12:45:00+05:30,3553.6,3559.0,3545.2,3546.45,67029
2669,2025-04-02T13:00:00+05:30,3546.45,3554.05,3542.05,3553.65,50760
2670,2025-04-02T13:15:00+05:30,3553.7,3556.8,3553.5,3556.05,35802
2671,2025-04-02T13:30:00+05:30,3556.3,3557.7,3550.0,3555.1,74476
2672,2025-04-02T13:45:00+05:30,3555.9,3556.3,3541.05,3546.05,69814
2673,2025-04-02T14:00:00+05:30,3546.1,3550.05,3542.35,3544.65,56431
2674,2025-04-02T14:15:00+05:30,3545.4,3550.05,3544.6,3545.8,34453
2675,2025-04-02T14:30:00+05:30,3545.8,3554.95,3545.1,3547.95,47909
2676,2025-04-02T14:45:00+05:30,3549.4,3553.8,3544.55,3552.6,73265
2677,2025-04-02T15:00:00+05:30,3553.0,3557.8,3545.05,3545.45,152565
2678,2025-04-02T15:15:00+05:30,3545.45,3545.5,3534.0,3545.0,229047
2679,2025-04-03T09:15:00+05:30,3492.0,3502.0,3450.0,3459.6,388800
2680,2025-04-03T09:30:00+05:30,3459.6,3463.0,3446.05,3449.6,183869
2681,2025-04-03T09:45:00+05:30,3449.65,3450.4,3425.0,3437.65,201740
2682,2025-04-03T10:00:00+05:30,3437.65,3446.4,3428.0,3445.8,115588
2683,2025-04-03T10:15:00+05:30,3446.1,3446.55,3432.35,3444.5,80168
2684,2025-04-03T10:30:00+05:30,3444.45,3447.7,3439.4,3440.3,87454
2685,2025-04-03T10:45:00+05:30,3440.2,3445.0,3434.0,3435.55,97713
2686,2025-04-03T11:00:00+05:30,3435.55,3438.15,3425.65,3430.15,135100
2687,2025-04-03T11:15:00+05:30,3430.15,3430.4,3416.0,3425.0,141240
2688,2025-04-03T11:30:00+05:30,3426.0,3427.0,3416.0,3424.95,110571
2689,2025-04-03T11:45:00+05:30,3424.9,3424.9,3417.35,3419.45,45177
2690,2025-04-03T12:00:00+05:30,3419.4,3421.35,3418.0,3420.15,46369
2691,2025-04-03T12:15:00+05:30,3420.1,3423.3,3411.0,3412.35,152280
2692,2025-04-03T12:30:00+05:30,3412.35,3412.9,3404.0,3405.4,118347
2693,2025-04-03T12:45:00+05:30,3405.4,3405.65,3396.15,3404.4,243638
2694,2025-04-03T13:00:00+05:30,3404.4,3414.1,3402.0,3405.45,115156
2695,2025-04-03T13:15:00+05:30,3405.45,3414.75,3405.0,3413.05,65946
2696,2025-04-03T13:30:00+05:30,3413.15,3422.0,3413.0,3418.0,126653
2697,2025-04-03T13:45:00+05:30,3418.0,3421.0,3417.0,3419.85,84468
2698,2025-04-03T14:00:00+05:30,3419.85,3426.55,3417.0,3425.05,152779
2699,2025-04-03T14:15:00+05:30,3425.05,3427.9,3420.5,3424.0,172695
2700,2025-04-03T14:30:00+05:30,3424.0,3426.6,3418.25,3421.15,131147
2701,2025-04-03T14:45:00+05:30,3421.15,3421.35,3401.2,3403.4,581673
2702,2025-04-03T15:00:00+05:30,3403.4,3406.85,3400.2,3404.55,391582
2703,2025-04-03T15:15:00+05:30,3404.6,3405.2,3401.05,3403.3,508984
2704,2025-04-04T09:15:00+05:30,3362.5,3399.65,3337.95,3366.7,421242
2705,2025-04-04T09:30:00+05:30,3366.9,3374.1,3351.65,3353.0,203053
2706,2025-04-04T09:45:00+05:30,3352.7,3358.4,3345.05,3346.0,92039
2707,2025-04-04T10:00:00+05:30,3346.25,3347.0,3333.05,3334.0,115502
2708,2025-04-04T10:15:00+05:30,3334.0,3336.05,3323.2,3329.05,184588
2709,2025-04-04T10:30:00+05:30,3329.05,3330.0,3320.0,3321.65,255313
2710,2025-04-04T10:45:00+05:30,3321.45,3321.7,3312.8,3316.65,175957
2711,2025-04-04T11:00:00+05:30,3316.65,3323.4,3315.0,3316.3,107417
2712,2025-04-04T11:15:00+05:30,3316.3,3317.55,3307.75,3313.3,163165
2713,2025-04-04T11:30:00+05:30,3313.3,3324.4,3313.1,3321.0,122436
2714,2025-04-04T11:45:00+05:30,3321.15,3326.2,3314.0,3323.35,114703
2715,2025-04-04T12:00:00+05:30,3323.35,3324.3,3318.7,3323.35,126284
2716,2025-04-04T12:15:00+05:30,3323.35,3326.0,3319.85,3323.75,152600
2717,2025-04-04T12:30:00+05:30,3323.8,3323.8,3317.0,3317.5,125726
2718,2025-04-04T12:45:00+05:30,3317.5,3322.45,3315.3,3320.1,150035
2719,2025-04-04T13:00:00+05:30,3320.1,3330.95,3317.4,3326.25,280051
2720,2025-04-04T13:15:00+05:30,3326.25,3330.0,3323.8,3324.05,175935
2721,2025-04-04T13:30:00+05:30,3324.0,3324.8,3315.0,3317.0,145905
2722,2025-04-04T13:45:00+05:30,3317.05,3319.8,3308.0,3308.4,135561
2723,2025-04-04T14:00:00+05:30,3308.4,3308.4,3302.0,3303.35,132316
2724,2025-04-04T14:15:00+05:30,3303.35,3307.75,3301.35,3303.0,162746
2725,2025-04-04T14:30:00+05:30,3303.0,3303.0,3295.5,3296.8,196333
2726,2025-04-04T14:45:00+05:30,3297.05,3300.9,3296.0,3298.45,205304
2727,2025-04-04T15:00:00+05:30,3298.45,3304.0,3298.4,3299.8,798470
2728,2025-04-04T15:15:00+05:30,3299.8,3307.7,3297.35,3304.85,547990
2729,2025-04-07T09:15:00+05:30,3101.0,3143.65,3056.05,3135.65,1100342
2730,2025-04-07T09:30:00+05:30,3135.65,3149.8,3127.4,3138.75,402034
2731,2025-04-07T09:45:00+05:30,3138.25,3139.75,3129.25,3132.0,173943
2732,2025-04-07T10:00:00+05:30,3131.75,3138.85,3125.35,3132.45,179961
2733,2025-04-07T10:15:00+05:30,3132.45,3139.95,3130.3,3135.0,205591
2734,2025-04-07T10:30:00+05:30,3135.35,3147.0,3134.3,3145.6,277504
2735,2025-04-07T10:45:00+05:30,3145.35,3152.9,3136.15,3146.5,372346
2736,2025-04-07T11:00:00+05:30,3147.0,3157.7,3145.45,3154.6,220754
2737,2025-04-07T11:15:00+05:30,3154.6,3166.05,3149.1,3166.0,152416
2738,2025-04-07T11:30:00+05:30,3165.85,3184.95,3163.15,3178.85,213459
2739,2025-04-07T11:45:00+05:30,3178.8,3184.7,3160.4,3164.95,223909
2740,2025-04-07T12:00:00+05:30,3164.85,3172.0,3160.2,3160.6,212465
2741,2025-04-07T12:15:00+05:30,3161.2,3168.8,3158.05,3164.85,361851
2742,2025-04-07T12:30:00+05:30,3164.85,3173.75,3164.25,3167.95,370525
2743,2025-04-07T12:45:00+05:30,3168.0,3174.45,3166.9,3170.15,134616
2744,2025-04-07T13:00:00+05:30,3170.15,3173.8,3165.65,3168.8,128497
2745,2025-04-07T13:15:00+05:30,3168.85,3175.15,3167.05,3171.85,136163
2746,2025-04-07T13:30:00+05:30,3171.85,3182.7,3170.75,3180.0,129457
2747,2025-04-07T13:45:00+05:30,3180.0,3214.3,3179.25,3208.05,127433
2748,2025-04-07T14:00:00+05:30,3209.45,3230.0,3207.95,3229.0,172046
2749,2025-04-07T14:15:00+05:30,3228.1,3246.3,3225.05,3237.4,145564
2750,2025-04-07T14:30:00+05:30,3237.4,3249.8,3234.95,3240.0,188673
2751,2025-04-07T14:45:00+05:30,3239.95,3253.7,3236.0,3252.65,159930
2752,2025-04-07T15:00:00+05:30,3252.65,3286.9,3248.0,3282.15,503314
2753,2025-04-07T15:15:00+05:30,3282.1,3291.4,3270.2,3285.0,269921
2754,2025-04-08T09:15:00+05:30,3302.05,3338.0,3255.3,3265.75,822772
2755,2025-04-08T09:30:00+05:30,3266.15,3295.85,3261.25,3289.5,311570
2756,2025-04-08T09:45:00+05:30,3289.1,3296.65,3283.0,3291.75,228875
2757,2025-04-08T10:00:00+05:30,3291.55,3293.3,3273.3,3276.3,353550
2758,2025-04-08T10:15:00+05:30,3275.3,3284.6,3275.15,3280.4,128961
2759,2025-04-08T10:30:00+05:30,3280.4,3283.1,3272.45,3274.95,451824
2760,2025-04-08T10:45:00+05:30,3274.95,3295.0,3274.0,3287.55,124079
2761,2025-04-08T11:00:00+05:30,3287.55,3314.0,3286.55,3297.35,183386
2762,2025-04-08T11:15:00+05:30,3297.55,3298.35,3278.7,3284.95,144053
2763,2025-04-08T11:30:00+05:30,3284.95,3286.85,3276.15,3277.3,121631
2764,2025-04-08T11:45:00+05:30,3277.3,3292.0,3276.55,3284.25,166522
2765,2025-04-08T12:00:00+05:30,3284.25,3316.6,3283.15,3315.0,101548
2766,2025-04-08T12:15:00+05:30,3315.0,3327.0,3308.75,3323.45,171017
2767,2025-04-08T12:30:00+05:30,3323.55,3336.65,3320.0,3325.0,117701
2768,2025-04-08T12:45:00+05:30,3325.0,3341.45,3320.05,3340.85,91798
2769,2025-04-08T13:00:00+05:30,3340.95,3344.4,3330.0,3342.9,117403
2770,2025-04-08T13:15:00+05:30,3342.9,3348.0,3337.05,3347.2,105578
2771,2025-04-08T13:30:00+05:30,3347.2,3349.0,3307.85,3318.5,109191
2772,2025-04-08T13:45:00+05:30,3319.4,3322.65,3291.6,3317.55,160472
2773,2025-04-08T14:00:00+05:30,3317.55,3327.0,3308.6,3313.15,122998
2774,2025-04-08T14:15:00+05:30,3313.15,3318.35,3311.0,3312.55,129271
2775,2025-04-08T14:30:00+05:30,3313.5,3314.0,3300.0,3300.1,167415
2776,2025-04-08T14:45:00+05:30,3300.05,3305.0,3292.0,3298.7,154609
2777,2025-04-08T15:00:00+05:30,3298.65,3300.0,3289.35,3294.0,393950
2778,2025-04-08T15:15:00+05:30,3294.0,3294.05,3288.0,3292.8,516301
2779,2025-04-09T09:15:00+05:30,3260.6,3263.4,3212.05,3244.6,254260
2780,2025-04-09T09:30:00+05:30,3244.6,3248.95,3232.6,3247.4,127904
2781,2025-04-09T09:45:00+05:30,3247.4,3248.8,3236.35,3240.05,183716
2782,2025-04-09T10:00:00+05:30,3240.0,3252.0,3237.15,3240.0,98087
2783,2025-04-09T10:15:00+05:30,3240.0,3242.85,3235.0,3241.1,218848
2784,2025-04-09T10:30:00+05:30,3241.4,3249.7,3239.55,3246.35,84355
2785,2025-04-09T10:45:00+05:30,3246.3,3248.55,3240.35,3241.75,42542
2786,2025-04-09T11:00:00+05:30,3241.75,3254.2,3240.0,3251.15,86733
2787,2025-04-09T11:15:00+05:30,3250.6,3251.95,3246.05,3250.0,78218
2788,2025-04-09T11:30:00+05:30,3250.0,3251.4,3244.1,3250.05,117340
2789,2025-04-09T11:45:00+05:30,3250.05,3254.15,3248.0,3250.3,55887
2790,2025-04-09T12:00:00+05:30,3250.3,3264.9,3250.0,3264.55,87153
2791,2025-04-09T12:15:00+05:30,3264.55,3269.0,3249.4,3250.0,58797
2792,2025-04-09T12:30:00+05:30,3250.0,3261.5,3247.65,3261.15,126309
2793,2025-04-09T12:45:00+05:30,3261.15,3267.15,3256.9,3261.75,120351
2794,2025-04-09T13:00:00+05:30,3261.6,3270.0,3258.3,3265.7,64860
2795,2025-04-09T13:15:00+05:30,3265.7,3266.45,3260.2,3260.9,49393
2796,2025-04-09T13:30:00+05:30,3260.9,3263.0,3255.75,3258.5,193887
2797,2025-04-09T13:45:00+05:30,3258.5,3259.15,3253.2,3256.15,59518
2798,2025-04-09T14:00:00+05:30,3256.15,3257.7,3248.8,3251.6,84180
2799,2025-04-09T14:15:00+05:30,3251.3,3251.7,3248.0,3250.1,53249
2800,2025-04-09T14:30:00+05:30,3250.1,3253.0,3249.75,3250.05,79309
2801,2025-04-09T14:45:00+05:30,3250.05,3251.3,3246.5,3249.3,127802
2802,2025-04-09T15:00:00+05:30,3249.3,3252.0,3247.0,3251.35,216622
2803,2025-04-09T15:15:00+05:30,3251.35,3254.65,3226.7,3239.0,266660
2804,2025-04-11T09:15:00+05:30,3289.8,3298.95,3210.6,3234.0,1696534
2805,2025-04-11T09:30:00+05:30,3233.45,3268.75,3230.1,3263.0,592932
2806,2025-04-11T09:45:00+05:30,3264.85,3270.5,3252.6,3256.5,524934
2807,2025-04-11T10:00:00+05:30,3256.7,3261.0,3235.1,3241.85,226370
2808,2025-04-11T10:15:00+05:30,3242.35,3258.0,3238.0,3257.25,295255
2809,2025-04-11T10:30:00+05:30,3257.25,3262.6,3235.0,3248.15,259574
2810,2025-04-11T10:45:00+05:30,3248.05,3250.55,3239.0,3250.05,180843
2811,2025-04-11T11:00:00+05:30,3250.05,3267.0,3248.75,3263.0,174106
2812,2025-04-11T11:15:00+05:30,3263.0,3263.5,3251.9,3260.2,126978
2813,2025-04-11T11:30:00+05:30,3260.15,3265.0,3259.85,3265.0,159925
2814,2025-04-11T11:45:00+05:30,3264.4,3264.75,3253.95,3254.45,94738
2815,2025-04-11T12:00:00+05:30,3255.5,3264.0,3254.0,3263.65,70048
2816,2025-04-11T12:15:00+05:30,3263.9,3266.25,3260.0,3264.5,86148
2817,2025-04-11T12:30:00+05:30,3264.9,3265.2,3247.0,3251.05,220535
2818,2025-04-11T12:45:00+05:30,3251.5,3257.85,3246.55,3250.35,98080
2819,2025-04-11T13:00:00+05:30,3250.35,3254.95,3248.0,3250.05,143102
2820,2025-04-11T13:15:00+05:30,3250.05,3250.1,3240.1,3244.55,172985
2821,2025-04-11T13:30:00+05:30,3244.55,3244.6,3230.0,3232.85,223609
2822,2025-04-11T13:45:00+05:30,3232.85,3234.9,3218.35,3223.6,255952
2823,2025-04-11T14:00:00+05:30,3223.55,3223.65,3207.55,3212.85,223577
2824,2025-04-11T14:15:00+05:30,3213.0,3217.0,3206.0,3213.85,167034
2825,2025-04-11T14:30:00+05:30,3214.2,3228.0,3213.1,3227.75,118074
2826,2025-04-11T14:45:00+05:30,3227.75,3228.55,3222.75,3225.45,141998
2827,2025-04-11T15:00:00+05:30,3225.0,3236.7,3220.15,3236.05,375395
2828,2025-04-11T15:15:00+05:30,3236.0,3240.0,3230.75,3238.0,339717
2829,2025-04-15T09:15:00+05:30,3314.4,3314.4,3276.4,3283.7,312901
2830,2025-04-15T09:30:00+05:30,3283.3,3283.9,3268.6,3279.8,122831
2831,2025-04-15T09:45:00+05:30,3279.8,3282.0,3265.1,3266.4,128493
2832,2025-04-15T10:00:00+05:30,3266.4,3270.9,3248.5,3251.6,130039
2833,2025-04-15T10:15:00+05:30,3251.0,3262.0,3249.3,3259.5,113824
2834,2025-04-15T10:30:00+05:30,3259.7,3259.7,3251.0,3255.4,76909
2835,2025-04-15T10:45:00+05:30,3255.4,3262.9,3253.7,3255.6,63732
2836,2025-04-15T11:00:00+05:30,3255.4,3259.9,3251.3,3251.6,47095
2837,2025-04-15T11:15:00+05:30,3251.6,3255.5,3248.0,3254.8,71991
2838,2025-04-15T11:30:00+05:30,3254.8,3255.0,3243.0,3243.4,85301
2839,2025-04-15T11:45:00+05:30,3243.4,3246.6,3238.6,3241.4,96247
2840,2025-04-15T12:00:00+05:30,3241.5,3259.3,3241.2,3253.7,108068
2841,2025-04-15T12:15:00+05:30,3253.7,3259.9,3252.5,3259.2,105865
2842,2025-04-15T12:30:00+05:30,3259.2,3264.2,3255.7,3259.3,105711
2843,2025-04-15T12:45:00+05:30,3260.4,3263.4,3255.0,3259.1,82891
2844,2025-04-15T13:00:00+05:30,3259.1,3260.4,3254.9,3256.1,67120
2845,2025-04-15T13:15:00+05:30,3256.1,3256.1,3251.4,3254.9,55512
2846,2025-04-15T13:30:00+05:30,3254.9,3254.9,3247.9,3252.1,177782
2847,2025-04-15T13:45:00+05:30,3252.1,3253.9,3246.9,3247.1,88420
2848,2025-04-15T14:00:00+05:30,3247.3,3250.3,3242.3,3246.8,128033
2849,2025-04-15T14:15:00+05:30,3246.5,3255.8,3246.2,3252.0,123823
2850,2025-04-15T14:30:00+05:30,3252.3,3252.3,3248.0,3250.7,107705
2851,2025-04-15T14:45:00+05:30,3251.1,3251.2,3241.5,3243.7,207431
2852,2025-04-15T15:00:00+05:30,3243.7,3250.5,3243.6,3248.0,392569
2853,2025-04-15T15:15:00+05:30,3248.0,3255.1,3247.0,3255.0,417480
2854,2025-04-16T09:15:00+05:30,3248.9,3269.0,3229.0,3264.0,187705
2855,2025-04-16T09:30:00+05:30,3264.2,3271.9,3255.1,3257.4,202497
2856,2025-04-16T09:45:00+05:30,3256.6,3257.8,3243.0,3245.8,83806
2857,2025-04-16T10:00:00+05:30,3246.0,3249.9,3243.6,3245.4,50034
2858,2025-04-16T10:15:00+05:30,3245.4,3246.2,3240.0,3242.0,66578
2859,2025-04-16T10:30:00+05:30,3241.5,3246.8,3237.0,3246.0,71312
2860,2025-04-16T10:45:00+05:30,3246.0,3251.9,3244.2,3245.0,49042
2861,2025-04-16T11:00:00+05:30,3245.0,3251.3,3240.7,3248.3,87918
2862,2025-04-16T11:15:00+05:30,3248.2,3253.1,3247.4,3250.7,48800
2863,2025-04-16T11:30:00+05:30,3251.1,3257.0,3250.7,3256.6,84466
2864,2025-04-16T11:45:00+05:30,3256.8,3261.0,3255.0,3255.6,44303
2865,2025-04-16T12:00:00+05:30,3255.6,3263.5,3255.0,3262.5,51841
2866,2025-04-16T12:15:00+05:30,3262.4,3269.6,3260.0,3267.0,107130
2867,2025-04-16T12:30:00+05:30,3266.9,3270.3,3264.4,3266.4,79302
2868,2025-04-16T12:45:00+05:30,3266.4,3268.7,3261.8,3265.5,86901
2869,2025-04-16T13:00:00+05:30,3265.5,3265.9,3258.8,3265.3,86831
2870,2025-04-16T13:15:00+05:30,3265.3,3266.0,3255.7,3261.0,125837
2871,2025-04-16T13:30:00+05:30,3261.0,3262.0,3256.4,3258.2,69413
2872,2025-04-16T13:45:00+05:30,3258.0,3265.0,3255.9,3263.6,116591
2873,2025-04-16T14:00:00+05:30,3263.7,3274.1,3263.5,3274.1,96427
2874,2025-04-16T14:15:00+05:30,3274.0,3278.0,3268.9,3275.4,77157
2875,2025-04-16T14:30:00+05:30,3275.4,3276.6,3270.0,3271.5,84321
2876,2025-04-16T14:45:00+05:30,3271.5,3273.0,3267.7,3269.3,65200
2877,2025-04-16T15:00:00+05:30,3269.2,3276.0,3268.6,3271.2,150771
2878,2025-04-16T15:15:00+05:30,3271.2,3278.1,3270.2,3274.0,195460
2879,2025-04-17T09:15:00+05:30,3248.0,3253.8,3218.1,3226.1,316488
2880,2025-04-17T09:30:00+05:30,3226.4,3233.4,3218.0,3230.4,173581
2881,2025-04-17T09:45:00+05:30,3230.1,3241.9,3228.0,3235.2,125293
2882,2025-04-17T10:00:00+05:30,3235.2,3236.0,3225.1,3230.7,98994
2883,2025-04-17T10:15:00+05:30,3230.7,3234.9,3226.1,3230.9,66796
2884,2025-04-17T10:30:00+05:30,3230.8,3240.0,3230.8,3235.8,49535
2885,2025-04-17T10:45:00+05:30,3235.8,3242.2,3234.1,3235.1,50183
2886,2025-04-17T11:00:00+05:30,3235.0,3241.8,3232.9,3239.9,75496
2887,2025-04-17T11:15:00+05:30,3240.0,3253.0,3239.8,3251.3,113845
2888,2025-04-17T11:30:00+05:30,3251.3,3261.0,3250.1,3259.1,104616
2889,2025-04-17T11:45:00+05:30,3259.2,3262.3,3249.1,3256.9,112781
2890,2025-04-17T12:00:00+05:30,3256.9,3260.0,3253.0,3257.1,66528
2891,2025-04-17T12:15:00+05:30,3257.1,3269.5,3256.7,3268.3,92176
2892,2025-04-17T12:30:00+05:30,3268.3,3273.3,3264.1,3272.5,139456
2893,2025-04-17T12:45:00+05:30,3272.2,3282.2,3265.1,3268.0,127932
2894,2025-04-17T13:00:00+05:30,3268.6,3278.6,3268.0,3276.4,69824
2895,2025-04-17T13:15:00+05:30,3276.1,3278.0,3272.8,3277.1,89829
2896,2025-04-17T13:30:00+05:30,3277.1,3292.2,3273.9,3291.1,170289
2897,2025-04-17T13:45:00+05:30,3291.7,3297.0,3287.0,3295.3,98817
2898,2025-04-17T14:00:00+05:30,3295.3,3303.6,3294.2,3296.0,108652
2899,2025-04-17T14:15:00+05:30,3295.5,3296.4,3284.0,3291.0,115354
2900,2025-04-17T14:30:00+05:30,3290.8,3296.0,3289.0,3295.2,86305
2901,2025-04-17T14:45:00+05:30,3295.2,3299.0,3290.3,3299.0,81829
2902,2025-04-17T15:00:00+05:30,3299.0,3303.4,3295.1,3301.6,206879
2903,2025-04-17T15:15:00+05:30,3301.6,3301.6,3294.0,3297.4,162637
2904,2025-04-21T09:15:00+05:30,3290.2,3313.7,3284.1,3299.0,166951
2905,2025-04-21T09:30:00+05:30,3299.1,3319.9,3288.4,3317.0,106114
2906,2025-04-21T09:45:00+05:30,3317.0,3318.0,3297.4,3310.9,89235
2907,2025-04-21T10:00:00+05:30,3310.9,3315.0,3307.0,3314.2,49494
2908,2025-04-21T10:15:00+05:30,3314.2,3317.5,3304.0,3309.0,53364
2909,2025-04-21T10:30:00+05:30,3309.2,3319.0,3307.5,3314.9,96654
2910,2025-04-21T10:45:00+05:30,3315.1,3325.0,3315.1,3318.4,107730
2911,2025-04-21T11:00:00+05:30,3319.1,3321.6,3311.0,3320.2,126792
2912,2025-04-21T11:15:00+05:30,3320.1,3325.0,3314.5,3322.5,107623
2913,2025-04-21T11:30:00+05:30,3322.5,3325.0,3319.0,3321.2,67825
2914,2025-04-21T11:45:00+05:30,3322.2,3329.6,3319.9,3328.4,88606
2915,2025-04-21T12:00:00+05:30,3328.2,3344.0,3326.3,3339.2,92869
2916,2025-04-21T12:15:00+05:30,3339.0,3349.9,3338.1,3342.1,112247
2917,2025-04-21T12:30:00+05:30,3342.1,3354.0,3341.1,3348.0,140976
2918,2025-04-21T12:45:00+05:30,3348.1,3351.2,3343.9,3349.0,117719
2919,2025-04-21T13:00:00+05:30,3349.0,3352.1,3344.8,3349.1,161555
2920,2025-04-21T13:15:00+05:30,3349.1,3349.1,3327.0,3327.9,116761
2921,2025-04-21T13:30:00+05:30,3327.9,3330.0,3322.8,3324.7,140990
2922,2025-04-21T13:45:00+05:30,3324.7,3334.8,3322.6,3333.0,61428
2923,2025-04-21T14:00:00+05:30,3333.0,3334.3,3326.4,3330.5,76516
2924,2025-04-21T14:15:00+05:30,3331.0,3333.3,3326.0,3326.0,36247
2925,2025-04-21T14:30:00+05:30,3327.0,3329.6,3325.0,3326.9,46853
2926,2025-04-21T14:45:00+05:30,3326.8,3331.0,3325.0,3325.5,45866
2927,2025-04-21T15:00:00+05:30,3326.3,3328.5,3317.2,3318.0,111135
2928,2025-04-21T15:15:00+05:30,3318.0,3324.9,3315.0,3319.0,93125
2929,2025-04-22T09:15:00+05:30,3324.0,3325.0,3295.0,3307.4,141717
2930,2025-04-22T09:30:00+05:30,3308.1,3327.0,3307.1,3316.4,120464
2931,2025-04-22T09:45:00+05:30,3317.0,3317.8,3304.5,3308.1,80434
2932,2025-04-22T10:00:00+05:30,3308.1,3313.0,3305.8,3310.5,34137
2933,2025-04-22T10:15:00+05:30,3310.0,3310.3,3303.0,3303.2,39428
2934,2025-04-22T10:30:00+05:30,3303.1,3313.6,3302.0,3313.2,52494
2935,2025-04-22T10:45:00+05:30,3313.2,3322.3,3312.0,3319.9,71927
2936,2025-04-22T11:00:00+05:30,3319.2,3322.0,3316.0,3320.6,145156
2937,2025-04-22T11:15:00+05:30,3320.5,3333.9,3317.0,3331.8,79202
2938,2025-04-22T11:30:00+05:30,3331.8,3331.8,3322.2,3328.3,44391
2939,2025-04-22T11:45:00+05:30,3328.3,3332.3,3323.0,3330.4,80764
2940,2025-04-22T12:00:00+05:30,3330.2,3331.5,3322.1,3325.2,57671
2941,2025-04-22T12:15:00+05:30,3325.2,3328.0,3319.3,3323.7,98367
2942,2025-04-22T12:30:00+05:30,3322.8,3329.7,3320.7,3327.5,72976
2943,2025-04-22T12:45:00+05:30,3327.3,3329.9,3323.4,3324.1,48685
2944,2025-04-22T13:00:00+05:30,3324.1,3324.1,3310.6,3315.4,103968
2945,2025-04-22T13:15:00+05:30,3314.6,3320.6,3312.7,3316.1,122665
2946,2025-04-22T13:30:00+05:30,3315.7,3317.0,3310.0,3311.2,114004
2947,2025-04-22T13:45:00+05:30,3311.3,3316.8,3305.2,3312.0,243104
2948,2025-04-22T14:00:00+05:30,3312.7,3314.9,3303.6,3309.5,161309
2949,2025-04-22T14:15:00+05:30,3309.5,3318.2,3305.5,3308.8,179675
2950,2025-04-22T14:30:00+05:30,3308.2,3315.0,3306.0,3314.2,143470
2951,2025-04-22T14:45:00+05:30,3314.2,3316.9,3310.1,3314.7,92703
2952,2025-04-22T15:00:00+05:30,3314.7,3317.2,3310.1,3310.6,157998
2953,2025-04-22T15:15:00+05:30,3310.6,3319.9,3309.5,3312.5,213168
2954,2025-04-23T09:15:00+05:30,3366.0,3398.0,3337.3,3384.4,436297
2955,2025-04-23T09:30:00+05:30,3384.7,3393.0,3379.8,3393.0,229377
2956,2025-04-23T09:45:00+05:30,3392.6,3394.8,3382.1,3392.7,91202
2957,2025-04-23T10:00:00+05:30,3392.5,3398.0,3375.9,3377.9,127040
2958,2025-04-23T10:15:00+05:30,3378.0,3392.8,3376.6,3389.3,140368
2959,2025-04-23T10:30:00+05:30,3390.2,3394.1,3377.1,3379.6,105317
2960,2025-04-23T10:45:00+05:30,3379.6,3381.4,3371.1,3378.0,79428
2961,2025-04-23T11:00:00+05:30,3378.0,3397.8,3377.1,3397.8,94548
2962,2025-04-23T11:15:00+05:30,3397.9,3403.7,3390.0,3403.3,130310
2963,2025-04-23T11:30:00+05:30,3403.3,3414.0,3396.1,3411.5,173633
2964,2025-04-23T11:45:00+05:30,3411.5,3420.0,3404.2,3406.6,126003
2965,2025-04-23T12:00:00+05:30,3406.6,3414.9,3405.0,3411.6,102964
2966,2025-04-23T12:15:00+05:30,3411.6,3418.0,3409.0,3413.9,63932
2967,2025-04-23T12:30:00+05:30,3413.9,3420.9,3408.5,3410.1,76503
2968,2025-04-23T12:45:00+05:30,3410.1,3413.0,3404.6,3412.3,62444
2969,2025-04-23T13:00:00+05:30,3412.1,3415.0,3409.0,3412.3,49813
2970,2025-04-23T13:15:00+05:30,3412.2,3412.9,3406.0,3409.3,64915
2971,2025-04-23T13:30:00+05:30,3409.3,3410.6,3402.5,3405.3,87363
2972,2025-04-23T13:45:00+05:30,3405.3,3411.3,3401.8,3409.4,109160
2973,2025-04-23T14:00:00+05:30,3409.4,3419.0,3408.2,3416.6,91130
2974,2025-04-23T14:15:00+05:30,3416.9,3417.1,3413.0,3415.8,93743
2975,2025-04-23T14:30:00+05:30,3415.8,3416.6,3413.0,3415.0,151802
2976,2025-04-23T14:45:00+05:30,3415.0,3419.7,3413.7,3418.2,120439
2977,2025-04-23T15:00:00+05:30,3418.0,3420.3,3407.6,3411.8,358720
2978,2025-04-23T15:15:00+05:30,3411.7,3413.0,3405.0,3405.0,350822
2979,2025-04-24T09:15:00+05:30,3401.1,3410.9,3389.1,3398.3,299029
2980,2025-04-24T09:30:00+05:30,3398.0,3412.5,3395.8,3399.0,97732
2981,2025-04-24T09:45:00+05:30,3399.0,3399.8,3395.0,3397.7,120334
2982,2025-04-24T10:00:00+05:30,3397.7,3397.8,3391.3,3394.3,143590
2983,2025-04-24T10:15:00+05:30,3394.3,3397.5,3392.0,3394.5,51192
2984,2025-04-24T10:30:00+05:30,3394.5,3395.9,3392.5,3394.1,66799
2985,2025-04-24T10:45:00+05:30,3394.1,3404.0,3394.0,3402.0,65507
2986,2025-04-24T11:00:00+05:30,3401.9,3410.0,3398.0,3408.5,53645
2987,2025-04-24T11:15:00+05:30,3407.7,3409.5,3400.0,3400.3,59880
2988,2025-04-24T11:30:00+05:30,3400.3,3404.7,3398.1,3403.6,51471
2989,2025-04-24T11:45:00+05:30,3403.5,3404.8,3395.0,3399.1,38730
2990,2025-04-24T12:00:00+05:30,3398.2,3401.2,3396.6,3397.5,32921
2991,2025-04-24T12:15:00+05:30,3397.5,3398.1,3387.7,3388.8,60242
2992,2025-04-24T12:30:00+05:30,3388.8,3398.5,3388.1,3397.9,46605
2993,2025-04-24T12:45:00+05:30,3397.9,3401.8,3396.6,3398.5,207553
2994,2025-04-24T13:00:00+05:30,3399.5,3402.6,3397.0,3400.5,38648
2995,2025-04-24T13:15:00+05:30,3400.1,3402.9,3399.0,3400.6,35807
2996,2025-04-24T13:30:00+05:30,3400.6,3401.0,3395.6,3400.0,46963
2997,2025-04-24T13:45:00+05:30,3400.0,3400.2,3393.3,3394.7,59362
2998,2025-04-24T14:00:00+05:30,3394.7,3398.3,3391.0,3392.0,69885
2999,2025-04-24T14:15:00+05:30,3392.0,3396.9,3390.2,3394.2,68765
3000,2025-04-24T14:30:00+05:30,3394.0,3395.7,3393.0,3394.9,37919
3001,2025-04-24T14:45:00+05:30,3394.3,3395.8,3391.0,3393.0,56264
3002,2025-04-24T15:00:00+05:30,3393.1,3409.0,3390.1,3404.9,258097
3003,2025-04-24T15:15:00+05:30,3405.0,3409.8,3400.2,3406.0,164367
3004,2025-04-25T09:15:00+05:30,3418.6,3477.8,3406.3,3455.6,360576
3005,2025-04-25T09:30:00+05:30,3455.9,3463.1,3435.5,3447.8,188270
3006,2025-04-25T09:45:00+05:30,3448.8,3457.3,3424.6,3435.9,133409
3007,2025-04-25T10:00:00+05:30,3435.7,3435.7,3410.1,3430.5,142259
3008,2025-04-25T10:15:00+05:30,3430.5,3438.2,3407.1,3408.5,83924
3009,2025-04-25T10:30:00+05:30,3408.6,3425.4,3407.2,3417.6,78194
3010,2025-04-25T10:45:00+05:30,3417.4,3428.0,3412.0,3415.6,39164
3011,2025-04-25T11:00:00+05:30,3415.6,3421.0,3410.2,3420.5,33319
3012,2025-04-25T11:15:00+05:30,3420.8,3423.8,3405.0,3411.6,40085
3013,2025-04-25T11:30:00+05:30,3411.2,3429.8,3409.5,3422.3,47397
3014,2025-04-25T11:45:00+05:30,3423.7,3429.0,3414.0,3417.9,35934
3015,2025-04-25T12:00:00+05:30,3418.0,3428.0,3415.0,3427.1,31467
3016,2025-04-25T12:15:00+05:30,3426.7,3428.0,3421.2,3422.9,42600
3017,2025-04-25T12:30:00+05:30,3422.5,3427.6,3417.2,3422.6,48556
3018,2025-04-25T12:45:00+05:30,3423.1,3435.0,3417.8,3431.0,45775
3019,2025-04-25T13:00:00+05:30,3431.6,3441.0,3430.9,3434.9,75427
3020,2025-04-25T13:15:00+05:30,3434.1,3446.9,3433.0,3446.7,170288
3021,2025-04-25T13:30:00+05:30,3445.8,3454.8,3445.8,3449.9,78048
3022,2025-04-25T13:45:00+05:30,3449.9,3455.0,3448.5,3453.1,44047
3023,2025-04-25T14:00:00+05:30,3453.8,3455.1,3444.0,3448.7,141096
3024,2025-04-25T14:15:00+05:30,3449.1,3458.8,3448.7,3454.5,58669
3025,2025-04-25T14:30:00+05:30,3454.5,3456.0,3446.9,3448.2,91447
3026,2025-04-25T14:45:00+05:30,3448.3,3456.5,3442.9,3451.3,112709
3027,2025-04-25T15:00:00+05:30,3450.9,3456.0,3448.3,3451.9,260169
3028,2025-04-25T15:15:00+05:30,3451.8,3452.0,3418.1,3434.0,346573
3029,2025-04-28T09:15:00+05:30,3434.0,3455.7,3412.0,3413.0,161880
3030,2025-04-28T09:30:00+05:30,3413.1,3433.6,3405.0,3422.3,80511
3031,2025-04-28T09:45:00+05:30,3422.3,3435.0,3422.3,3432.0,32613
3032,2025-04-28T10:00:00+05:30,3432.7,3439.0,3429.0,3438.5,32550
3033,2025-04-28T10:15:00+05:30,3438.5,3438.8,3421.7,3429.1,33421
3034,2025-04-28T10:30:00+05:30,3429.8,3431.7,3420.1,3421.3,24967
3035,2025-04-28T10:45:00+05:30,3421.7,3436.2,3420.9,3432.2,34415
3036,2025-04-28T11:00:00+05:30,3432.2,3433.2,3425.3,3431.4,117649
3037,2025-04-28T11:15:00+05:30,3431.6,3442.5,3425.5,3442.5,60587
3038,2025-04-28T11:30:00+05:30,3442.6,3448.0,3440.2,3441.8,43640
3039,2025-04-28T11:45:00+05:30,3442.0,3442.0,3434.0,3436.7,25770
3040,2025-04-28T12:00:00+05:30,3436.7,3444.9,3436.5,3442.2,44162
3041,2025-04-28T12:15:00+05:30,3442.2,3449.5,3440.5,3442.4,63961
3042,2025-04-28T12:30:00+05:30,3443.0,3447.0,3436.2,3441.0,45288
3043,2025-04-28T12:45:00+05:30,3441.3,3444.0,3436.2,3443.7,39315
3044,2025-04-28T13:00:00+05:30,3443.7,3443.7,3435.0,3436.3,55036
3045,2025-04-28T13:15:00+05:30,3436.0,3441.9,3434.3,3440.4,79001
3046,2025-04-28T13:30:00+05:30,3440.5,3446.8,3438.0,3445.4,47814
3047,2025-04-28T13:45:00+05:30,3445.5,3457.8,3444.7,3451.0,91092
3048,2025-04-28T14:00:00+05:30,3451.0,3451.3,3446.1,3449.9,52371
3049,2025-04-28T14:15:00+05:30,3450.0,3450.4,3436.5,3438.6,56303
3050,2025-04-28T14:30:00+05:30,3439.3,3443.9,3438.0,3440.6,53842
3051,2025-04-28T14:45:00+05:30,3439.5,3446.3,3438.2,3444.9,53321
3052,2025-04-28T15:00:00+05:30,3445.0,3449.9,3441.1,3441.9,141994
3053,2025-04-28T15:15:00+05:30,3441.9,3445.8,3440.0,3441.0,98476
3054,2025-04-29T09:15:00+05:30,3450.3,3463.0,3443.1,3446.1,75753
3055,2025-04-29T09:30:00+05:30,3446.9,3453.0,3430.4,3433.6,61904
3056,2025-04-29T09:45:00+05:30,3433.9,3445.0,3432.0,3444.1,31191
3057,2025-04-29T10:00:00+05:30,3444.1,3450.0,3435.0,3442.3,29921
3058,2025-04-29T10:15:00+05:30,3442.0,3443.1,3433.1,3434.4,18948
3059,2025-04-29T10:30:00+05:30,3435.0,3440.4,3433.1,3439.9,18829
3060,2025-04-29T10:45:00+05:30,3440.5,3446.5,3437.4,3445.0,18154
3061,2025-04-29T11:00:00+05:30,3446.0,3461.0,3444.0,3459.6,42105
3062,2025-04-29T11:15:00+05:30,3459.6,3461.0,3455.0,3456.0,30553
3063,2025-04-29T11:30:00+05:30,3456.0,3458.9,3451.3,3455.3,41232
3064,2025-04-29T11:45:00+05:30,3455.5,3456.9,3447.4,3456.1,63243
3065,2025-04-29T12:00:00+05:30,3456.1,3456.6,3450.3,3454.5,32969
3066,2025-04-29T12:15:00+05:30,3454.7,3458.7,3453.5,3458.7,31157
3067,2025-04-29T12:30:00+05:30,3458.7,3478.0,3458.0,3476.0,102236
3068,2025-04-29T12:45:00+05:30,3475.4,3487.0,3475.1,3483.8,65434
3069,2025-04-29T13:00:00+05:30,3482.5,3493.8,3479.0,3493.4,60388
3070,2025-04-29T13:15:00+05:30,3493.5,3494.0,3487.1,3491.0,94190
3071,2025-04-29T13:30:00+05:30,3491.0,3493.0,3488.0,3490.7,47588
3072,2025-04-29T13:45:00+05:30,3490.7,3495.0,3483.9,3486.0,70569
3073,2025-04-29T14:00:00+05:30,3486.0,3493.0,3484.6,3490.0,43028
3074,2025-04-29T14:15:00+05:30,3489.1,3491.4,3483.3,3483.7,63411
3075,2025-04-29T14:30:00+05:30,3483.7,3485.8,3472.2,3484.6,73965
3076,2025-04-29T14:45:00+05:30,3484.5,3484.5,3475.0,3481.1,93391
3077,2025-04-29T15:00:00+05:30,3480.0,3482.8,3470.1,3470.3,195652
3078,2025-04-29T15:15:00+05:30,3470.1,3476.5,3458.1,3473.0,168045
3079,2025-04-30T09:15:00+05:30,3472.0,3509.9,3460.0,3489.2,197204
3080,2025-04-30T09:30:00+05:30,3488.5,3498.0,3478.4,3481.8,52612
3081,2025-04-30T09:45:00+05:30,3481.8,3492.8,3481.3,3484.4,34809
3082,2025-04-30T10:00:00+05:30,3484.9,3497.9,3483.1,3487.1,30939
3083,2025-04-30T10:15:00+05:30,3487.9,3492.0,3483.0,3486.5,22987
3084,2025-04-30T10:30:00+05:30,3486.2,3494.4,3476.6,3485.4,74583
3085,2025-04-30T10:45:00+05:30,3485.2,3490.3,3475.4,3478.4,65922
3086,2025-04-30T11:00:00+05:30,3479.9,3481.1,3471.7,3471.9,23759
3087,2025-04-30T11:15:00+05:30,3471.9,3483.2,3471.9,3474.3,21440
3088,2025-04-30T11:30:00+05:30,3474.1,3475.0,3464.0,3465.0,25822
3089,2025-04-30T11:45:00+05:30,3465.0,3480.0,3463.0,3477.7,35850
3090,2025-04-30T12:00:00+05:30,3478.0,3478.0,3470.2,3470.2,8921
3091,2025-04-30T12:15:00+05:30,3471.2,3472.1,3460.6,3461.7,21166
3092,2025-04-30T12:30:00+05:30,3461.6,3465.4,3460.0,3464.0,22092
3093,2025-04-30T12:45:00+05:30,3464.3,3465.1,3455.0,3455.8,35460
3094,2025-04-30T13:00:00+05:30,3455.8,3458.4,3452.1,3457.3,31844
3095,2025-04-30T13:15:00+05:30,3457.3,3469.9,3455.0,3468.7,46179
3096,2025-04-30T13:30:00+05:30,3468.7,3475.0,3468.5,3471.8,49324
3097,2025-04-30T13:45:00+05:30,3471.8,3474.1,3467.6,3470.3,50738
3098,2025-04-30T14:00:00+05:30,3469.7,3473.8,3469.1,3473.1,78464
3099,2025-04-30T14:15:00+05:30,3473.0,3475.0,3469.9,3470.6,62338
3100,2025-04-30T14:30:00+05:30,3470.6,3470.6,3461.1,3465.1,141902
3101,2025-04-30T14:45:00+05:30,3465.0,3476.7,3464.1,3475.7,145914
3102,2025-04-30T15:00:00+05:30,3475.0,3483.6,3448.3,3449.0,601158
3103,2025-04-30T15:15:00+05:30,3449.4,3455.8,3366.0,3431.8,915480
3104,2025-05-02T09:15:00+05:30,3472.0,3473.0,3432.8,3461.7,292374
3105,2025-05-02T09:30:00+05:30,3461.7,3479.0,3461.6,3470.0,111870
3106,2025-05-02T09:45:00+05:30,3469.6,3486.0,3467.5,3481.8,79388
3107,2025-05-02T10:00:00+05:30,3481.4,3491.5,3481.0,3481.0,79637
3108,2025-05-02T10:15:00+05:30,3481.3,3481.4,3466.8,3466.8,64169
3109,2025-05-02T10:30:00+05:30,3466.8,3468.0,3455.2,3461.9,71969
3110,2025-05-02T10:45:00+05:30,3462.0,3463.5,3455.2,3457.2,71200
3111,2025-05-02T11:00:00+05:30,3457.1,3463.5,3455.3,3457.9,56445
3112,2025-05-02T11:15:00+05:30,3457.7,3465.7,3457.6,3462.3,61181
3113,2025-05-02T11:30:00+05:30,3462.2,3462.2,3448.0,3452.0,79123
3114,2025-05-02T11:45:00+05:30,3452.2,3454.8,3443.0,3445.5,49823
3115,2025-05-02T12:00:00+05:30,3445.5,3445.8,3435.0,3436.0,43804
3116,2025-05-02T12:15:00+05:30,3436.0,3436.2,3420.0,3422.5,71862
3117,2025-05-02T12:30:00+05:30,3422.8,3431.5,3421.6,3430.0,84444
3118,2025-05-02T12:45:00+05:30,3430.0,3435.8,3428.0,3429.5,82655
3119,2025-05-02T13:00:00+05:30,3429.7,3435.0,3425.2,3432.9,47057
3120,2025-05-02T13:15:00+05:30,3433.0,3446.7,3432.1,3445.6,67128
3121,2025-05-02T13:30:00+05:30,3445.3,3449.4,3441.9,3447.3,61186
3122,2025-05-02T13:45:00+05:30,3447.0,3448.0,3438.0,3439.1,53637
3123,2025-05-02T14:00:00+05:30,3438.2,3443.9,3435.7,3438.1,60281
3124,2025-05-02T14:15:00+05:30,3438.1,3441.7,3427.9,3429.9,67530
3125,2025-05-02T14:30:00+05:30,3429.9,3436.0,3425.0,3433.9,70896
3126,2025-05-02T14:45:00+05:30,3433.6,3444.8,3430.9,3440.6,62426
3127,2025-05-02T15:00:00+05:30,3441.3,3452.3,3440.7,3448.1,157412
3128,2025-05-02T15:15:00+05:30,3448.3,3448.3,3435.8,3438.0,141929
3129,2025-05-05T09:15:00+05:30,3454.0,3489.6,3446.4,3485.6,98731
3130,2025-05-05T09:30:00+05:30,3485.4,3494.7,3481.4,3484.8,47709
3131,2025-05-05T09:45:00+05:30,3483.8,3504.5,3479.6,3497.6,80338
3132,2025-05-05T10:00:00+05:30,3497.6,3498.4,3480.0,3485.5,62640
3133,2025-05-05T10:15:00+05:30,3485.5,3487.4,3473.3,3473.8,43627
3134,2025-05-05T10:30:00+05:30,3474.9,3481.7,3472.9,3479.9,19089
3135,2025-05-05T10:45:00+05:30,3479.8,3482.7,3473.9,3477.9,45310
3136,2025-05-05T11:00:00+05:30,3477.5,3481.6,3474.0,3478.5,81045
3137,2025-05-05T11:15:00+05:30,3478.5,3479.4,3466.0,3467.8,48125
3138,2025-05-05T11:30:00+05:30,3467.6,3470.1,3457.0,3458.2,70545
3139,2025-05-05T11:45:00+05:30,3458.2,3460.0,3455.0,3458.1,58574
3140,2025-05-05T12:00:00+05:30,3457.9,3460.0,3452.0,3452.5,46214
3141,2025-05-05T12:15:00+05:30,3452.5,3460.0,3449.3,3460.0,36044
3142,2025-05-05T12:30:00+05:30,3459.8,3460.5,3458.6,3459.5,37229
3143,2025-05-05T12:45:00+05:30,3459.0,3460.7,3456.9,3458.9,51426
3144,2025-05-05T13:00:00+05:30,3458.4,3460.1,3455.5,3460.0,74660
3145,2025-05-05T13:15:00+05:30,3459.7,3460.0,3457.1,3457.8,26185
3146,2025-05-05T13:30:00+05:30,3457.8,3460.0,3453.7,3454.4,26533
3147,2025-05-05T13:45:00+05:30,3454.4,3458.5,3454.0,3455.8,23525
3148,2025-05-05T14:00:00+05:30,3455.0,3459.0,3453.3,3454.1,21885
3149,2025-05-05T14:15:00+05:30,3454.1,3455.8,3451.5,3455.2,22184
3150,2025-05-05T14:30:00+05:30,3455.2,3457.1,3452.1,3454.0,39170
3151,2025-05-05T14:45:00+05:30,3453.9,3457.0,3452.3,3456.4,40772
3152,2025-05-05T15:00:00+05:30,3456.4,3457.1,3451.1,3451.3,84424
3153,2025-05-05T15:15:00+05:30,3451.6,3457.6,3451.2,3454.6,90387
3154,2025-05-06T09:15:00+05:30,3458.5,3468.0,3437.0,3439.5,78092
3155,2025-05-06T09:30:00+05:30,3440.8,3454.0,3439.0,3449.9,25051
3156,2025-05-06T09:45:00+05:30,3449.6,3450.2,3440.0,3441.3,21909
3157,2025-05-06T10:00:00+05:30,3441.8,3454.9,3441.1,3449.0,30319
3158,2025-05-06T10:15:00+05:30,3449.5,3456.9,3447.2,3447.9,40111
3159,2025-05-06T10:30:00+05:30,3447.9,3454.9,3445.0,3449.6,37499
3160,2025-05-06T10:45:00+05:30,3450.0,3453.0,3447.7,3452.4,34761
3161,2025-05-06T11:00:00+05:30,3452.4,3454.0,3450.7,3454.0,15425
3162,2025-05-06T11:15:00+05:30,3453.9,3456.9,3448.7,3456.9,25713
3163,2025-05-06T11:30:00+05:30,3456.8,3463.9,3451.1,3455.5,47908
3164,2025-05-06T11:45:00+05:30,3455.5,3458.2,3451.2,3457.4,26655
3165,2025-05-06T12:00:00+05:30,3457.4,3462.6,3448.0,3453.8,30061
3166,2025-05-06T12:15:00+05:30,3453.8,3455.0,3445.0,3447.0,29053
3167,2025-05-06T12:30:00+05:30,3446.2,3461.0,3445.5,3461.0,42307
3168,2025-05-06T12:45:00+05:30,3460.3,3462.8,3457.2,3461.7,33602
3169,2025-05-06T13:00:00+05:30,3461.7,3466.6,3457.1,3459.1,83338
3170,2025-05-06T13:15:00+05:30,3458.8,3472.0,3455.9,3469.6,74283
3171,2025-05-06T13:30:00+05:30,3469.5,3473.0,3462.9,3465.2,43643
3172,2025-05-06T13:45:00+05:30,3465.2,3468.4,3461.5,3466.9,40617
3173,2025-05-06T14:00:00+05:30,3466.9,3469.6,3462.5,3466.1,45265
3174,2025-05-06T14:15:00+05:30,3466.0,3466.4,3459.1,3460.6,47689
3175,2025-05-06T14:30:00+05:30,3460.4,3464.5,3456.6,3458.5,58487
3176,2025-05-06T14:45:00+05:30,3458.3,3463.4,3454.4,3459.9,74909
3177,2025-05-06T15:00:00+05:30,3460.1,3464.9,3459.6,3459.7,146592
3178,2025-05-06T15:15:00+05:30,3459.7,3461.2,3450.0,3451.6,186958
3179,2025-05-07T09:15:00+05:30,3425.0,3444.1,3420.6,3440.4,140118
3180,2025-05-07T09:30:00+05:30,3440.8,3449.0,3440.1,3442.0,51789
3181,2025-05-07T09:45:00+05:30,3442.2,3442.2,3430.2,3432.5,53446
3182,2025-05-07T10:00:00+05:30,3432.5,3435.0,3426.1,3429.4,41186
3183,2025-05-07T10:15:00+05:30,3429.0,3443.6,3427.7,3435.6,44636
3184,2025-05-07T10:30:00+05:30,3435.6,3439.7,3428.1,3431.3,54448
3185,2025-05-07T10:45:00+05:30,3431.3,3435.4,3429.6,3430.0,32840
3186,2025-05-07T11:00:00+05:30,3430.1,3436.8,3430.0,3436.3,26308
3187,2025-05-07T11:15:00+05:30,3436.3,3446.7,3433.3,3446.2,49810
3188,2025-05-07T11:30:00+05:30,3446.1,3452.9,3445.1,3445.7,45136
3189,2025-05-07T11:45:00+05:30,3445.5,3445.7,3437.1,3439.5,31973
3190,2025-05-07T12:00:00+05:30,3439.5,3443.3,3436.8,3438.6,27710
3191,2025-05-07T12:15:00+05:30,3438.6,3444.0,3435.8,3443.0,38732
3192,2025-05-07T12:30:00+05:30,3443.0,3449.9,3442.8,3444.6,55945
3193,2025-05-07T12:45:00+05:30,3444.5,3446.6,3440.5,3444.0,30232
3194,2025-05-07T13:00:00+05:30,3444.3,3444.3,3437.1,3440.6,30936
3195,2025-05-07T13:15:00+05:30,3440.5,3444.0,3438.7,3440.0,33809
3196,2025-05-07T13:30:00+05:30,3440.8,3443.0,3438.5,3441.3,28992
3197,2025-05-07T13:45:00+05:30,3441.3,3450.0,3441.1,3450.0,43231
3198,2025-05-07T14:00:00+05:30,3450.0,3458.7,3447.5,3457.5,64520
3199,2025-05-07T14:15:00+05:30,3457.3,3459.5,3445.5,3448.2,47648
3200,2025-05-07T14:30:00+05:30,3448.2,3454.2,3447.4,3452.0,64162
3201,2025-05-07T14:45:00+05:30,3452.0,3452.5,3445.0,3445.0,81848
3202,2025-05-07T15:00:00+05:30,3445.2,3450.0,3440.1,3442.4,166179
3203,2025-05-07T15:15:00+05:30,3442.4,3448.0,3440.8,3448.0,172604
3204,2025-05-08T09:15:00+05:30,3450.0,3470.0,3432.8,3460.0,244192
3205,2025-05-08T09:30:00+05:30,3460.0,3477.0,3456.4,3470.3,106224
3206,2025-05-08T09:45:00+05:30,3470.3,3470.4,3461.2,3469.2,66661
3207,2025-05-08T10:00:00+05:30,3469.2,3470.0,3456.2,3457.8,52414
3208,2025-05-08T10:15:00+05:30,3457.8,3459.5,3449.1,3449.7,60428
3209,2025-05-08T10:30:00+05:30,3449.7,3451.7,3442.3,3448.9,72521
3210,2025-05-08T10:45:00+05:30,3448.8,3454.5,3448.8,3453.0,33266
3211,2025-05-08T11:00:00+05:30,3451.9,3454.3,3446.6,3446.8,33624
3212,2025-05-08T11:15:00+05:30,3447.2,3448.0,3441.8,3447.5,65552
3213,2025-05-08T11:30:00+05:30,3447.1,3450.0,3445.0,3448.9,38577
3214,2025-05-08T11:45:00+05:30,3448.8,3453.9,3442.2,3442.2,64390
3215,2025-05-08T12:00:00+05:30,3442.2,3453.0,3441.0,3451.9,62919
3216,2025-05-08T12:15:00+05:30,3453.0,3453.0,3449.6,3451.5,47643
3217,2025-05-08T12:30:00+05:30,3451.4,3454.4,3450.1,3451.8,101302
3218,2025-05-08T12:45:00+05:30,3451.6,3453.0,3434.4,3444.2,127981
3219,2025-05-08T13:00:00+05:30,3444.4,3446.0,3439.5,3443.5,77689
3220,2025-05-08T13:15:00+05:30,3443.8,3452.6,3442.1,3451.6,67216
3221,2025-05-08T13:30:00+05:30,3451.7,3455.0,3446.3,3452.1,67116
3222,2025-05-08T13:45:00+05:30,3453.0,3458.0,3451.0,3453.3,77451
3223,2025-05-08T14:00:00+05:30,3453.3,3455.0,3448.6,3449.6,70857
3224,2025-05-08T14:15:00+05:30,3449.9,3460.0,3449.3,3458.0,73324
3225,2025-05-08T14:30:00+05:30,3458.0,3459.7,3452.1,3456.0,65686
3226,2025-05-08T14:45:00+05:30,3456.1,3458.3,3448.2,3448.4,184097
3227,2025-05-08T15:00:00+05:30,3448.5,3458.6,3443.3,3453.5,356470
3228,2025-05-08T15:15:00+05:30,3453.7,3454.8,3428.7,3434.2,315441
3229,2025-05-09T09:15:00+05:30,3399.0,3429.9,3399.0,3412.2,168409
3230,2025-05-09T09:30:00+05:30,3412.0,3423.2,3409.1,3419.1,81464
3231,2025-05-09T09:45:00+05:30,3419.1,3423.5,3405.1,3405.4,61460
3232,2025-05-09T10:00:00+05:30,3405.8,3414.6,3398.1,3414.6,68376
3233,2025-05-09T10:15:00+05:30,3414.1,3427.1,3414.1,3415.6,73635
3234,2025-05-09T10:30:00+05:30,3415.9,3422.0,3414.0,3416.2,86276
3235,2025-05-09T10:45:00+05:30,3416.2,3421.8,3411.0,3420.1,82309
3236,2025-05-09T11:00:00+05:30,3420.3,3423.4,3418.4,3423.0,49317
3237,2025-05-09T11:15:00+05:30,3422.7,3428.0,3418.1,3427.4,34623
3238,2025-05-09T11:30:00+05:30,3427.6,3434.0,3425.1,3429.6,77912
3239,2025-05-09T11:45:00+05:30,3429.8,3431.5,3421.1,3424.1,73927
3240,2025-05-09T12:00:00+05:30,3424.0,3424.1,3416.0,3420.9,74749
3241,2025-05-09T12:15:00+05:30,3420.9,3422.3,3419.5,3421.6,49699
3242,2025-05-09T12:30:00+05:30,3421.5,3424.8,3420.0,3424.1,79882
3243,2025-05-09T12:45:00+05:30,3424.0,3433.0,3422.3,3432.3,53063
3244,2025-05-09T13:00:00+05:30,3432.2,3433.5,3428.0,3429.5,70966
3245,2025-05-09T13:15:00+05:30,3429.5,3431.9,3420.0,3420.9,127274
3246,2025-05-09T13:30:00+05:30,3420.8,3426.3,3420.8,3425.3,80705
3247,2025-05-09T13:45:00+05:30,3425.3,3433.0,3425.2,3429.1,72913
3248,2025-05-09T14:00:00+05:30,3429.1,3436.9,3429.0,3433.2,83762
3249,2025-05-09T14:15:00+05:30,3433.2,3436.4,3428.0,3430.0,87149
3250,2025-05-09T14:30:00+05:30,3430.0,3438.2,3430.0,3435.4,73034
3251,2025-05-09T14:45:00+05:30,3435.0,3443.3,3435.0,3440.5,97116
3252,2025-05-09T15:00:00+05:30,3440.3,3446.2,3433.8,3440.6,375427
3253,2025-05-09T15:15:00+05:30,3440.3,3445.0,3434.1,3439.9,322162
3254,2025-05-12T09:15:00+05:30,3502.2,3528.3,3502.2,3510.5,125010
3255,2025-05-12T09:30:00+05:30,3511.8,3525.0,3504.9,3517.2,82092
3256,2025-05-12T09:45:00+05:30,3517.2,3551.0,3517.2,3549.9,182297
3257,2025-05-12T10:00:00+05:30,3549.8,3553.0,3533.3,3536.8,60035
3258,2025-05-12T10:15:00+05:30,3536.6,3547.4,3536.1,3536.5,47098
3259,2025-05-12T10:30:00+05:30,3536.5,3540.3,3526.0,3527.7,48342
3260,2025-05-12T10:45:00+05:30,3528.0,3529.8,3522.8,3527.3,33810
3261,2025-05-12T11:00:00+05:30,3526.4,3530.5,3524.5,3527.7,19311
3262,2025-05-12T11:15:00+05:30,3528.6,3536.5,3524.4,3535.0,39361
3263,2025-05-12T11:30:00+05:30,3535.2,3547.0,3533.2,3545.8,37471
3264,2025-05-12T11:45:00+05:30,3545.8,3546.9,3541.1,3545.2,25981
3265,2025-05-12T12:00:00+05:30,3545.4,3551.0,3541.9,3550.9,44477
3266,2025-05-12T12:15:00+05:30,3550.9,3551.0,3541.9,3546.5,38912
3267,2025-05-12T12:30:00+05:30,3547.9,3577.0,3547.6,3575.4,135114
3268,2025-05-12T12:45:00+05:30,3575.8,3602.4,3574.5,3599.0,134841
3269,2025-05-12T13:00:00+05:30,3599.0,3608.0,3591.9,3602.1,102545
3270,2025-05-12T13:15:00+05:30,3603.3,3608.0,3598.1,3598.2,78136
3271,2025-05-12T13:30:00+05:30,3598.6,3604.6,3598.5,3602.7,40166
3272,2025-05-12T13:45:00+05:30,3602.7,3605.2,3596.6,3600.3,71014
3273,2025-05-12T14:00:00+05:30,3600.3,3609.9,3598.6,3609.8,54486
3274,2025-05-12T14:15:00+05:30,3609.9,3612.9,3599.0,3605.2,115353
3275,2025-05-12T14:30:00+05:30,3605.0,3607.0,3598.8,3600.7,141605
3276,2025-05-12T14:45:00+05:30,3600.7,3618.0,3600.7,3616.9,94403
3277,2025-05-12T15:00:00+05:30,3617.0,3623.0,3615.1,3620.7,221045
3278,2025-05-12T15:15:00+05:30,3620.7,3630.5,3615.0,3626.5,238067
3279,2025-05-13T09:15:00+05:30,3620.4,3623.0,3575.0,3582.9,224813
3280,2025-05-13T09:30:00+05:30,3582.9,3585.0,3562.0,3570.0,138628
3281,2025-05-13T09:45:00+05:30,3570.6,3575.8,3560.1,3571.7,66860
3282,2025-05-13T10:00:00+05:30,3570.4,3588.8,3568.1,3585.5,58853
3283,2025-05-13T10:15:00+05:30,3584.1,3587.0,3556.0,3556.0,71408
3284,2025-05-13T10:30:00+05:30,3556.0,3572.4,3555.0,3568.3,69407
3285,2025-05-13T10:45:00+05:30,3568.2,3577.0,3565.0,3576.4,64493
3286,2025-05-13T11:00:00+05:30,3576.7,3587.9,3565.6,3571.2,78499
3287,2025-05-13T11:15:00+05:30,3571.2,3579.0,3569.6,3575.5,63364
3288,2025-05-13T11:30:00+05:30,3574.9,3576.4,3560.0,3560.6,101682
3289,2025-05-13T11:45:00+05:30,3560.0,3566.0,3557.2,3560.1,46139
3290,2025-05-13T12:00:00+05:30,3560.0,3565.0,3554.9,3561.9,73327
3291,2025-05-13T12:15:00+05:30,3562.1,3565.0,3550.9,3554.3,77799
3292,2025-05-13T12:30:00+05:30,3554.4,3556.9,3542.7,3544.6,130569
3293,2025-05-13T12:45:00+05:30,3544.6,3546.6,3532.1,3533.0,103932
3294,2025-05-13T13:00:00+05:30,3533.0,3537.4,3528.3,3532.6,92756
3295,2025-05-13T13:15:00+05:30,3532.6,3534.8,3521.5,3522.9,118206
3296,2025-05-13T13:30:00+05:30,3522.0,3524.6,3512.2,3515.3,115829
3297,2025-05-13T13:45:00+05:30,3515.3,3531.0,3512.2,3521.6,231138
3298,2025-05-13T14:00:00+05:30,3521.1,3527.6,3510.7,3515.0,158322
3299,2025-05-13T14:15:00+05:30,3515.0,3516.0,3510.5,3513.3,122157
3300,2025-05-13T14:30:00+05:30,3513.0,3519.5,3510.9,3515.4,115606
3301,2025-05-13T14:45:00+05:30,3516.4,3520.5,3512.0,3518.6,199587
3302,2025-05-13T15:00:00+05:30,3518.6,3520.0,3512.9,3514.3,242382
3303,2025-05-13T15:15:00+05:30,3514.3,3518.0,3510.9,3518.0,283364
3304,2025-05-14T09:15:00+05:30,3521.0,3536.6,3508.6,3530.2,219149
3305,2025-05-14T09:30:00+05:30,3530.3,3541.4,3521.3,3538.0,82850
3306,2025-05-14T09:45:00+05:30,3537.5,3545.0,3535.8,3538.2,73808
3307,2025-05-14T10:00:00+05:30,3538.3,3550.0,3536.0,3546.3,76471
3308,2025-05-14T10:15:00+05:30,3546.5,3549.3,3536.4,3537.9,53777
3309,2025-05-14T10:30:00+05:30,3537.9,3550.1,3536.1,3549.0,52038
3310,2025-05-14T10:45:00+05:30,3549.0,3550.0,3545.2,3546.5,38113
3311,2025-05-14T11:00:00+05:30,3546.5,3549.0,3539.8,3542.2,46057
3312,2025-05-14T11:15:00+05:30,3542.2,3547.5,3540.0,3546.3,31306
3313,2025-05-14T11:30:00+05:30,3546.3,3548.5,3540.0,3540.2,38224
3314,2025-05-14T11:45:00+05:30,3540.9,3542.6,3532.1,3541.7,92222
3315,2025-05-14T12:00:00+05:30,3541.9,3545.4,3540.0,3542.9,30420
3316,2025-05-14T12:15:00+05:30,3542.9,3544.5,3540.3,3542.2,31685
3317,2025-05-14T12:30:00+05:30,3542.8,3548.1,3540.5,3544.3,56290
3318,2025-05-14T12:45:00+05:30,3544.8,3545.9,3532.4,3537.2,143542
3319,2025-05-14T13:00:00+05:30,3537.2,3551.4,3536.3,3549.9,68041
3320,2025-05-14T13:15:00+05:30,3550.0,3561.0,3545.8,3554.9,79200
3321,2025-05-14T13:30:00+05:30,3554.9,3555.4,3547.3,3547.9,58640
3322,2025-05-14T13:45:00+05:30,3548.3,3550.0,3542.2,3545.6,66167
3323,2025-05-14T14:00:00+05:30,3545.5,3550.0,3543.0,3549.2,63214
3324,2025-05-14T14:15:00+05:30,3550.0,3557.7,3543.2,3545.0,157444
3325,2025-05-14T14:30:00+05:30,3545.0,3558.2,3541.0,3548.9,107882
3326,2025-05-14T14:45:00+05:30,3548.9,3554.1,3546.1,3548.5,72395
3327,2025-05-14T15:00:00+05:30,3548.5,3551.5,3545.7,3547.0,178341
3328,2025-05-14T15:15:00+05:30,3547.3,3552.5,3544.0,3547.0,179829
